TANGGAL,TAVG,RH_AVG,FF_AVG
01/03/1994,28.4,72,11
02/03/1994,27.7,76,10
03/03/1994,27.7,79,9
04/03/1994,26,90,5
05/03/1994,23.3,96,3
06/03/1994,26.2,88,6
07/03/1994,25.1,92,3
08/03/1994,26.5,84,3
09/03/1994,25,89,1
10/03/1994,25.3,90,2
11/03/1994,26.6,85,4
12/03/1994,26.7,79,4
13/03/1994,26.2,89,2
14/03/1994,27,82,4
15/03/1994,26.2,88,1
16/03/1994,25.6,89,4
17/03/1994,26.6,84,2
18/03/1994,26.1,90,1
19/03/1994,26.9,86,6
20/03/1994,26.8,87,3
21/03/1994,25.5,90,2
22/03/1994,26.1,88,4
23/03/1994,26,85,3
24/03/1994,25.1,94,3
25/03/1994,25.7,89,4
26/03/1994,26.3,88,5
27/03/1994,25.8,88,5
28/03/1994,25.9,90,5
29/03/1994,26.3,89,5
30/03/1994,27.2,85,6
31/03/1994,26.8,83,5
01/04/1994,26.8,84,7
02/04/1994,26.7,83,6
03/04/1994,26.9,83,6
04/04/1994,28.1,79,6
05/04/1994,27.9,82,5
06/04/1994,27.5,83,2
07/04/1994,27.7,82,3
08/04/1994,28.1,79,4
09/04/1994,27.6,78,5
10/04/1994,27.1,84,3
11/04/1994,26.6,84,2
12/04/1994,27.2,86,2
13/04/1994,27.3,85,3
14/04/1994,27.9,78,5
15/04/1994,27.5,79,3
16/04/1994,26.3,88,3
17/04/1994,26.4,87,2
18/04/1994,27.9,81,3
19/04/1994,26,88,2
20/04/1994,25.9,89,2
21/04/1994,26.4,89,1
22/04/1994,26.8,88,1
23/04/1994,26.3,88,2
24/04/1994,26.1,92,2
25/04/1994,26.5,86,2
26/04/1994,26.7,83,2
27/04/1994,27.8,83,3
28/04/1994,26.5,87,2
29/04/1994,26.5,91,2
30/04/1994,27.3,90,2
01/05/1994,28.2,83,4
02/05/1994,27.1,88,3
03/05/1994,26.8,90,3
04/05/1994,27.5,86,3
05/05/1994,25.3,95,2
06/05/1994,26.8,84,4
07/05/1994,26.5,82,3
08/05/1994,27.9,77,5
09/05/1994,26.1,78,4
10/05/1994,27.4,83,2
11/05/1994,27,84,3
12/05/1994,28.2,80,4
13/05/1994,25.6,93,2
14/05/1994,27.5,83,4
15/05/1994,27.5,85,4
16/05/1994,26.9,90,2
17/05/1994,26,94,3
18/05/1994,26.7,89,5
19/05/1994,25.4,92,3
20/05/1994,26.7,87,3
21/05/1994,26,88,1
22/05/1994,25.7,89,2
23/05/1994,27.2,83,4
24/05/1994,26.2,88,5
25/05/1994,26.8,86,4
26/05/1994,24.9,90,2
27/05/1994,27,90,4
28/05/1994,27.1,87,4
29/05/1994,27.2,86,3
30/05/1994,27.6,84,4
31/05/1994,27.4,86,3
01/06/1994,27.2,84,3
02/06/1994,26.4,90,2
03/06/1994,25.1,96,3
04/06/1994,27.1,80,7
05/06/1994,28.1,82,7
06/06/1994,27.7,83,4
07/06/1994,27,82,5
08/06/1994,27.5,84,6
09/06/1994,28.1,81,6
10/06/1994,28.5,81,5
11/06/1994,28.1,83,6
12/06/1994,27.9,85,5
13/06/1994,27.8,87,5
14/06/1994,28.6,79,6
15/06/1994,28.6,82,4
16/06/1994,25.7,90,2
17/06/1994,27,82,6
18/06/1994,24.9,88,4
19/06/1994,25.3,88,4
20/06/1994,26.9,86,4
21/06/1994,24.4,96,3
22/06/1994,26.5,85,6
23/06/1994,25.6,90,3
24/06/1994,26.6,86,6
25/06/1994,25.8,93,2
26/06/1994,26.6,86,4
27/06/1994,27.2,82,4
28/06/1994,26.2,86,5
29/06/1994,27.1,84,5
30/06/1994,23.9,95,4
01/07/1994,26.3,87,3
02/07/1994,26.8,86,6
03/07/1994,23.9,94,3
04/07/1994,26.9,88,3
05/07/1994,26.8,88,6
06/07/1994,27.6,83,4
07/07/1994,27.6,83,6
08/07/1994,27.6,84,7
09/07/1994,27.4,82,5
10/07/1994,25.4,84,5
11/07/1994,26.8,85,6
12/07/1994,27.5,81,4
13/07/1994,27.5,84,6
14/07/1994,27.4,82,6
15/07/1994,28.3,82,8
16/07/1994,28.1,80,8
17/07/1994,27.9,77,9
18/07/1994,28,76,9
19/07/1994,27.7,77,8
20/07/1994,27.6,79,7
21/07/1994,27.6,80,6
22/07/1994,26.8,86,5
23/07/1994,27.7,82,6
24/07/1994,27.1,82,8
25/07/1994,26.6,82,7
26/07/1994,26.8,78,7
27/07/1994,27.9,72,9
28/07/1994,27.2,76,6
29/07/1994,26.5,80,6
30/07/1994,28.1,74,8
31/07/1994,26.9,79,5
01/08/1994,28.1,80,7
02/08/1994,27.9,82,6
03/08/1994,27.7,83,6
04/08/1994,26,85,4
05/08/1994,26.9,85,4
06/08/1994,27.8,81,8
07/08/1994,28.6,77,6
08/08/1994,27.1,85,5
09/08/1994,27.8,84,6
10/08/1994,27.9,78,7
11/08/1994,27.5,79,6
12/08/1994,27.5,81,5
13/08/1994,27.2,82,6
14/08/1994,26.9,82,4
15/08/1994,26.1,85,4
16/08/1994,26,84,7
17/08/1994,27.1,82,8
18/08/1994,27.2,80,7
19/08/1994,26.1,86,6
20/08/1994,26,80,7
21/08/1994,27.2,80,6
22/08/1994,27.5,81,7
23/08/1994,27.4,81,7
24/08/1994,28.2,78,6
25/08/1994,25.7,88,4
26/08/1994,25.9,84,6
27/08/1994,27.4,80,5
28/08/1994,25,92,3
29/08/1994,25.3,90,3
30/08/1994,26.4,86,6
31/08/1994,26.6,82,4
01/09/1994,26.2,88,7
02/09/1994,27.9,74,7
03/09/1994,27.3,76,5
04/09/1994,26.7,82,5
05/09/1994,26.9,84,6
06/09/1994,27.2,82,4
07/09/1994,28,80,8
08/09/1994,26.3,84,5
09/09/1994,27.7,78,7
10/09/1994,27.4,84,6
11/09/1994,27.1,84,6
12/09/1994,27.1,84,5
13/09/1994,26.4,85,5
14/09/1994,27,79,6
15/09/1994,28.2,78,7
16/09/1994,27.3,83,6
17/09/1994,27.5,82,6
18/09/1994,26.7,78,4
19/09/1994,27.5,76,4
20/09/1994,28.1,74,6
21/09/1994,27.4,81,6
22/09/1994,27.8,78,6
23/09/1994,25,90,3
24/09/1994,26.1,87,3
25/09/1994,26.9,83,4
26/09/1994,26.8,85,4
27/09/1994,26.2,86,4
28/09/1994,25.6,90,2
29/09/1994,26.8,84,4
30/09/1994,26.6,82,3
01/10/1994,27.3,82,4
02/10/1994,27.2,84,2
03/10/1994,26.1,86,5
04/10/1994,25.3,90,4
05/10/1994,24.8,92,5
06/10/1994,26.8,80,3
07/10/1994,27.4,80,4
08/10/1994,27.3,80,4
09/10/1994,27.6,80,7
10/10/1994,26.2,87,2
11/10/1994,26.7,82,5
12/10/1994,25.9,91,3
13/10/1994,24.5,94,3
14/10/1994,26.4,85,3
15/10/1994,27,78,5
16/10/1994,27,77,4
17/10/1994,25.8,85,3
18/10/1994,26.9,79,3
19/10/1994,27.2,80,5
20/10/1994,27.5,78,4
21/10/1994,26.7,85,3
22/10/1994,27,83,3
23/10/1994,24.8,96,2
24/10/1994,26.3,85,3
25/10/1994,27.3,82,2
26/10/1994,25.6,84,2
27/10/1994,26.4,85,5
28/10/1994,26.5,85,2
29/10/1994,26.7,84,3
30/10/1994,26.7,84,3
31/10/1994,27.1,80,5
01/11/1994,24.8,91,2
02/11/1994,25.1,95,3
03/11/1994,25.9,89,3
04/11/1994,26.8,81,5
05/11/1994,25.2,94,1
06/11/1994,26.4,85,3
07/11/1994,25.1,91,3
08/11/1994,25.8,91,4
09/11/1994,25.9,90,4
10/11/1994,25.5,92,3
11/11/1994,27,84,5
12/11/1994,25.3,89,3
13/11/1994,26.8,84,6
14/11/1994,27.4,81,7
15/11/1994,27.1,85,5
16/11/1994,25,93,3
17/11/1994,25.4,89,3
18/11/1994,25.6,90,3
19/11/1994,26.2,88,2
20/11/1994,26.7,88,5
21/11/1994,27.4,81,6
22/11/1994,25.1,95,3
23/11/1994,26,89,4
24/11/1994,26.9,86,4
25/11/1994,27.5,85,5
26/11/1994,27.2,87,5
27/11/1994,27,88,3
28/11/1994,27.1,85,4
29/11/1994,27.1,83,4
30/11/1994,27.3,82,5
01/12/1994,25.1,94,4
02/12/1994,26.2,85,5
03/12/1994,25.8,86,4
04/12/1994,26.6,85,4
05/12/1994,26.1,82,4
06/12/1994,26.3,83,6
07/12/1994,27.4,74,7
08/12/1994,27.3,83,5
09/12/1994,26.8,86,2
10/12/1994,27.1,86,3
11/12/1994,26.7,83,4
12/12/1994,27.5,75,4
13/12/1994,27.6,76,8
14/12/1994,26.6,78,6
15/12/1994,26.3,87,5
16/12/1994,27.2,82,5
17/12/1994,24.5,94,3
18/12/1994,25.3,92,4
19/12/1994,24.3,97,4
20/12/1994,26.1,82,7
21/12/1994,26.6,80,6
22/12/1994,26.6,83,8
23/12/1994,26.9,79,6
24/12/1994,26.8,77,6
25/12/1994,26.9,81,6
26/12/1994,27.5,77,5
27/12/1994,27,83,7
28/12/1994,28.2,79,8
29/12/1994,26.7,83,8
30/12/1994,27,80,7
31/12/1994,26.9,82,8
01/01/1995,27.9,78,7
02/01/1995,26.5,83,7
03/01/1995,27.5,81,7
04/01/1995,27.1,85,5
05/01/1995,27.6,82,8
06/01/1995,26.4,85,8
07/01/1995,25.9,86,4
08/01/1995,26.5,86,6
09/01/1995,27.1,84,7
10/01/1995,26.7,84,4
11/01/1995,25.9,90,3
12/01/1995,26.8,83,5
13/01/1995,27.1,80,6
14/01/1995,26.9,74,8
15/01/1995,27.2,76,7
16/01/1995,27.6,77,7
17/01/1995,27.7,76,7
18/01/1995,26.3,86,4
19/01/1995,23.4,98,3
20/01/1995,25.2,89,7
21/01/1995,26.3,85,5
22/01/1995,26,84,4
23/01/1995,26,84,3
24/01/1995,26.8,80,4
25/01/1995,26.9,84,4
26/01/1995,26.9,84,5
27/01/1995,25.9,86,6
28/01/1995,26.8,80,7
29/01/1995,26.9,78,8
30/01/1995,27.4,80,9
31/01/1995,27,85,8
01/02/1995,26.5,86,11
02/02/1995,27.1,78,10
03/02/1995,25.2,94,6
04/02/1995,24.3,97,4
05/02/1995,23.4,96,3
06/02/1995,24.2,97,4
07/02/1995,26.1,79,7
08/02/1995,26.4,78,6
09/02/1995,26.6,80,7
10/02/1995,26.3,84,9
11/02/1995,26.9,81,7
12/02/1995,26.7,83,5
13/02/1995,24.7,88,4
14/02/1995,26.3,86,6
15/02/1995,26.5,84,5
16/02/1995,27.3,82,7
17/02/1995,26.4,86,4
18/02/1995,26.7,84,5
19/02/1995,27.1,80,5
20/02/1995,26.1,86,4
21/02/1995,25.9,89,3
22/02/1995,26.3,88,6
23/02/1995,26.3,84,6
24/02/1995,27.3,83,7
25/02/1995,24.3,92,2
26/02/1995,26,86,5
27/02/1995,26.5,86,5
28/02/1995,26.8,83,6
01/03/1995,26.1,87,5
02/03/1995,25.1,94,2
03/03/1995,26.2,88,3
04/03/1995,26.3,86,4
05/03/1995,27,78,6
06/03/1995,26.7,82,6
07/03/1995,26.9,82,7
08/03/1995,27.2,78,7
09/03/1995,26.8,80,7
10/03/1995,26.2,81,5
11/03/1995,27.7,76,7
12/03/1995,26.4,88,4
13/03/1995,27.2,78,7
14/03/1995,27.7,73,8
15/03/1995,27.7,74,6
16/03/1995,28.1,77,7
17/03/1995,27.5,82,6
18/03/1995,27.3,82,4
19/03/1995,27,80,6
20/03/1995,27.6,81,6
21/03/1995,27.5,83,4
22/03/1995,26.5,88,5
23/03/1995,26.7,80,3
24/03/1995,27.4,81,4
25/03/1995,27,87,3
26/03/1995,26.6,86,3
27/03/1995,25.9,92,2
28/03/1995,27,82,3
29/03/1995,26.9,87,2
30/03/1995,27,84,3
31/03/1995,27,85,3
01/04/1995,27.7,82,3
02/04/1995,27.6,82,5
03/04/1995,28,82,7
04/04/1995,25.1,91,4
05/04/1995,27.5,83,7
06/04/1995,27.2,80,3
07/04/1995,26.7,84,3
08/04/1995,26.8,80,5
09/04/1995,27.9,80,7
10/04/1995,27.2,86,3
11/04/1995,26.7,86,3
12/04/1995,26.1,90,1
13/04/1995,27.6,82,3
14/04/1995,26,92,3
15/04/1995,27.3,86,2
16/04/1995,26.1,90,2
17/04/1995,27.2,88,3
18/04/1995,27.9,81,4
19/04/1995,27.3,84,4
20/04/1995,27.6,83,3
21/04/1995,26.6,88,4
22/04/1995,27.3,82,3
23/04/1995,27.7,82,2
24/04/1995,26.1,87,2
25/04/1995,26.9,90,3
26/04/1995,25.8,95,4
27/04/1995,26.4,91,1
28/04/1995,25.6,90,2
29/04/1995,27.3,86,3
30/04/1995,27.3,89,2
01/05/1995,25.9,94,1
02/05/1995,27.7,84,3
03/05/1995,25.8,94,2
04/05/1995,26.2,90,2
05/05/1995,27,84,5
06/05/1995,27.9,84,3
07/05/1995,26.8,89,2
08/05/1995,27.5,90,2
09/05/1995,25.7,92,2
10/05/1995,27.1,85,4
11/05/1995,25.9,89,0
12/05/1995,27.8,84,4
13/05/1995,28.3,83,5
14/05/1995,28.7,79,6
15/05/1995,28.9,81,4
16/05/1995,28.7,82,3
17/05/1995,28.4,86,3
18/05/1995,27.8,86,3
19/05/1995,27.8,82,4
20/05/1995,26.8,88,3
21/05/1995,26.3,91,3
22/05/1995,27.1,84,4
23/05/1995,26.9,86,5
24/05/1995,27.8,79,5
25/05/1995,26.7,87,4
26/05/1995,28.2,81,4
27/05/1995,27.6,84,5
28/05/1995,26.6,92,3
29/05/1995,27.5,85,3
30/05/1995,27.4,83,3
31/05/1995,26.5,88,3
01/06/1995,28.1,82,4
02/06/1995,28.4,80,5
03/06/1995,28.3,84,5
04/06/1995,26.7,91,3
05/06/1995,28.1,84,2
06/06/1995,28.4,79,4
07/06/1995,28.3,84,4
08/06/1995,28.2,82,5
09/06/1995,29.4,77,4
10/06/1995,27.6,86,3
11/06/1995,27.5,83,4
12/06/1995,27.7,84,3
13/06/1995,29,81,4
14/06/1995,28.3,84,2
15/06/1995,27.5,84,4
16/06/1995,28.7,83,2
17/06/1995,28.1,84,3
18/06/1995,26.6,80,2
19/06/1995,26.5,89,3
20/06/1995,25.8,93,2
21/06/1995,26.2,88,2
22/06/1995,27.3,85,3
23/06/1995,27,82,3
24/06/1995,27.5,86,2
25/06/1995,26.2,94,2
26/06/1995,26.5,88,2
27/06/1995,27,88,2
28/06/1995,25.4,93,2
29/06/1995,27.7,82,5
30/06/1995,27.4,85,4
01/07/1995,26.9,88,3
02/07/1995,24.8,95,2
03/07/1995,26.5,86,4
04/07/1995,25.7,93,2
05/07/1995,25.5,86,3
06/07/1995,27.5,82,3
07/07/1995,28.1,79,3
08/07/1995,29,80,5
09/07/1995,26,90,4
10/07/1995,27.8,83,3
11/07/1995,28.6,82,3
12/07/1995,28.2,80,4
13/07/1995,27.3,86,4
14/07/1995,27.9,80,5
15/07/1995,27,83,4
16/07/1995,26.5,89,2
17/07/1995,27,85,4
18/07/1995,25.3,93,3
19/07/1995,25.7,86,5
20/07/1995,26.6,83,5
21/07/1995,27.3,80,4
22/07/1995,26.7,85,3
23/07/1995,26.8,84,5
24/07/1995,25.1,93,4
25/07/1995,27,79,5
26/07/1995,26.2,88,3
27/07/1995,24.2,98,3
28/07/1995,26.2,88,4
29/07/1995,26.7,85,6
30/07/1995,27.5,78,7
31/07/1995,27.1,79,4
01/08/1995,26.4,88,5
02/08/1995,25.1,88,2
03/08/1995,26.5,86,3
04/08/1995,26.7,87,3
05/08/1995,26.5,86,4
06/08/1995,26.9,86,5
07/08/1995,25.1,94,4
08/08/1995,25.3,92,3
09/08/1995,25.7,87,2
10/08/1995,25.3,91,4
11/08/1995,24.7,92,3
12/08/1995,25.7,90,2
13/08/1995,25.6,91,5
14/08/1995,25.3,93,3
15/08/1995,25.2,88,4
16/08/1995,24.3,95,3
17/08/1995,26,88,5
18/08/1995,26.9,84,5
19/08/1995,27.1,86,5
20/08/1995,25.5,96,3
21/08/1995,26.7,87,4
22/08/1995,26.6,88,4
23/08/1995,27.5,82,7
24/08/1995,28,80,5
25/08/1995,25.9,95,3
26/08/1995,25.4,89,5
27/08/1995,26.7,84,6
28/08/1995,27.6,81,6
29/08/1995,27,84,5
30/08/1995,27.6,86,5
31/08/1995,27.8,82,4
01/09/1995,25,94,4
02/09/1995,26.8,84,3
03/09/1995,28.1,85,4
04/09/1995,27.5,86,5
05/09/1995,27.5,84,6
06/09/1995,25.1,90,3
07/09/1995,27.1,83,5
08/09/1995,25.3,90,0
09/09/1995,27,87,5
10/09/1995,27.3,81,6
11/09/1995,27.2,84,5
12/09/1995,27.5,82,5
13/09/1995,28.1,79,5
14/09/1995,26.5,87,4
15/09/1995,26.3,85,5
16/09/1995,28.2,75,7
17/09/1995,27.4,81,5
18/09/1995,26.3,85,5
19/09/1995,27.9,80,6
20/09/1995,27.3,88,3
21/09/1995,27.4,84,4
22/09/1995,28.3,76,4
23/09/1995,27.9,79,3
24/09/1995,26.1,90,2
25/09/1995,26.6,84,2
26/09/1995,27.4,80,4
27/09/1995,26.2,87,3
28/09/1995,27.1,79,3
29/09/1995,28.2,74,5
30/09/1995,27.2,82,4
01/10/1995,28.7,75,5
02/10/1995,26.3,91,2
03/10/1995,25.1,93,4
04/10/1995,26.7,86,3
05/10/1995,26,89,3
06/10/1995,27,80,5
07/10/1995,27.3,82,4
08/10/1995,25.8,92,4
09/10/1995,27.7,80,2
10/10/1995,27.7,82,2
11/10/1995,25.6,84,5
12/10/1995,26.2,84,4
13/10/1995,27.6,81,3
14/10/1995,26.5,92,3
15/10/1995,26.4,87,2
16/10/1995,27.5,78,4
17/10/1995,27.8,83,3
18/10/1995,28,82,4
19/10/1995,27.4,84,2
20/10/1995,28.3,73,5
21/10/1995,26.1,86,3
22/10/1995,27.3,84,3
23/10/1995,26.9,86,5
24/10/1995,27.5,80,5
25/10/1995,27.5,80,4
26/10/1995,27.8,81,4
27/10/1995,26.4,91,2
28/10/1995,26.5,80,4
29/10/1995,26,95,2
30/10/1995,26.7,90,3
31/10/1995,27.7,84,4
01/11/1995,28,79,5
02/11/1995,26.2,90,3
03/11/1995,28.1,83,3
04/11/1995,26.4,82,3
05/11/1995,26.5,88,3
06/11/1995,24.5,96,2
07/11/1995,27,86,2
08/11/1995,26.2,90,2
09/11/1995,25.3,93,1
10/11/1995,27.5,79,3
11/11/1995,25.5,93,2
12/11/1995,26.3,90,0
13/11/1995,25.7,93,1
14/11/1995,26.9,86,3
15/11/1995,26.8,86,4
16/11/1995,25.8,90,2
17/11/1995,25.6,93,2
18/11/1995,26.8,88,2
19/11/1995,26.2,83,2
20/11/1995,27.4,82,3
21/11/1995,26.4,86,2
22/11/1995,24.5,92,0
23/11/1995,26.9,85,3
24/11/1995,26.5,78,6
25/11/1995,26.3,84,4
26/11/1995,27.4,80,3
27/11/1995,25.6,88,2
28/11/1995,28.3,72,4
29/11/1995,26.1,84,4
30/11/1995,27,83,3
01/12/1995,28,73,5
02/12/1995,26.9,84,5
03/12/1995,27.6,77,6
04/12/1995,24.1,91,6
05/12/1995,24.9,86,5
06/12/1995,25.6,81,5
07/12/1995,26.4,77,6
08/12/1995,26.6,80,4
09/12/1995,25.1,88,4
10/12/1995,26.6,80,7
11/12/1995,27.1,75,6
12/12/1995,26.8,78,6
13/12/1995,26.8,80,4
14/12/1995,27.2,80,6
15/12/1995,25.7,82,3
16/12/1995,25.6,87,4
17/12/1995,26.6,83,6
18/12/1995,27.2,80,5
19/12/1995,26.2,87,3
20/12/1995,26.6,85,3
21/12/1995,25.8,88,4
22/12/1995,25.5,90,4
23/12/1995,25.1,85,6
24/12/1995,24.8,90,4
25/12/1995,25.8,87,5
26/12/1995,25.5,86,4
27/12/1995,25.2,90,5
28/12/1995,24.6,94,4
29/12/1995,25,91,6
30/12/1995,26.8,75,8
31/12/1995,26.3,72,9
01/01/1996,26.2,70,7
02/01/1996,25.9,69,6
03/01/1996,25.8,63,7
04/01/1996,25.6,72,7
05/01/1996,25.3,81,5
06/01/1996,26.2,79,7
07/01/1996,26.1,79,6
08/01/1996,26.3,81,7
09/01/1996,25.6,88,5
10/01/1996,25.7,88,5
11/01/1996,24.5,94,3
12/01/1996,26.2,84,7
13/01/1996,26.5,82,6
14/01/1996,26,82,5
15/01/1996,26.2,77,5
16/01/1996,26.1,76,6
17/01/1996,26.2,72,6
18/01/1996,25.3,78,5
19/01/1996,25.7,81,5
20/01/1996,25.6,85,4
21/01/1996,25.9,86,4
22/01/1996,26.6,82,4
23/01/1996,26.3,84,6
24/01/1996,25,90,5
25/01/1996,26.4,84,4
26/01/1996,26.9,85,5
27/01/1996,25.9,85,5
28/01/1996,25.6,87,4
29/01/1996,24.6,92,4
30/01/1996,24.3,94,4
31/01/1996,26,83,4
01/02/1996,24.3,96,3
02/02/1996,24.2,94,5
03/02/1996,25.1,89,6
04/02/1996,26.2,82,6
05/02/1996,26.3,81,7
06/02/1996,26.7,78,9
07/02/1996,26.5,76,8
08/02/1996,26.2,79,7
09/02/1996,25.9,82,8
10/02/1996,26,76,7
11/02/1996,25.6,82,5
12/02/1996,24.4,94,4
13/02/1996,26.5,82,7
14/02/1996,25.6,86,5
15/02/1996,27,80,5
16/02/1996,26.7,82,7
17/02/1996,26.7,82,8
18/02/1996,25.4,85,8
19/02/1996,26.2,86,8
20/02/1996,27.4,75,5
21/02/1996,27.1,73,6
22/02/1996,27.1,76,10
23/02/1996,26.5,79,10
24/02/1996,26.8,78,9
25/02/1996,26.3,76,7
26/02/1996,26.5,76,8
27/02/1996,26.5,74,9
28/02/1996,26.5,71,9
29/02/1996,25.7,76,8
01/03/1996,25.3,79,6
02/03/1996,26.4,76,8
03/03/1996,26.5,74,8
04/03/1996,26.3,70,8
05/03/1996,26.3,73,7
06/03/1996,26.1,78,7
07/03/1996,26.1,80,7
08/03/1996,26.5,78,8
09/03/1996,26.8,78,6
10/03/1996,26.9,77,8
11/03/1996,27.3,78,7
12/03/1996,27,77,8
13/03/1996,26.8,76,6
14/03/1996,27,80,6
15/03/1996,27.4,80,7
16/03/1996,27.5,79,7
17/03/1996,26.7,83,3
18/03/1996,27.8,79,4
19/03/1996,27.7,80,4
20/03/1996,27.4,83,3
21/03/1996,27.4,82,3
22/03/1996,27.6,81,4
23/03/1996,27.5,83,4
24/03/1996,27.8,80,6
25/03/1996,27.6,84,7
26/03/1996,28.4,78,7
27/03/1996,27.4,87,5
28/03/1996,27,86,5
29/03/1996,26.7,86,3
30/03/1996,28.2,81,4
31/03/1996,26.2,90,2
01/04/1996,26.3,87,4
02/04/1996,27.5,79,3
03/04/1996,27.7,83,5
04/04/1996,27.3,79,4
05/04/1996,26.6,86,3
06/04/1996,27.4,81,3
07/04/1996,28,81,4
08/04/1996,26.4,87,1
09/04/1996,27.4,82,2
10/04/1996,28.3,76,3
11/04/1996,28.2,74,4
12/04/1996,27.4,86,4
13/04/1996,28.9,74,6
14/04/1996,28.1,76,4
15/04/1996,27.3,84,4
16/04/1996,26.8,86,2
17/04/1996,26.8,88,3
18/04/1996,27.3,83,2
19/04/1996,26.5,90,3
20/04/1996,28.1,80,4
21/04/1996,25.9,92,1
22/04/1996,26.3,88,2
23/04/1996,25.9,94,0
24/04/1996,26.4,84,3
25/04/1996,26.9,86,3
26/04/1996,27.3,86,3
27/04/1996,26.6,89,1
28/04/1996,25.8,92,1
29/04/1996,25.3,92,3
30/04/1996,27.3,83,4
01/05/1996,26.1,91,3
02/05/1996,26.6,94,2
03/05/1996,27.7,86,3
04/05/1996,27.5,86,3
05/05/1996,28.5,82,4
06/05/1996,27.5,86,4
07/05/1996,27.1,86,2
08/05/1996,26.4,93,3
09/05/1996,26.4,93,2
10/05/1996,27.1,88,2
11/05/1996,27.7,85,2
12/05/1996,27.5,80,6
13/05/1996,26.3,92,3
14/05/1996,26.9,90,3
15/05/1996,27.2,82,3
16/05/1996,27.7,79,4
17/05/1996,28.6,79,4
18/05/1996,28.4,81,4
19/05/1996,28.9,78,5
20/05/1996,28.2,85,5
21/05/1996,27.1,92,3
22/05/1996,25.4,95,2
23/05/1996,27.2,88,3
24/05/1996,26.1,91,2
25/05/1996,26.9,86,3
26/05/1996,27.6,86,3
27/05/1996,27.2,90,3
28/05/1996,26.5,90,2
29/05/1996,26.9,87,2
30/05/1996,26.7,92,3
31/05/1996,27.6,86,3
01/06/1996,28.5,82,2
02/06/1996,26.6,90,2
03/06/1996,26.9,88,2
04/06/1996,27.8,85,2
05/06/1996,25.9,93,2
06/06/1996,26.8,90,3
07/06/1996,26.8,88,1
08/06/1996,26.5,92,3
09/06/1996,26.7,86,3
10/06/1996,26.3,91,3
11/06/1996,26.9,84,3
12/06/1996,27.2,87,3
13/06/1996,27.1,89,3
14/06/1996,25.2,89,3
15/06/1996,27.1,88,3
16/06/1996,26.4,92,4
17/06/1996,24.8,97,3
18/06/1996,28.1,79,4
19/06/1996,27.1,86,4
20/06/1996,27.5,83,5
21/06/1996,28.5,82,5
22/06/1996,28.5,84,5
23/06/1996,28.5,82,4
24/06/1996,26.4,90,4
25/06/1996,25.1,90,3
26/06/1996,27.1,85,3
27/06/1996,28.3,82,3
28/06/1996,27.2,86,3
29/06/1996,27.4,80,3
30/06/1996,26.7,88,2
01/07/1996,26.4,84,2
02/07/1996,26.6,89,3
03/07/1996,26,90,3
04/07/1996,25.1,92,2
05/07/1996,26.1,88,3
06/07/1996,25.2,93,2
07/07/1996,25.7,89,3
08/07/1996,26.2,86,6
09/07/1996,25.1,91,3
10/07/1996,26.8,85,4
11/07/1996,26.6,88,2
12/07/1996,27.4,84,3
13/07/1996,26.2,92,2
14/07/1996,27.2,84,2
15/07/1996,26.8,83,4
16/07/1996,26.9,84,3
17/07/1996,27.3,84,4
18/07/1996,28,87,5
19/07/1996,27.9,84,5
20/07/1996,28.2,81,5
21/07/1996,28.9,80,6
22/07/1996,28.5,80,5
23/07/1996,28.7,75,6
24/07/1996,28,81,5
25/07/1996,28.6,80,4
26/07/1996,26.4,89,3
27/07/1996,27.5,84,5
28/07/1996,28,82,5
29/07/1996,29,80,5
30/07/1996,28.6,83,5
31/07/1996,27.7,85,4
01/08/1996,28.5,82,4
02/08/1996,27.9,83,4
03/08/1996,26.2,80,4
04/08/1996,27.8,83,4
05/08/1996,28.7,79,6
06/08/1996,28.8,79,4
07/08/1996,26.5,90,3
08/08/1996,25.7,91,3
09/08/1996,25.8,90,4
10/08/1996,25.7,91,2
11/08/1996,24.9,94,2
12/08/1996,25,93,2
13/08/1996,26.4,88,3
14/08/1996,26.5,85,3
15/08/1996,25.5,89,2
16/08/1996,25.4,91,2
17/08/1996,24.2,94,1
18/08/1996,24.9,90,2
19/08/1996,26.2,86,4
20/08/1996,27,80,3
21/08/1996,25,94,1
22/08/1996,26.4,86,4
23/08/1996,25.7,90,3
24/08/1996,26,85,2
25/08/1996,26.8,83,3
26/08/1996,25.5,93,2
27/08/1996,26.7,84,3
28/08/1996,26.3,85,3
29/08/1996,25.1,93,1
30/08/1996,26.8,87,1
31/08/1996,24.4,96,2
01/09/1996,24.9,93,2
02/09/1996,23.6,95,3
03/09/1996,25.3,92,3
04/09/1996,26,86,3
05/09/1996,24.9,87,5
06/09/1996,25.4,90,3
07/09/1996,25.6,92,3
08/09/1996,25.9,85,1
09/09/1996,26.4,87,3
10/09/1996,26.1,87,3
11/09/1996,26.9,86,2
12/09/1996,27.6,81,5
13/09/1996,27.6,83,5
14/09/1996,27.4,87,4
15/09/1996,26.4,88,4
16/09/1996,27.4,86,5
17/09/1996,25.8,92,3
18/09/1996,27.5,87,4
19/09/1996,27.1,84,5
20/09/1996,27.9,84,5
21/09/1996,27.9,85,4
22/09/1996,25.7,92,4
23/09/1996,27.4,82,3
24/09/1996,27,87,3
25/09/1996,27.6,82,3
26/09/1996,27.6,78,3
27/09/1996,27.2,85,4
28/09/1996,26.6,86,3
29/09/1996,27.4,83,3
30/09/1996,26.7,90,3
01/10/1996,26.9,88,3
02/10/1996,24.9,94,4
03/10/1996,26.6,81,2
04/10/1996,27.2,81,3
05/10/1996,26.9,87,1
06/10/1996,25.5,93,3
07/10/1996,25.5,92,2
08/10/1996,25.2,92,2
09/10/1996,25,95,2
10/10/1996,25.6,92,1
11/10/1996,26.8,85,3
12/10/1996,26.9,84,3
13/10/1996,27,86,2
14/10/1996,26.9,87,2
15/10/1996,26.9,85,4
16/10/1996,26.5,87,3
17/10/1996,25.7,89,3
18/10/1996,27.5,80,4
19/10/1996,26.1,92,2
20/10/1996,26,91,2
21/10/1996,26.4,88,2
22/10/1996,24.9,92,3
23/10/1996,28,82,3
24/10/1996,27.6,83,4
25/10/1996,27.3,84,4
26/10/1996,26.7,85,3
27/10/1996,25.2,94,2
28/10/1996,27.6,81,6
29/10/1996,27,83,5
30/10/1996,27.2,78,3
31/10/1996,26.9,82,3
01/11/1996,26.4,92,3
02/11/1996,28.1,79,3
03/11/1996,28.7,76,5
04/11/1996,27.6,88,2
05/11/1996,27.2,86,3
06/11/1996,26.3,84,3
07/11/1996,25.3,86,5
08/11/1996,28.3,80,5
09/11/1996,28.4,79,6
10/11/1996,25.5,88,3
11/11/1996,27.4,85,3
12/11/1996,27.2,82,4
13/11/1996,25.7,87,2
14/11/1996,26.8,86,1
15/11/1996,26.5,89,3
16/11/1996,26.4,87,2
17/11/1996,26.8,83,3
18/11/1996,26.4,84,2
19/11/1996,26.8,86,3
20/11/1996,26.5,88,3
21/11/1996,24.5,96,3
22/11/1996,25.9,87,2
23/11/1996,25.3,91,2
24/11/1996,26.6,84,2
25/11/1996,26.2,87,3
26/11/1996,25.9,92,1
27/11/1996,26.4,84,2
28/11/1996,26.4,86,4
29/11/1996,26.6,87,3
30/11/1996,25.9,92,5
01/12/1996,27.7,80,5
02/12/1996,26.2,90,2
03/12/1996,26.9,82,2
04/12/1996,26.8,88,1
05/12/1996,25.9,94,2
06/12/1996,25.6,90,0
07/12/1996,24.8,96,2
08/12/1996,25.6,88,2
09/12/1996,25,93,3
10/12/1996,26,87,2
11/12/1996,24.4,97,2
12/12/1996,25.9,88,3
13/12/1996,26.2,83,6
14/12/1996,27.2,80,6
15/12/1996,27.1,75,6
16/12/1996,27.2,73,4
17/12/1996,27.1,82,4
18/12/1996,26.3,82,3
19/12/1996,26.4,82,4
20/12/1996,26.8,82,3
21/12/1996,27.6,81,7
22/12/1996,27.9,74,6
23/12/1996,26.7,83,4
24/12/1996,26.4,82,4
25/12/1996,26.8,82,4
26/12/1996,25.9,89,4
27/12/1996,25.5,86,4
28/12/1996,25.8,89,5
29/12/1996,26.7,76,6
30/12/1996,26.3,72,5
31/12/1996,26.7,74,6
01/01/1997,27,80,6
02/01/1997,26.2,74,5
03/01/1997,26.3,76,6
04/01/1997,26.5,78,7
05/01/1997,26.4,82,5
06/01/1997,27.2,76,6
07/01/1997,26.9,74,7
08/01/1997,27.1,77,5
09/01/1997,25.8,86,4
10/01/1997,26.6,78,6
11/01/1997,27,73,5
12/01/1997,26.8,76,6
13/01/1997,26.6,77,5
14/01/1997,26.5,80,6
15/01/1997,26.2,80,4
16/01/1997,26.5,81,5
17/01/1997,26.7,79,6
18/01/1997,26.9,80,7
19/01/1997,26.5,79,5
20/01/1997,26,83,6
21/01/1997,26.7,78,6
22/01/1997,27,80,6
23/01/1997,26.4,84,4
24/01/1997,26.5,83,6
25/01/1997,26.7,77,6
26/01/1997,27.2,73,8
27/01/1997,27.1,77,6
28/01/1997,27.1,75,7
29/01/1997,27.4,76,7
30/01/1997,26.9,78,6
31/01/1997,27.2,81,6
01/02/1997,27.1,81,5
02/02/1997,27.5,82,5
03/02/1997,27.6,78,4
04/02/1997,27.1,83,4
05/02/1997,27,83,4
06/02/1997,27.6,81,5
07/02/1997,27.5,81,3
08/02/1997,27.7,78,3
09/02/1997,26.7,85,3
10/02/1997,27.1,83,3
11/02/1997,26.8,83,4
12/02/1997,26.4,85,1
13/02/1997,27.2,80,4
14/02/1997,26.6,87,3
15/02/1997,26.6,85,4
16/02/1997,27.8,79,5
17/02/1997,27.6,80,3
18/02/1997,28.3,77,5
19/02/1997,27.5,72,6
20/02/1997,27.1,82,5
21/02/1997,27.1,82,4
22/02/1997,25.6,88,3
23/02/1997,25.3,87,4
24/02/1997,26,83,3
25/02/1997,26.4,84,6
26/02/1997,27.4,81,6
27/02/1997,26.9,82,5
28/02/1997,26.9,77,6
01/03/1997,26.9,80,5
02/03/1997,27.2,76,5
03/03/1997,27.2,77,6
04/03/1997,27.1,78,5
05/03/1997,27.3,76,6
06/03/1997,27.6,76,6
07/03/1997,27.5,78,5
08/03/1997,27.1,80,5
09/03/1997,27.3,80,4
10/03/1997,27.5,79,6
11/03/1997,27.2,79,4
12/03/1997,27.3,82,4
13/03/1997,27.4,78,4
14/03/1997,27.2,82,4
15/03/1997,27.6,82,5
16/03/1997,27.2,82,4
17/03/1997,27.1,84,4
18/03/1997,26,88,3
19/03/1997,26.9,80,3
20/03/1997,27.3,81,4
21/03/1997,27.3,82,3
22/03/1997,28.7,78,4
23/03/1997,27,86,4
24/03/1997,27.9,80,4
25/03/1997,29,74,5
26/03/1997,27.9,80,6
27/03/1997,27.9,80,4
28/03/1997,28,83,6
29/03/1997,28.6,75,6
30/03/1997,29.3,74,6
31/03/1997,27.9,83,6
01/04/1997,26.7,90,3
02/04/1997,25.6,92,3
03/04/1997,27.8,81,3
04/04/1997,26.6,84,3
05/04/1997,26.4,90,3
06/04/1997,27.4,83,4
07/04/1997,28.9,75,3
08/04/1997,25.7,90,3
09/04/1997,27.3,85,2
10/04/1997,26,91,1
11/04/1997,27.2,84,2
12/04/1997,25.5,94,2
13/04/1997,26.6,85,4
14/04/1997,27.1,82,2
15/04/1997,26.4,91,2
16/04/1997,27.2,81,2
17/04/1997,27.5,83,2
18/04/1997,26.5,90,2
19/04/1997,26.8,85,3
20/04/1997,27.8,80,3
21/04/1997,28.3,80,4
22/04/1997,28.4,77,4
23/04/1997,28,78,3
24/04/1997,28.3,76,4
25/04/1997,27,86,3
26/04/1997,26.6,89,2
27/04/1997,27,88,2
28/04/1997,27,86,3
29/04/1997,26.9,87,2
30/04/1997,27.6,84,3
01/05/1997,28.1,77,3
02/05/1997,28.5,77,3
03/05/1997,28.8,78,3
04/05/1997,26.9,90,2
05/05/1997,28.1,84,2
06/05/1997,27.9,86,2
07/05/1997,28.8,81,4
08/05/1997,29.3,76,3
09/05/1997,29.7,73,3
10/05/1997,28.5,80,3
11/05/1997,28,82,1
12/05/1997,28.7,78,4
13/05/1997,26.6,90,3
14/05/1997,27.5,82,4
15/05/1997,26.3,95,2
16/05/1997,26.5,88,3
17/05/1997,26.9,86,2
18/05/1997,28.1,81,3
19/05/1997,28.1,82,4
20/05/1997,27.7,83,2
21/05/1997,28.5,79,3
22/05/1997,28.7,77,3
23/05/1997,28.3,81,3
24/05/1997,27.3,86,4
25/05/1997,28.2,80,3
26/05/1997,28.2,83,4
27/05/1997,28.2,85,3
28/05/1997,28.1,86,4
29/05/1997,27.6,81,4
30/05/1997,28.3,83,3
31/05/1997,28.3,85,3
01/06/1997,28.5,80,5
02/06/1997,28.3,81,5
03/06/1997,29.3,74,6
04/06/1997,28.6,78,4
05/06/1997,28.1,80,4
06/06/1997,28.2,83,3
07/06/1997,27,84,3
08/06/1997,26,90,3
09/06/1997,26.7,86,2
10/06/1997,27.1,86,2
11/06/1997,25.9,90,2
12/06/1997,26.5,90,2
13/06/1997,25.8,90,3
14/06/1997,27.8,81,4
15/06/1997,28.4,81,4
16/06/1997,28.8,79,4
17/06/1997,28.3,78,4
18/06/1997,27.1,86,3
19/06/1997,28,78,3
20/06/1997,28.6,80,4
21/06/1997,27.1,85,3
22/06/1997,27.4,85,3
23/06/1997,27.1,82,4
24/06/1997,28.2,81,5
25/06/1997,27.7,82,5
26/06/1997,26.3,86,4
27/06/1997,28.4,78,6
28/06/1997,28.2,76,5
29/06/1997,28.9,75,6
30/06/1997,25.9,88,3
01/07/1997,24.9,94,2
02/07/1997,26.5,83,2
03/07/1997,24.3,94,1
04/07/1997,25.9,89,3
05/07/1997,25.3,89,2
06/07/1997,26.9,84,5
07/07/1997,27.4,80,3
08/07/1997,27.5,82,5
09/07/1997,26.6,80,4
10/07/1997,26.6,83,5
11/07/1997,28.5,76,6
12/07/1997,27.6,82,5
13/07/1997,28,77,5
14/07/1997,28.8,78,6
15/07/1997,28.9,76,6
16/07/1997,28.8,76,6
17/07/1997,28.6,81,5
18/07/1997,28.5,84,6
19/07/1997,29,79,5
20/07/1997,28.7,77,7
21/07/1997,27.6,82,5
22/07/1997,27.8,80,5
23/07/1997,27.7,79,5
24/07/1997,28.3,76,5
25/07/1997,28.4,74,4
26/07/1997,28.6,77,5
27/07/1997,29.1,76,5
28/07/1997,29,76,6
29/07/1997,28.2,82,5
30/07/1997,28.4,79,6
31/07/1997,28.1,82,5
01/08/1997,28.6,76,5
02/08/1997,28.4,78,4
03/08/1997,28,81,4
04/08/1997,28.9,76,5
05/08/1997,28,82,4
06/08/1997,25.2,94,3
07/08/1997,27.7,84,5
08/08/1997,27.4,84,4
09/08/1997,28.6,80,5
10/08/1997,27.5,84,5
11/08/1997,27,87,4
12/08/1997,27.3,84,4
13/08/1997,28.6,82,5
14/08/1997,27.7,84,4
15/08/1997,28,84,4
16/08/1997,27.5,85,3
17/08/1997,26,91,4
18/08/1997,26.6,89,3
19/08/1997,27.5,85,4
20/08/1997,27.9,80,5
21/08/1997,27.1,84,3
22/08/1997,27.8,81,4
23/08/1997,25.5,88,3
24/08/1997,26.6,84,5
25/08/1997,27.5,83,5
26/08/1997,28.7,74,5
27/08/1997,28.3,81,4
28/08/1997,27.9,82,4
29/08/1997,27.7,82,5
30/08/1997,27.4,86,4
31/08/1997,26.9,84,2
01/09/1997,27.6,82,4
02/09/1997,28.3,80,5
03/09/1997,27.4,83,4
04/09/1997,28,84,4
05/09/1997,28.7,71,3
06/09/1997,28,80,3
07/09/1997,27.9,82,4
08/09/1997,25.9,88,3
09/09/1997,26.1,90,3
10/09/1997,27.8,78,4
11/09/1997,27.8,78,5
12/09/1997,27.6,83,5
13/09/1997,27.1,85,3
14/09/1997,27.4,86,4
15/09/1997,28.5,75,5
16/09/1997,27.6,85,4
17/09/1997,27.5,82,4
18/09/1997,26.9,82,4
19/09/1997,27.2,82,4
20/09/1997,27,83,3
21/09/1997,27.6,80,5
22/09/1997,27.9,76,5
23/09/1997,27.4,82,6
24/09/1997,26.9,86,3
25/09/1997,27.7,82,3
26/09/1997,27.3,86,4
27/09/1997,27.8,84,3
28/09/1997,26.2,92,2
29/09/1997,27,86,3
30/09/1997,26.2,90,2
01/10/1997,26,88,3
02/10/1997,26.1,89,0
03/10/1997,27,85,3
04/10/1997,27,84,4
05/10/1997,25.3,95,3
06/10/1997,25.3,92,3
07/10/1997,26.7,86,4
08/10/1997,26.3,86,2
09/10/1997,26.2,90,2
10/10/1997,26.9,82,2
11/10/1997,27.6,78,5
12/10/1997,27.1,83,3
13/10/1997,25.8,91,2
14/10/1997,27,81,2
15/10/1997,27.9,79,2
16/10/1997,27.6,82,3
17/10/1997,27.9,82,3
18/10/1997,27.7,82,2
19/10/1997,27.6,82,2
20/10/1997,27.9,84,2
21/10/1997,27.8,83,1
22/10/1997,27.3,86,0
23/10/1997,26.8,90,0
24/10/1997,27.3,83,2
25/10/1997,27.6,83,2
26/10/1997,26.9,84,2
27/10/1997,27.4,83,4
28/10/1997,26.7,89,2
29/10/1997,27.4,85,2
30/10/1997,27.9,84,1
31/10/1997,27.9,77,2
01/11/1997,28.3,79,2
02/11/1997,26.6,83,2
03/11/1997,26.9,88,3
04/11/1997,27.3,84,2
05/11/1997,27.8,85,2
06/11/1997,28.4,81,2
07/11/1997,28.1,80,3
08/11/1997,27.9,81,3
09/11/1997,28.3,80,4
10/11/1997,26.3,86,3
11/11/1997,26,90,1
12/11/1997,24.7,94,2
13/11/1997,26.8,84,3
14/11/1997,26.5,86,3
15/11/1997,26.8,84,2
16/11/1997,26.4,87,3
17/11/1997,25.6,93,1
18/11/1997,27.1,84,3
19/11/1997,25.8,93,2
20/11/1997,26.7,87,2
21/11/1997,26.8,86,1
22/11/1997,26.9,83,2
23/11/1997,27.6,82,3
24/11/1997,27.9,81,2
25/11/1997,24.9,96,2
26/11/1997,26.8,81,3
27/11/1997,28.1,78,3
28/11/1997,28.4,78,4
29/11/1997,28.4,75,5
30/11/1997,27.8,80,4
01/12/1997,27.7,82,5
02/12/1997,28.2,81,3
03/12/1997,27,84,2
04/12/1997,26.3,84,4
05/12/1997,26.6,88,3
06/12/1997,27.4,84,3
07/12/1997,27.3,82,4
08/12/1997,25,96,2
09/12/1997,26.7,87,4
10/12/1997,27,85,3
11/12/1997,25,92,2
12/12/1997,26.3,85,4
13/12/1997,27.7,85,5
14/12/1997,27.8,82,4
15/12/1997,28.5,81,5
16/12/1997,27.3,83,5
17/12/1997,26.4,89,2
18/12/1997,26.7,85,3
19/12/1997,26.1,91,2
20/12/1997,27.1,84,3
21/12/1997,26.3,87,2
22/12/1997,25.8,90,1
23/12/1997,26.7,86,3
24/12/1997,26.3,86,3
25/12/1997,27.5,80,3
26/12/1997,27.6,76,4
27/12/1997,27.5,76,5
28/12/1997,27.7,81,4
29/12/1997,27.5,80,4
30/12/1997,27.1,81,3
31/12/1997,27.6,82,5
01/01/1998,27,82,3
02/01/1998,27.5,79,4
03/01/1998,27.8,82,5
04/01/1998,27.6,82,4
05/01/1998,27.7,78,3
06/01/1998,26.8,85,2
07/01/1998,25.2,94,2
08/01/1998,26.6,90,3
09/01/1998,25.7,93,2
10/01/1998,27.5,85,5
11/01/1998,27.8,84,4
12/01/1998,27.7,85,5
13/01/1998,28.3,81,5
14/01/1998,28,78,4
15/01/1998,28,82,3
16/01/1998,28.1,82,3
17/01/1998,28.1,86,2
18/01/1998,27.3,84,2
19/01/1998,28.7,79,6
20/01/1998,29.3,73,6
21/01/1998,28.4,72,4
22/01/1998,28.1,77,5
23/01/1998,27.8,78,4
24/01/1998,28.4,75,5
25/01/1998,28.5,78,6
26/01/1998,28.6,75,5
27/01/1998,28.7,76,6
28/01/1998,27.5,85,4
29/01/1998,26.1,91,4
30/01/1998,27.9,82,5
31/01/1998,27.5,82,5
01/02/1998,27.7,84,5
02/02/1998,28.4,80,5
03/02/1998,28.3,80,5
04/02/1998,27.9,83,4
05/02/1998,28.1,79,4
06/02/1998,28.3,77,6
07/02/1998,28,74,5
08/02/1998,28,74,5
09/02/1998,28.1,78,4
10/02/1998,28.5,76,4
11/02/1998,26.9,82,5
12/02/1998,28.7,78,6
13/02/1998,29,84,5
14/02/1998,28.9,77,5
15/02/1998,28.3,86,4
16/02/1998,28.6,81,4
17/02/1998,28.5,83,4
18/02/1998,28.5,81,4
19/02/1998,28.6,82,4
20/02/1998,28.4,84,3
21/02/1998,28,84,2
22/02/1998,28.6,81,4
23/02/1998,29,82,6
24/02/1998,29.2,82,5
25/02/1998,29.3,78,5
26/02/1998,29.4,76,5
27/02/1998,29.2,74,5
28/02/1998,28.5,77,5
01/03/1998,28.5,75,4
02/03/1998,29.1,75,4
03/03/1998,27.3,84,4
04/03/1998,28.1,82,4
05/03/1998,28,83,5
06/03/1998,28.6,79,4
07/03/1998,27.8,85,3
08/03/1998,27.3,86,2
09/03/1998,27.4,88,2
10/03/1998,28.1,84,2
11/03/1998,29,84,4
12/03/1998,28.9,82,4
13/03/1998,29.3,79,3
14/03/1998,28.7,78,4
15/03/1998,28.5,80,3
16/03/1998,28.6,78,3
17/03/1998,29,76,4
18/03/1998,29.2,78,4
19/03/1998,28.9,80,4
20/03/1998,29,82,5
21/03/1998,30,72,6
22/03/1998,29.9,74,4
23/03/1998,29.7,76,5
24/03/1998,29.5,80,5
25/03/1998,28.9,77,5
26/03/1998,29.5,76,5
27/03/1998,29.8,74,5
28/03/1998,29.9,71,4
29/03/1998,29.8,69,5
30/03/1998,27.9,86,3
31/03/1998,27.7,83,3
01/04/1998,27.8,84,3
02/04/1998,29.5,78,6
03/04/1998,27.7,92,5
04/04/1998,26.8,93,4
05/04/1998,27.2,90,3
06/04/1998,27.9,88,5
07/04/1998,29,82,4
08/04/1998,29.4,78,5
09/04/1998,29.7,78,5
10/04/1998,29.1,84,5
11/04/1998,28.2,86,3
12/04/1998,28.6,84,3
13/04/1998,29.2,82,3
14/04/1998,27.2,92,4
15/04/1998,28.5,84,3
16/04/1998,29.2,81,4
17/04/1998,28.4,89,4
18/04/1998,28.3,81,5
19/04/1998,29.1,76,5
20/04/1998,29.3,76,4
21/04/1998,27.4,90,3
22/04/1998,26.8,94,4
23/04/1998,28.7,83,3
24/04/1998,30.2,76,3
25/04/1998,30.5,75,3
26/04/1998,29.8,76,4
27/04/1998,29.8,76,4
28/04/1998,29,77,2
29/04/1998,29.3,81,3
30/04/1998,29.7,77,3
01/05/1998,29,81,4
02/05/1998,28.5,82,4
03/05/1998,29.1,79,3
04/05/1998,29,82,2
05/05/1998,29.2,79,3
06/05/1998,29.5,81,4
07/05/1998,27.6,86,3
08/05/1998,28.8,83,4
09/05/1998,25.9,95,3
10/05/1998,27.2,95,3
11/05/1998,28.4,83,4
12/05/1998,26.7,88,3
13/05/1998,27.3,94,3
14/05/1998,27.3,89,4
15/05/1998,27,87,3
16/05/1998,28.2,89,3
17/05/1998,27.8,86,3
18/05/1998,28,88,3
19/05/1998,29.5,79,3
20/05/1998,28.8,83,2
21/05/1998,29.3,83,2
22/05/1998,29.6,79,3
23/05/1998,29.6,86,2
24/05/1998,28.1,78,3
25/05/1998,29.3,80,3
26/05/1998,27.9,88,3
27/05/1998,29.6,83,4
28/05/1998,29.1,80,3
29/05/1998,29.3,80,4
30/05/1998,27.6,82,4
31/05/1998,29.5,82,2
01/06/1998,28.4,88,2
02/06/1998,27.2,89,1
03/06/1998,28.9,82,2
04/06/1998,28.5,79,1
05/06/1998,28,84,2
06/06/1998,26.4,94,2
07/06/1998,26.2,93,2
08/06/1998,26.8,84,2
09/06/1998,27.1,91,2
10/06/1998,26.8,80,2
11/06/1998,29,77,2
12/06/1998,28.8,81,1
13/06/1998,28.7,74,1
14/06/1998,27.6,87,0
15/06/1998,25.6,94,2
16/06/1998,27.6,83,2
17/06/1998,27.9,90,2
18/06/1998,27.7,86,2
19/06/1998,27.4,89,2
20/06/1998,27,90,2
21/06/1998,25.5,91,2
22/06/1998,26.6,88,2
23/06/1998,28.1,80,3
24/06/1998,27.1,80,2
25/06/1998,26.8,85,3
26/06/1998,27.8,80,4
27/06/1998,28.2,80,3
28/06/1998,28.5,83,2
29/06/1998,28.3,85,3
30/06/1998,29.4,79,3
01/07/1998,28.6,81,2
02/07/1998,29.2,81,2
03/07/1998,27.8,86,3
04/07/1998,28.4,77,1
05/07/1998,28.5,82,3
06/07/1998,27.1,78,4
07/07/1998,27.7,78,2
08/07/1998,28.2,77,2
09/07/1998,27.4,86,3
10/07/1998,26.9,78,3
11/07/1998,27,86,2
12/07/1998,25.6,94,2
13/07/1998,27.3,86,2
14/07/1998,27.7,83,2
15/07/1998,26.7,83,1
16/07/1998,27.3,84,2
17/07/1998,27.4,82,2
18/07/1998,27.7,84,1
19/07/1998,26.7,90,1
20/07/1998,27.4,82,2
21/07/1998,25.7,89,3
22/07/1998,27.3,80,3
23/07/1998,26.2,89,2
24/07/1998,27.1,84,2
25/07/1998,28,80,3
26/07/1998,26,94,2
27/07/1998,27.2,84,2
28/07/1998,25.6,93,1
29/07/1998,27.2,78,1
30/07/1998,28,80,2
31/07/1998,28.3,82,2
01/08/1998,25.7,88,1
02/08/1998,28.2,79,2
03/08/1998,26.3,88,1
04/08/1998,27.3,84,2
05/08/1998,27.3,80,2
06/08/1998,27.8,82,3
07/08/1998,26,90,2
08/08/1998,26.3,88,2
09/08/1998,26.3,86,2
10/08/1998,27.5,81,4
11/08/1998,28.1,81,3
12/08/1998,27.1,84,1
13/08/1998,26.2,86,2
14/08/1998,26.1,89,1
15/08/1998,26.4,87,1
16/08/1998,25.6,93,3
17/08/1998,26.8,84,2
18/08/1998,26.5,89,2
19/08/1998,24.2,94,3
20/08/1998,26.6,86,4
21/08/1998,26.2,87,2
22/08/1998,27.3,83,3
23/08/1998,25.7,91,1
24/08/1998,24.1,96,1
25/08/1998,25.5,91,1
26/08/1998,26.2,88,1
27/08/1998,27.5,82,3
28/08/1998,25.6,93,1
29/08/1998,27.3,83,3
30/08/1998,26.7,87,3
31/08/1998,26.4,88,2
01/09/1998,25.4,90,2
02/09/1998,27.1,81,2
03/09/1998,26,90,3
04/09/1998,26.8,86,2
05/09/1998,26.6,86,2
06/09/1998,27.5,84,1
07/09/1998,27,86,3
08/09/1998,25.2,89,2
09/09/1998,26.6,83,2
10/09/1998,28.2,78,2
11/09/1998,27.1,82,3
12/09/1998,26.8,86,2
13/09/1998,26.2,90,3
14/09/1998,27.5,82,3
15/09/1998,26.8,87,2
16/09/1998,26.5,89,3
17/09/1998,25.6,90,2
18/09/1998,27.2,85,3
19/09/1998,25.4,90,2
20/09/1998,26.8,88,3
21/09/1998,26.8,86,3
22/09/1998,28,83,3
23/09/1998,28,81,2
24/09/1998,27.5,83,2
25/09/1998,25.9,90,2
26/09/1998,27.1,82,2
27/09/1998,26.4,90,0
28/09/1998,27.7,82,3
29/09/1998,28,80,4
30/09/1998,27.2,84,2
01/10/1998,27.2,84,2
02/10/1998,28.1,80,3
03/10/1998,27,84,2
04/10/1998,27.2,86,2
05/10/1998,27.4,85,4
06/10/1998,27.8,73,2
07/10/1998,26.9,83,1
08/10/1998,27.6,82,2
09/10/1998,26.8,80,3
10/10/1998,28.2,82,3
11/10/1998,27.8,84,3
12/10/1998,28.1,79,2
13/10/1998,27.8,82,2
14/10/1998,27.5,82,2
15/10/1998,27.5,78,3
16/10/1998,24.9,92,0
17/10/1998,28.1,82,2
18/10/1998,27.2,82,4
19/10/1998,28.6,67,4
20/10/1998,27.7,82,3
21/10/1998,28.8,78,5
22/10/1998,27.1,85,2
23/10/1998,27.9,84,2
24/10/1998,26.6,86,2
25/10/1998,26.8,85,2
26/10/1998,27.6,79,2
27/10/1998,25.6,92,0
28/10/1998,26.4,88,1
29/10/1998,26.2,88,2
30/10/1998,25.3,92,1
31/10/1998,27,88,1
01/11/1998,25.4,94,0
02/11/1998,26.4,86,2
03/11/1998,25.6,95,1
04/11/1998,26.6,87,2
05/11/1998,26.9,88,3
06/11/1998,25.6,88,2
07/11/1998,26.6,86,3
08/11/1998,28,82,2
09/11/1998,28,81,2
10/11/1998,26.3,92,1
11/11/1998,26.3,91,2
12/11/1998,24.5,95,1
13/11/1998,27.3,82,2
14/11/1998,28.2,77,2
15/11/1998,26.5,85,2
16/11/1998,28.1,75,4
17/11/1998,28,79,3
18/11/1998,28.2,76,3
19/11/1998,29.8,74,2
20/11/1998,27.2,82,3
21/11/1998,28.7,74,5
22/11/1998,27.3,83,3
23/11/1998,27.7,80,2
24/11/1998,28,78,3
25/11/1998,28.5,77,4
26/11/1998,28.9,74,4
27/11/1998,28,75,1
28/11/1998,27.5,82,3
29/11/1998,27.5,85,2
30/11/1998,27.5,84,2
01/12/1998,26.8,87,1
02/12/1998,26.5,85,1
03/12/1998,26.8,86,0
04/12/1998,27,81,2
05/12/1998,28.4,80,3
06/12/1998,27.8,82,2
07/12/1998,27.1,86,2
08/12/1998,25.3,90,3
09/12/1998,26.5,86,2
10/12/1998,27.6,80,2
11/12/1998,27.5,84,2
12/12/1998,27.1,86,2
13/12/1998,28.1,80,2
14/12/1998,28,82,0
15/12/1998,26.8,86,2
16/12/1998,26.4,87,2
17/12/1998,27,86,2
18/12/1998,27.1,83,3
19/12/1998,26.2,89,2
20/12/1998,27,81,4
21/12/1998,27.5,78,2
22/12/1998,26.6,83,2
23/12/1998,24.3,93,2
24/12/1998,26.4,84,2
25/12/1998,26.6,82,3
26/12/1998,25.3,93,2
27/12/1998,24.5,94,1
28/12/1998,26.2,85,3
29/12/1998,25.3,90,3
30/12/1998,24.8,93,2
31/12/1998,24.2,94,2
01/01/1999,25.2,87,2
02/01/1999,24.7,92,3
03/01/1999,25.4,86,3
04/01/1999,25.5,88,2
05/01/1999,26,88,2
06/01/1999,26.2,84,3
07/01/1999,26.4,80,3
08/01/1999,26.3,82,4
09/01/1999,26.3,83,4
10/01/1999,24.2,93,1
11/01/1999,26,84,3
12/01/1999,26.9,83,4
13/01/1999,27.6,78,5
14/01/1999,27.3,82,4
15/01/1999,27.1,84,3
16/01/1999,27.3,81,5
17/01/1999,27.3,82,4
18/01/1999,26.4,86,3
19/01/1999,26.7,85,3
20/01/1999,26.4,87,2
21/01/1999,26.5,86,4
22/01/1999,26.7,83,2
23/01/1999,26,88,2
24/01/1999,26.8,87,3
25/01/1999,26,84,2
26/01/1999,27.2,80,2
27/01/1999,26.5,87,2
28/01/1999,27.1,86,2
29/01/1999,26.7,86,3
30/01/1999,27.1,86,2
31/01/1999,27,85,3
01/02/1999,27,86,3
02/02/1999,26.8,83,3
03/02/1999,26.3,83,3
04/02/1999,26.3,82,3
05/02/1999,26.4,82,3
06/02/1999,26.5,80,5
07/02/1999,27,78,4
08/02/1999,27,72,4
09/02/1999,27.1,74,4
10/02/1999,27.2,79,3
11/02/1999,27.1,82,4
12/02/1999,26.4,86,3
13/02/1999,25.2,89,2
14/02/1999,27.1,84,4
15/02/1999,27.2,79,6
16/02/1999,27.4,76,5
17/02/1999,27.5,74,5
18/02/1999,26.3,80,4
19/02/1999,27.5,73,5
20/02/1999,27.2,73,5
21/02/1999,27.4,75,6
22/02/1999,27.6,68,5
23/02/1999,27.2,79,5
24/02/1999,27.2,80,3
25/02/1999,27.6,80,6
26/02/1999,27.6,78,5
27/02/1999,27.3,76,4
28/02/1999,27,77,4
01/03/1999,25.7,87,3
02/03/1999,25,88,2
03/03/1999,26.1,86,3
04/03/1999,25.7,88,2
05/03/1999,27.1,82,3
06/03/1999,25.9,84,2
07/03/1999,27.5,83,2
08/03/1999,26.9,85,2
09/03/1999,26.6,88,2
10/03/1999,26.8,86,2
11/03/1999,27.8,83,1
12/03/1999,25.3,94,0
13/03/1999,26.6,84,1
14/03/1999,27.3,82,1
15/03/1999,26.5,89,2
16/03/1999,26.9,83,3
17/03/1999,28,81,3
18/03/1999,28.3,78,3
19/03/1999,28.3,80,1
20/03/1999,27.5,78,2
21/03/1999,27.9,78,2
22/03/1999,27.1,90,1
23/03/1999,26.5,90,2
24/03/1999,26.4,85,2
25/03/1999,27.1,82,2
26/03/1999,26.5,87,0
27/03/1999,27.2,82,2
28/03/1999,26.4,88,1
29/03/1999,25.4,88,2
30/03/1999,27.2,82,1
31/03/1999,27.5,86,2
01/04/1999,26.1,85,2
02/04/1999,27.2,82,1
03/04/1999,27.4,88,1
04/04/1999,27.2,82,2
05/04/1999,25.9,86,2
06/04/1999,27.8,82,3
07/04/1999,27.1,85,2
08/04/1999,27.9,76,3
09/04/1999,28.9,80,3
10/04/1999,27.9,80,2
11/04/1999,28.3,80,3
12/04/1999,28.1,74,2
13/04/1999,27,84,1
14/04/1999,28.3,69,3
15/04/1999,25.1,94,0
16/04/1999,27.3,80,2
17/04/1999,26.9,82,1
18/04/1999,25.7,83,2
19/04/1999,28.2,76,1
20/04/1999,26.4,91,1
21/04/1999,25.3,94,1
22/04/1999,27.9,79,3
23/04/1999,27.9,83,2
24/04/1999,27.7,85,1
25/04/1999,25.6,93,2
26/04/1999,27.9,80,2
27/04/1999,28,82,2
28/04/1999,28,83,2
29/04/1999,26.8,88,1
30/04/1999,27.3,84,2
01/05/1999,27.4,85,3
02/05/1999,28.9,76,2
03/05/1999,28.2,78,3
04/05/1999,28.2,77,2
05/05/1999,27.4,83,2
06/05/1999,28.5,76,2
07/05/1999,27.3,86,1
08/05/1999,26.4,89,1
09/05/1999,26.7,88,2
10/05/1999,26.7,89,2
11/05/1999,25.7,92,0
12/05/1999,26.1,90,2
13/05/1999,27.2,82,2
14/05/1999,28.1,80,2
15/05/1999,26.9,84,2
16/05/1999,27.5,82,2
17/05/1999,26.9,87,2
18/05/1999,25.9,91,1
19/05/1999,27,88,2
20/05/1999,26.3,92,1
21/05/1999,25.5,94,1
22/05/1999,27.1,85,2
23/05/1999,25.5,93,2
24/05/1999,26.5,87,3
25/05/1999,26.4,85,3
26/05/1999,26.7,86,2
27/05/1999,27.4,82,1
28/05/1999,26.7,90,2
29/05/1999,27.9,86,2
30/05/1999,28.2,84,3
31/05/1999,28.3,84,3
01/06/1999,28.4,82,3
02/06/1999,27.7,84,3
03/06/1999,28.6,78,4
04/06/1999,27,86,1
05/06/1999,26.8,82,2
06/06/1999,27.6,80,1
07/06/1999,28.1,81,2
08/06/1999,28.4,80,4
09/06/1999,26.7,89,2
10/06/1999,27,84,3
11/06/1999,27.2,86,3
12/06/1999,25.1,93,1
13/06/1999,26.8,88,1
14/06/1999,26.4,89,1
15/06/1999,26.6,87,2
16/06/1999,26.6,86,2
17/06/1999,27.1,84,3
18/06/1999,28.5,81,4
19/06/1999,28.4,78,3
20/06/1999,27.9,80,4
21/06/1999,28.1,79,3
22/06/1999,27.6,85,3
23/06/1999,27,83,1
24/06/1999,27.4,83,3
25/06/1999,25.3,93,2
26/06/1999,26.9,80,2
27/06/1999,25.6,89,0
28/06/1999,26,86,3
29/06/1999,24.9,93,2
30/06/1999,25.9,89,1
01/07/1999,26.8,80,3
02/07/1999,25.5,86,2
03/07/1999,25.9,91,1
04/07/1999,26.8,87,2
05/07/1999,26.1,88,2
06/07/1999,25.1,95,1
07/07/1999,25,92,2
08/07/1999,25.7,86,2
09/07/1999,26.6,84,2
10/07/1999,27.1,82,2
11/07/1999,26.4,80,3
12/07/1999,27.2,80,3
13/07/1999,28.3,76,3
14/07/1999,25.5,89,3
15/07/1999,23.7,97,2
16/07/1999,25.2,85,2
17/07/1999,27.6,84,3
18/07/1999,27.2,82,3
19/07/1999,28.2,79,4
20/07/1999,28.7,76,4
21/07/1999,28.5,77,4
22/07/1999,28.5,80,4
23/07/1999,28.1,81,4
24/07/1999,28.1,80,4
25/07/1999,27.9,77,5
26/07/1999,27.9,78,4
27/07/1999,27.8,77,4
28/07/1999,28.1,77,4
29/07/1999,27.5,84,3
30/07/1999,26.6,85,4
31/07/1999,27.2,82,4
01/08/1999,27.9,80,4
02/08/1999,27.8,79,3
03/08/1999,28.3,79,4
04/08/1999,27.3,82,4
05/08/1999,26.2,90,4
06/08/1999,26.3,88,4
07/08/1999,27,85,4
08/08/1999,27.2,85,2
09/08/1999,28.2,81,3
10/08/1999,28.5,80,3
11/08/1999,26.8,81,3
12/08/1999,24.8,92,1
13/08/1999,26.3,86,3
14/08/1999,26.9,84,3
15/08/1999,25.9,87,2
16/08/1999,26.1,87,2
17/08/1999,26.1,89,2
18/08/1999,27,82,2
19/08/1999,26.3,89,1
20/08/1999,25.2,89,4
21/08/1999,26.6,87,2
22/08/1999,25.3,89,2
23/08/1999,26.5,88,2
24/08/1999,26.1,87,2
25/08/1999,25,94,1
26/08/1999,26.3,86,1
27/08/1999,26.9,83,3
28/08/1999,25.8,84,2
29/08/1999,24.1,98,2
30/08/1999,25.4,88,2
31/08/1999,26.1,90,3
01/09/1999,26.9,82,3
02/09/1999,27.1,84,3
03/09/1999,25.4,90,2
04/09/1999,25.4,88,3
05/09/1999,25.8,82,3
06/09/1999,27,83,3
07/09/1999,27.2,86,4
08/09/1999,28,82,4
09/09/1999,26.7,86,2
10/09/1999,25.7,85,2
11/09/1999,27.6,78,3
12/09/1999,27.2,77,2
13/09/1999,27.9,78,4
14/09/1999,27,82,3
15/09/1999,26.3,83,3
16/09/1999,26.9,82,3
17/09/1999,28,79,4
18/09/1999,28.2,77,2
19/09/1999,26.1,86,2
20/09/1999,27.2,81,2
21/09/1999,27.1,80,3
22/09/1999,27.8,78,3
23/09/1999,27.4,82,3
24/09/1999,26.8,87,2
25/09/1999,26.4,85,2
26/09/1999,27,82,2
27/09/1999,25.5,92,1
28/09/1999,26,90,1
29/09/1999,24.9,92,1
30/09/1999,25.6,87,2
01/10/1999,25.7,91,1
02/10/1999,26.5,86,2
03/10/1999,25.5,91,2
04/10/1999,26,86,2
05/10/1999,27.7,80,2
06/10/1999,26.2,89,2
07/10/1999,27.2,83,2
08/10/1999,27,84,2
09/10/1999,25.9,87,1
10/10/1999,26.2,84,2
11/10/1999,27.2,82,1
12/10/1999,25.7,92,1
13/10/1999,25.9,90,1
14/10/1999,27.4,82,2
15/10/1999,26.1,91,2
16/10/1999,26.9,85,1
17/10/1999,27,84,2
18/10/1999,26.9,85,2
19/10/1999,26.2,83,3
20/10/1999,28.1,78,2
21/10/1999,26.3,85,2
22/10/1999,26.2,87,2
23/10/1999,26.5,82,5
24/10/1999,27.7,75,3
25/10/1999,26.4,84,1
26/10/1999,27.3,83,2
27/10/1999,25.7,90,2
28/10/1999,24.1,92,2
29/10/1999,26.3,86,2
30/10/1999,25.4,91,1
31/10/1999,26.6,87,2
01/11/1999,27.7,79,2
02/11/1999,24.9,87,0
03/11/1999,27.4,79,4
04/11/1999,28.4,79,4
05/11/1999,28.7,74,3
06/11/1999,28.4,72,2
07/11/1999,27.6,82,1
08/11/1999,27.8,74,3
09/11/1999,26.8,86,2
10/11/1999,26.4,88,0
11/11/1999,26.1,90,1
12/11/1999,25.8,94,0
13/11/1999,25.6,88,2
14/11/1999,26.9,88,1
15/11/1999,23.7,96,2
16/11/1999,25.9,87,2
17/11/1999,24.4,93,1
18/11/1999,26.3,88,1
19/11/1999,26.3,87,2
20/11/1999,24.4,96,1
21/11/1999,26.6,84,2
22/11/1999,26.8,84,3
23/11/1999,27,86,2
24/11/1999,27,83,3
25/11/1999,27.2,82,2
26/11/1999,27.1,83,2
27/11/1999,27.3,82,2
28/11/1999,26.6,88,0
29/11/1999,27.2,84,2
30/11/1999,27,84,2
01/12/1999,26.4,85,3
02/12/1999,26.9,84,2
03/12/1999,25.3,93,2
04/12/1999,25.7,89,1
05/12/1999,27.5,82,2
06/12/1999,25.1,91,3
07/12/1999,27.6,76,3
08/12/1999,26.1,87,3
09/12/1999,25.4,90,2
10/12/1999,27,82,3
11/12/1999,27.2,82,3
12/12/1999,27.8,79,4
13/12/1999,28.4,71,4
14/12/1999,28,76,3
15/12/1999,27.6,79,2
16/12/1999,27.4,83,3
17/12/1999,27.7,82,2
18/12/1999,26,90,2
19/12/1999,25.5,90,2
20/12/1999,27,79,4
21/12/1999,25.2,93,3
22/12/1999,27.3,78,7
23/12/1999,27.2,78,5
24/12/1999,26.1,82,4
25/12/1999,26.6,77,5
26/12/1999,26.2,79,4
27/12/1999,26.6,74,4
28/12/1999,26.4,79,3
29/12/1999,25.8,84,3
30/12/1999,26.3,84,5
31/12/1999,26.7,85,4
01/01/2000,26.9,84,4
02/01/2000,26.8,86,3
03/01/2000,27,85,5
04/01/2000,26.9,85,4
05/01/2000,24.7,95,0
06/01/2000,24.4,94,2
07/01/2000,25.9,90,3
08/01/2000,26.7,84,4
09/01/2000,26.7,82,3
10/01/2000,24.9,93,2
11/01/2000,25.2,89,0
12/01/2000,26.6,84,3
13/01/2000,23.6,92,1
14/01/2000,26.5,82,4
15/01/2000,26.3,83,3
16/01/2000,26.2,82,2
17/01/2000,25.6,88,2
18/01/2000,25.7,85,2
19/01/2000,26.8,86,4
20/01/2000,27.1,77,4
21/01/2000,26.4,77,4
22/01/2000,26.4,80,3
23/01/2000,26.9,77,3
24/01/2000,26.6,81,3
25/01/2000,24.9,92,2
26/01/2000,25.5,89,4
27/01/2000,27,77,5
28/01/2000,26.7,78,4
29/01/2000,25.7,86,4
30/01/2000,25.5,90,4
31/01/2000,25.5,86,5
01/02/2000,25.6,91,3
02/02/2000,26,82,4
03/02/2000,26.1,80,4
04/02/2000,26.6,77,3
05/02/2000,26.5,79,2
06/02/2000,27,77,4
07/02/2000,26.9,81,3
08/02/2000,26.6,82,2
09/02/2000,26.8,79,4
10/02/2000,26.2,82,3
11/02/2000,26.7,81,4
12/02/2000,26.2,81,3
13/02/2000,27.1,78,3
14/02/2000,26.5,87,3
15/02/2000,26.8,84,4
16/02/2000,27.3,82,5
17/02/2000,27.7,78,4
18/02/2000,27.2,81,4
19/02/2000,26.3,84,4
20/02/2000,26.4,88,3
21/02/2000,26.6,80,3
22/02/2000,26.6,88,3
23/02/2000,26.7,84,2
24/02/2000,25.3,91,2
25/02/2000,26.1,84,2
26/02/2000,26.7,82,3
27/02/2000,27.4,78,4
28/02/2000,27.1,84,4
29/02/2000,26.8,83,3
01/03/2000,27.7,79,4
02/03/2000,27.8,84,4
03/03/2000,27.7,80,5
04/03/2000,27.4,82,4
05/03/2000,26.9,84,4
06/03/2000,27.3,83,3
07/03/2000,26.3,80,2
08/03/2000,28.2,73,3
09/03/2000,28.2,80,4
10/03/2000,27.9,79,4
11/03/2000,27.7,82,3
12/03/2000,26,91,1
13/03/2000,27.5,83,2
14/03/2000,27.1,82,2
15/03/2000,27.1,80,2
16/03/2000,26.6,86,3
17/03/2000,26.8,88,2
18/03/2000,26.9,87,1
19/03/2000,26.6,86,3
20/03/2000,26.4,90,2
21/03/2000,26.8,85,2
22/03/2000,25.9,82,1
23/03/2000,26.8,82,2
24/03/2000,26,83,2
25/03/2000,26.9,80,3
26/03/2000,25.7,90,2
27/03/2000,27,84,2
28/03/2000,26.9,85,4
29/03/2000,26.7,82,2
30/03/2000,27,82,2
31/03/2000,27.1,83,2
01/04/2000,27,83,2
02/04/2000,26.9,87,1
03/04/2000,27.3,82,2
04/04/2000,26.2,87,0
05/04/2000,26.2,88,2
06/04/2000,26.2,89,1
07/04/2000,27.1,84,2
08/04/2000,26.6,85,2
09/04/2000,27,84,2
10/04/2000,25.8,92,2
11/04/2000,26,89,1
12/04/2000,27.4,84,3
13/04/2000,28.3,83,2
14/04/2000,28.7,74,3
15/04/2000,28,75,2
16/04/2000,26.7,86,1
17/04/2000,26.7,85,1
18/04/2000,27.3,84,0
19/04/2000,28.2,82,0
20/04/2000,27,86,2
21/04/2000,27.1,88,2
22/04/2000,27,82,2
23/04/2000,27.8,84,0
24/04/2000,26.1,87,0
25/04/2000,26.1,88,2
26/04/2000,25.9,90,0
27/04/2000,27.1,88,2
28/04/2000,27.7,84,2
29/04/2000,28,81,2
30/04/2000,26.1,90,2
01/05/2000,26.3,89,1
02/05/2000,26.9,85,1
03/05/2000,26.4,87,1
04/05/2000,27.4,84,1
05/05/2000,26.9,86,0
06/05/2000,25.6,92,0
07/05/2000,26.7,88,0
08/05/2000,27.2,85,0
09/05/2000,27.9,82,2
10/05/2000,27.9,84,2
11/05/2000,27.3,86,3
12/05/2000,27.8,81,6
13/05/2000,27.9,80,3
14/05/2000,28.7,82,3
15/05/2000,29.9,77,4
16/05/2000,27.2,86,3
17/05/2000,28.2,80,2
18/05/2000,28.7,82,1
19/05/2000,28.2,86,2
20/05/2000,29,81,3
21/05/2000,29.5,80,4
22/05/2000,29.5,76,4
23/05/2000,28.8,81,3
24/05/2000,28.5,81,2
25/05/2000,27.8,84,2
26/05/2000,28.4,82,1
27/05/2000,28,81,2
28/05/2000,28,82,2
29/05/2000,26.7,90,2
30/05/2000,26.5,91,2
31/05/2000,26.9,83,2
01/06/2000,27.5,82,2
02/06/2000,26.5,87,2
03/06/2000,26.8,88,1
04/06/2000,27.9,83,3
05/06/2000,26.9,85,2
06/06/2000,25.7,94,2
07/06/2000,26.2,87,2
08/06/2000,26.2,89,1
09/06/2000,26.8,82,2
10/06/2000,27.2,85,1
11/06/2000,25.3,94,2
12/06/2000,27.2,83,2
13/06/2000,25.9,90,2
14/06/2000,27.3,84,1
15/06/2000,27.3,86,2
16/06/2000,25.5,90,2
17/06/2000,26,91,3
18/06/2000,26.3,90,0
19/06/2000,25.5,84,2
20/06/2000,27.4,84,2
21/06/2000,25.6,90,2
22/06/2000,26.8,77,2
23/06/2000,26.6,90,2
24/06/2000,27.3,86,3
25/06/2000,27.7,79,3
26/06/2000,27.2,82,2
27/06/2000,26.5,89,2
28/06/2000,26.3,80,2
29/06/2000,27,81,2
30/06/2000,28,73,2
01/07/2000,27.3,84,3
02/07/2000,27,83,3
03/07/2000,28.5,78,4
04/07/2000,26.7,86,3
05/07/2000,25.7,86,2
06/07/2000,28.2,80,3
07/07/2000,28.3,84,2
08/07/2000,28.1,84,4
09/07/2000,27.7,82,3
10/07/2000,28.3,78,4
11/07/2000,28.4,76,3
12/07/2000,28.3,81,3
13/07/2000,27.7,81,3
14/07/2000,28.6,77,4
15/07/2000,28.2,81,4
16/07/2000,27.4,87,4
17/07/2000,28.1,82,3
18/07/2000,27.8,84,2
19/07/2000,25.5,91,2
20/07/2000,27.3,84,3
21/07/2000,27.1,82,2
22/07/2000,25.7,88,2
23/07/2000,26.2,89,2
24/07/2000,25.6,91,2
25/07/2000,25.2,89,3
26/07/2000,26.5,86,2
27/07/2000,26.8,78,3
28/07/2000,26.9,86,3
29/07/2000,25.1,88,2
30/07/2000,26.5,86,2
31/07/2000,25.8,90,3
01/08/2000,24.1,95,2
02/08/2000,24.7,88,3
03/08/2000,24.8,90,0
04/08/2000,25.8,90,2
05/08/2000,24.7,90,2
06/08/2000,25.2,90,2
07/08/2000,25.6,88,2
08/08/2000,25.6,90,2
09/08/2000,26,86,1
10/08/2000,26.5,84,1
11/08/2000,26.3,86,3
12/08/2000,24.2,96,1
13/08/2000,26.9,84,4
14/08/2000,26.3,83,2
15/08/2000,26.2,85,3
16/08/2000,25.1,90,2
17/08/2000,26.4,82,2
18/08/2000,26.9,83,2
19/08/2000,26.7,85,2
20/08/2000,25.6,91,3
21/08/2000,26.5,85,3
22/08/2000,27.1,77,3
23/08/2000,27.7,82,2
24/08/2000,27.3,85,5
25/08/2000,28.7,77,4
26/08/2000,27.8,79,3
27/08/2000,25.5,92,2
28/08/2000,27.6,82,3
29/08/2000,28.5,77,5
30/08/2000,27.6,83,2
31/08/2000,27.3,84,2
01/09/2000,28.7,78,3
02/09/2000,28.9,79,3
03/09/2000,28,84,3
04/09/2000,25.4,93,2
05/09/2000,27.4,82,2
06/09/2000,26.9,84,2
07/09/2000,26.6,85,2
08/09/2000,25.2,95,2
09/09/2000,25.9,89,2
10/09/2000,26.8,86,3
11/09/2000,27.4,82,4
12/09/2000,26.9,80,5
13/09/2000,27.4,85,2
14/09/2000,26.5,87,3
15/09/2000,27.8,82,4
16/09/2000,27.5,80,4
17/09/2000,26.1,90,2
18/09/2000,25.9,89,1
19/09/2000,25.7,88,3
20/09/2000,26.8,83,3
21/09/2000,26,88,2
22/09/2000,26,86,2
23/09/2000,25.2,95,2
24/09/2000,25.6,87,2
25/09/2000,26.7,84,2
26/09/2000,26.7,84,2
27/09/2000,27.3,84,2
28/09/2000,26.6,87,2
29/09/2000,25.6,90,1
30/09/2000,26.4,85,2
01/10/2000,25,92,2
02/10/2000,25.3,92,2
03/10/2000,27.1,82,1
04/10/2000,24.8,92,1
05/10/2000,24.7,88,2
06/10/2000,26.6,80,2
07/10/2000,26,87,1
08/10/2000,26.3,86,2
09/10/2000,27,87,3
10/10/2000,25.5,96,1
11/10/2000,27.8,85,3
12/10/2000,26.9,87,0
13/10/2000,27.6,84,3
14/10/2000,26.6,80,2
15/10/2000,27.7,82,1
16/10/2000,28,85,2
17/10/2000,27.6,84,2
18/10/2000,27.2,84,3
19/10/2000,27.1,86,2
20/10/2000,27.3,85,1
21/10/2000,27.2,82,2
22/10/2000,27.8,83,2
23/10/2000,27.1,86,2
24/10/2000,26.8,85,0
25/10/2000,27,86,2
26/10/2000,27.8,80,3
27/10/2000,26.8,84,2
28/10/2000,27.8,79,2
29/10/2000,27.5,81,5
30/10/2000,28.3,79,3
31/10/2000,28.4,79,3
01/11/2000,27.6,86,2
02/11/2000,26.4,91,1
03/11/2000,27,86,2
04/11/2000,26.4,83,0
05/11/2000,26,86,1
06/11/2000,26.1,89,1
07/11/2000,27.3,84,3
08/11/2000,26.9,86,2
09/11/2000,26.8,86,2
10/11/2000,25.6,92,1
11/11/2000,26.3,90,3
12/11/2000,26.7,87,1
13/11/2000,26.9,86,2
14/11/2000,27.5,82,2
15/11/2000,26.4,87,2
16/11/2000,26.2,93,1
17/11/2000,27.1,87,2
18/11/2000,27.6,82,3
19/11/2000,27.4,85,2
20/11/2000,27.7,84,2
21/11/2000,27,88,2
22/11/2000,26.2,91,2
23/11/2000,26,88,2
24/11/2000,28.5,76,4
25/11/2000,27.9,80,2
26/11/2000,28.3,75,3
27/11/2000,27.1,84,3
28/11/2000,27.5,80,2
29/11/2000,26.1,88,2
30/11/2000,26.9,83,3
01/12/2000,27,83,4
02/12/2000,27.9,78,2
03/12/2000,27.2,81,3
04/12/2000,27.4,84,3
05/12/2000,27.1,84,4
06/12/2000,27.4,84,3
07/12/2000,27.3,82,2
08/12/2000,27.4,80,2
09/12/2000,28,78,2
10/12/2000,27.8,84,3
11/12/2000,26.3,90,2
12/12/2000,26.3,86,3
13/12/2000,27.3,85,0
14/12/2000,27,87,2
15/12/2000,25.8,91,2
16/12/2000,26.6,87,2
17/12/2000,26.3,90,1
18/12/2000,26.4,88,3
19/12/2000,27,84,2
20/12/2000,26.9,85,3
21/12/2000,27.2,85,3
22/12/2000,25,92,1
23/12/2000,24.7,97,3
24/12/2000,25.9,88,2
25/12/2000,26.9,85,3
26/12/2000,26.9,84,3
27/12/2000,27.6,80,3
28/12/2000,27.6,82,3
29/12/2000,25.9,89,1
30/12/2000,26.7,85,2
31/12/2000,26.3,88,2
01/01/2001,26.2,89,4
02/01/2001,24.8,94,2
03/01/2001,26.8,82,3
04/01/2001,25.2,89,3
05/01/2001,26.3,83,3
06/01/2001,27,86,3
07/01/2001,26.8,85,2
08/01/2001,25.9,86,3
09/01/2001,26.6,86,2
10/01/2001,27,75,3
11/01/2001,25.8,84,2
12/01/2001,26.3,83,2
13/01/2001,27.5,81,2
14/01/2001,25.7,86,3
15/01/2001,27.6,80,4
16/01/2001,23.3,97,2
17/01/2001,24.8,90,2
18/01/2001,26.4,79,2
19/01/2001,26.8,84,3
20/01/2001,25.5,94,2
21/01/2001,26.3,85,4
22/01/2001,27.1,85,3
23/01/2001,26.7,88,3
24/01/2001,26.9,85,4
25/01/2001,27.1,85,3
26/01/2001,27.5,84,4
27/01/2001,27.2,84,3
28/01/2001,27.4,81,4
29/01/2001,26.5,88,3
30/01/2001,25.9,90,2
31/01/2001,24.2,91,3
01/02/2001,25.4,85,3
02/02/2001,26.3,86,2
03/02/2001,26.5,86,2
04/02/2001,26.6,84,3
05/02/2001,26,86,3
06/02/2001,26.6,85,4
07/02/2001,26.6,86,3
08/02/2001,25.7,84,3
09/02/2001,25.8,87,3
10/02/2001,26.2,82,3
11/02/2001,27,81,3
12/02/2001,26.6,84,2
13/02/2001,26.6,85,2
14/02/2001,27.1,84,5
15/02/2001,27.3,78,6
16/02/2001,27.2,78,5
17/02/2001,27.2,71,5
18/02/2001,26.6,78,5
19/02/2001,27,81,3
20/02/2001,26.7,82,2
21/02/2001,25.8,82,4
22/02/2001,26.9,81,4
23/02/2001,26.2,82,3
24/02/2001,26.9,81,2
25/02/2001,27.6,78,3
26/02/2001,27.4,76,6
27/02/2001,27.5,77,5
28/02/2001,27.5,76,4
01/03/2001,27.4,73,4
02/03/2001,27.8,75,4
03/03/2001,27,84,3
04/03/2001,26.3,86,2
05/03/2001,27.1,81,4
06/03/2001,26.8,79,3
07/03/2001,27.2,82,3
08/03/2001,27.1,82,3
09/03/2001,26.3,84,2
10/03/2001,26.6,78,2
11/03/2001,26.7,85,2
12/03/2001,25.8,81,4
13/03/2001,25.6,82,3
14/03/2001,27.4,82,3
15/03/2001,28.3,79,4
16/03/2001,27.2,86,4
17/03/2001,27.1,86,2
18/03/2001,26.7,79,3
19/03/2001,27.6,82,2
20/03/2001,27.5,84,3
21/03/2001,26.5,85,2
22/03/2001,26.7,90,2
23/03/2001,26.7,84,2
24/03/2001,25.8,86,1
25/03/2001,27.4,80,3
26/03/2001,27,87,3
27/03/2001,28.4,70,2
28/03/2001,28.3,74,2
29/03/2001,25.2,88,2
30/03/2001,27.2,87,2
31/03/2001,26,95,1
01/04/2001,27,86,2
02/04/2001,28.6,82,3
03/04/2001,27.6,84,2
04/04/2001,27.5,81,4
05/04/2001,26.2,91,1
06/04/2001,25.5,94,1
07/04/2001,25,91,0
08/04/2001,27.9,81,2
09/04/2001,27.7,82,2
10/04/2001,26.9,87,1
11/04/2001,27.4,82,2
12/04/2001,27.8,83,3
13/04/2001,24.8,94,1
14/04/2001,27,82,2
15/04/2001,27.5,85,3
16/04/2001,27.1,82,3
17/04/2001,28,83,2
18/04/2001,27.9,83,2
19/04/2001,27,88,1
20/04/2001,28.4,84,2
21/04/2001,27.1,89,2
22/04/2001,26.9,90,2
23/04/2001,26.4,90,1
24/04/2001,26.4,90,1
25/04/2001,26.2,92,1
26/04/2001,26.1,90,1
27/04/2001,27.7,82,2
28/04/2001,27.1,86,3
29/04/2001,26.7,85,2
30/04/2001,27.2,90,2
01/05/2001,26.2,92,1
02/05/2001,25.5,97,0
03/05/2001,27.4,90,2
04/05/2001,27.5,87,2
05/05/2001,27.8,84,3
06/05/2001,28.2,84,2
07/05/2001,27.2,90,2
08/05/2001,26.5,93,1
09/05/2001,28.4,82,2
10/05/2001,26.7,87,3
11/05/2001,27.9,82,2
12/05/2001,25.9,92,2
13/05/2001,28,81,2
14/05/2001,27.6,88,2
15/05/2001,28.3,87,3
16/05/2001,28.5,84,3
17/05/2001,27.1,86,3
18/05/2001,27.4,86,1
19/05/2001,26.8,83,2
20/05/2001,27.9,84,2
21/05/2001,28.4,82,3
22/05/2001,26.4,92,2
23/05/2001,27.3,88,2
24/05/2001,27.8,85,2
25/05/2001,28.1,85,2
26/05/2001,28.3,86,3
27/05/2001,24.9,95,2
28/05/2001,26.4,90,1
29/05/2001,27.4,82,2
30/05/2001,27.7,80,2
31/05/2001,27.7,84,2
01/06/2001,29,78,2
02/06/2001,27.3,85,1
03/06/2001,27.7,83,1
04/06/2001,26.1,90,1
05/06/2001,27.6,81,2
06/06/2001,25.2,92,0
07/06/2001,26.8,89,3
08/06/2001,26.7,82,1
09/06/2001,27.6,83,1
10/06/2001,27.8,83,2
11/06/2001,26.7,88,2
12/06/2001,27.2,85,2
13/06/2001,27.6,84,1
14/06/2001,28,78,2
15/06/2001,25.4,88,2
16/06/2001,25.9,83,2
17/06/2001,27.8,80,2
18/06/2001,26.7,82,2
19/06/2001,27.8,82,3
20/06/2001,26.7,85,2
21/06/2001,27.3,80,3
22/06/2001,27.3,82,2
23/06/2001,28.4,82,3
24/06/2001,27.5,88,2
25/06/2001,27.7,84,3
26/06/2001,25.8,80,2
27/06/2001,28.3,86,3
28/06/2001,27.3,85,2
29/06/2001,26,89,2
30/06/2001,28,82,2
01/07/2001,28.2,83,3
02/07/2001,28.5,78,3
03/07/2001,28.3,80,3
04/07/2001,27.5,81,3
05/07/2001,27.2,80,3
06/07/2001,27.9,74,4
07/07/2001,28.6,68,3
08/07/2001,27.2,79,3
09/07/2001,28.4,80,3
10/07/2001,28.7,83,4
11/07/2001,28.8,79,3
12/07/2001,25.9,93,1
13/07/2001,27,90,2
14/07/2001,27.7,84,3
15/07/2001,26.8,89,1
16/07/2001,25.6,90,1
17/07/2001,26.1,88,2
18/07/2001,26.9,86,0
19/07/2001,27.5,80,2
20/07/2001,26.4,88,2
21/07/2001,26.7,84,2
22/07/2001,25.9,89,1
23/07/2001,27.2,85,2
24/07/2001,27.3,83,2
25/07/2001,27.4,81,2
26/07/2001,26.8,85,2
27/07/2001,27.9,80,2
28/07/2001,24.6,96,2
29/07/2001,25.8,90,2
30/07/2001,27.4,86,2
31/07/2001,26.6,83,2
01/08/2001,25.6,93,0
02/08/2001,24.7,96,1
03/08/2001,24.3,94,0
04/08/2001,26.9,86,2
05/08/2001,26.6,87,2
06/08/2001,27.1,82,3
07/08/2001,28.2,83,4
08/08/2001,25.8,92,1
09/08/2001,26.5,86,2
10/08/2001,28,83,2
11/08/2001,26.6,88,0
12/08/2001,28.1,81,3
13/08/2001,27.5,82,2
14/08/2001,27.9,80,2
15/08/2001,28.1,84,3
16/08/2001,28.8,79,2
17/08/2001,26.2,86,2
18/08/2001,27.8,82,2
19/08/2001,27.9,85,2
20/08/2001,27.6,84,2
21/08/2001,24.7,91,2
22/08/2001,26.8,86,2
23/08/2001,28.7,79,2
24/08/2001,28.1,86,2
25/08/2001,28.4,81,3
26/08/2001,27,88,2
27/08/2001,25.7,91,2
28/08/2001,27,86,2
29/08/2001,28,84,3
30/08/2001,23.9,94,2
31/08/2001,26.2,87,1
01/09/2001,27.7,83,2
02/09/2001,27.8,78,2
03/09/2001,27.9,81,3
04/09/2001,26.4,87,1
05/09/2001,25.4,92,1
06/09/2001,25.2,96,1
07/09/2001,25.4,90,2
08/09/2001,26.7,86,2
09/09/2001,27.7,80,3
10/09/2001,28.5,78,2
11/09/2001,26.5,82,2
12/09/2001,27.2,84,2
13/09/2001,26.7,84,2
14/09/2001,26.4,86,2
15/09/2001,26.3,90,1
16/09/2001,26.7,87,1
17/09/2001,27.1,82,2
18/09/2001,27,82,2
19/09/2001,24.8,95,0
20/09/2001,26.7,84,1
21/09/2001,27,85,2
22/09/2001,27,86,2
23/09/2001,26.7,88,1
24/09/2001,27.7,79,2
25/09/2001,26.5,85,2
26/09/2001,28.2,78,3
27/09/2001,25.2,92,1
28/09/2001,27.6,83,2
29/09/2001,25.7,88,1
30/09/2001,26.9,86,1
01/10/2001,26.5,84,2
02/10/2001,27.5,78,3
03/10/2001,24.7,91,1
04/10/2001,26.2,87,2
05/10/2001,27,83,1
06/10/2001,26,88,0
07/10/2001,24.7,92,2
08/10/2001,27.3,74,1
09/10/2001,27.1,83,0
10/10/2001,27.1,84,1
11/10/2001,26.8,82,2
12/10/2001,28,81,2
13/10/2001,27.8,78,2
14/10/2001,28.6,76,2
15/10/2001,28.5,81,3
16/10/2001,26.8,80,2
17/10/2001,28.2,81,2
18/10/2001,26.4,86,2
19/10/2001,26.7,82,1
20/10/2001,26.9,89,2
21/10/2001,26.3,91,1
22/10/2001,27.4,80,1
23/10/2001,26.1,90,2
24/10/2001,26.9,89,2
25/10/2001,26.9,84,2
26/10/2001,26.4,88,1
27/10/2001,26.7,91,1
28/10/2001,26.9,85,2
29/10/2001,27.1,84,2
30/10/2001,26.6,83,1
31/10/2001,24.3,97,1
01/11/2001,26.8,84,0
02/11/2001,24.9,94,0
03/11/2001,26,91,1
04/11/2001,27,84,1
05/11/2001,25.7,93,1
06/11/2001,27.6,82,1
07/11/2001,27.8,82,2
08/11/2001,26.8,89,1
09/11/2001,28,82,0
10/11/2001,27.1,88,1
11/11/2001,27.2,84,1
12/11/2001,27.2,88,0
13/11/2001,27.2,85,0
14/11/2001,25.8,94,1
15/11/2001,24.7,95,0
16/11/2001,27,80,2
17/11/2001,26.9,82,3
18/11/2001,27.6,74,3
19/11/2001,27.2,78,2
20/11/2001,26.5,86,2
21/11/2001,26.2,89,3
22/11/2001,27.2,82,4
23/11/2001,27.5,77,3
24/11/2001,27.3,82,3
25/11/2001,27.1,75,3
26/11/2001,26.5,78,2
27/11/2001,27.2,79,4
28/11/2001,27.8,76,3
29/11/2001,27.9,82,3
30/11/2001,24.6,94,1
01/12/2001,26.8,84,1
02/12/2001,26.8,86,2
03/12/2001,26.5,86,1
04/12/2001,26.7,84,2
05/12/2001,27.5,80,2
06/12/2001,27.5,83,2
07/12/2001,27.3,84,2
08/12/2001,27,84,2
09/12/2001,27.3,84,2
10/12/2001,26,85,2
11/12/2001,25.9,90,2
12/12/2001,27.4,82,4
13/12/2001,27.8,76,3
14/12/2001,27.4,81,2
15/12/2001,28.1,76,3
16/12/2001,27.3,84,2
17/12/2001,26.8,89,0
18/12/2001,27.3,84,4
19/12/2001,26.1,90,2
20/12/2001,26.9,83,3
21/12/2001,24.4,95,2
22/12/2001,26,86,2
23/12/2001,24.8,93,2
24/12/2001,25.2,92,3
25/12/2001,24.4,96,2
26/12/2001,25,91,3
27/12/2001,23.4,98,6
28/12/2001,26,84,3
29/12/2001,26.8,86,6
30/12/2001,27.2,72,5
31/12/2001,26.7,76,3
01/01/2002,26.9,78,4
02/01/2002,26.6,76,4
03/01/2002,26.6,73,4
04/01/2002,27,74,3
05/01/2002,26.9,81,5
06/01/2002,27.2,81,6
07/01/2002,27,80,5
08/01/2002,26.9,82,6
09/01/2002,26.4,84,5
10/01/2002,26.6,84,4
11/01/2002,26.4,87,5
12/01/2002,26.7,85,5
13/01/2002,26.9,81,5
14/01/2002,27.3,76,4
15/01/2002,26.8,78,4
16/01/2002,27.6,79,5
17/01/2002,27.4,80,4
18/01/2002,27.2,82,4
19/01/2002,27.3,82,4
20/01/2002,27.6,80,4
21/01/2002,27,82,5
22/01/2002,27,84,6
23/01/2002,25.1,93,4
24/01/2002,25,96,3
25/01/2002,25,97,2
26/01/2002,26.6,86,3
27/01/2002,27.3,79,5
28/01/2002,27.6,77,7
29/01/2002,27.7,76,6
30/01/2002,27.5,77,5
31/01/2002,26.9,79,6
01/02/2002,27.3,75,4
02/02/2002,26.4,81,4
03/02/2002,26.8,78,5
04/02/2002,27,74,4
05/02/2002,26.7,80,5
06/02/2002,26.7,75,5
07/02/2002,26.5,76,5
08/02/2002,26.4,73,4
09/02/2002,26.6,73,6
10/02/2002,27.3,72,4
11/02/2002,27.4,78,4
12/02/2002,27.7,76,6
13/02/2002,23.2,95,4
14/02/2002,27.1,76,3
15/02/2002,24.5,90,4
16/02/2002,27.1,75,5
17/02/2002,27,76,5
18/02/2002,27,75,5
19/02/2002,27.2,78,5
20/02/2002,27.2,80,4
21/02/2002,26.9,83,3
22/02/2002,26.9,87,3
23/02/2002,27.6,79,5
24/02/2002,27.5,80,4
25/02/2002,27.3,82,4
26/02/2002,27.3,83,4
27/02/2002,27.4,85,4
28/02/2002,27.6,82,5
01/03/2002,28.1,78,5
02/03/2002,27.9,78,5
03/03/2002,27.6,79,5
04/03/2002,27.5,78,5
05/03/2002,27.1,79,4
06/03/2002,27.2,80,4
07/03/2002,27.2,71,4
08/03/2002,27.9,73,5
09/03/2002,27.8,74,5
10/03/2002,27.7,76,5
11/03/2002,27.7,76,5
12/03/2002,27.9,76,5
13/03/2002,27.9,78,4
14/03/2002,27.4,82,4
15/03/2002,27.5,81,3
16/03/2002,28.4,80,4
17/03/2002,28.5,76,3
18/03/2002,26.5,86,3
19/03/2002,28.2,78,5
20/03/2002,26.8,83,3
21/03/2002,26.4,84,2
22/03/2002,27.2,86,3
23/03/2002,27.6,83,3
24/03/2002,28.8,76,2
25/03/2002,29.2,79,3
26/03/2002,29.5,74,4
27/03/2002,28.3,79,4
28/03/2002,28.6,77,3
29/03/2002,28.8,80,3
30/03/2002,26.9,86,2
31/03/2002,26,93,2
01/04/2002,28.2,77,3
02/04/2002,27.6,78,3
03/04/2002,27.3,79,2
04/04/2002,28,78,2
05/04/2002,28.3,79,3
06/04/2002,28.6,78,2
07/04/2002,28.5,79,2
08/04/2002,27.9,87,1
09/04/2002,26.5,89,3
10/04/2002,26.1,84,2
11/04/2002,27.6,78,3
12/04/2002,28.3,79,4
13/04/2002,29.5,72,4
14/04/2002,27.7,85,3
15/04/2002,27.4,84,2
16/04/2002,27.9,83,2
17/04/2002,27.5,83,1
18/04/2002,29,76,4
19/04/2002,28.8,74,4
20/04/2002,29.1,78,4
21/04/2002,29.1,78,2
22/04/2002,27.5,86,2
23/04/2002,27.8,85,2
24/04/2002,27.4,85,2
25/04/2002,25.6,95,1
26/04/2002,28,83,2
27/04/2002,27.4,86,1
28/04/2002,27.7,88,2
29/04/2002,26.9,91,2
30/04/2002,26,93,1
01/05/2002,25.7,95,1
02/05/2002,26.5,90,1
03/05/2002,28.2,85,2
04/05/2002,28.4,84,2
05/05/2002,27.4,88,1
06/05/2002,28,86,2
07/05/2002,26.6,86,2
08/05/2002,28.4,82,2
09/05/2002,26.9,89,2
10/05/2002,29,79,3
11/05/2002,28.7,81,3
12/05/2002,28.8,76,1
13/05/2002,28.8,80,2
14/05/2002,29.3,82,2
15/05/2002,28.7,83,2
16/05/2002,29.8,78,4
17/05/2002,29.9,81,3
18/05/2002,29,81,3
19/05/2002,29.9,74,4
20/05/2002,29.4,76,4
21/05/2002,26.8,86,2
22/05/2002,27.9,84,2
23/05/2002,27.2,87,2
24/05/2002,26.4,90,2
25/05/2002,27.7,87,2
26/05/2002,25.9,95,2
27/05/2002,25.2,95,0
28/05/2002,27.5,82,2
29/05/2002,26.3,94,2
30/05/2002,27.8,83,2
31/05/2002,26.3,92,1
01/06/2002,27.5,83,2
02/06/2002,28.4,83,2
03/06/2002,26,93,2
04/06/2002,27.7,82,2
05/06/2002,28.1,84,3
06/06/2002,26.7,90,1
07/06/2002,28.2,82,1
08/06/2002,28.1,81,2
09/06/2002,27,90,3
10/06/2002,26.9,86,2
11/06/2002,25.3,95,2
12/06/2002,25,97,2
13/06/2002,25.5,94,1
14/06/2002,26.3,90,1
15/06/2002,27.1,86,2
16/06/2002,27.1,88,2
17/06/2002,26.2,86,0
18/06/2002,27.1,84,2
19/06/2002,28.3,79,4
20/06/2002,28.8,75,3
21/06/2002,28.6,81,3
22/06/2002,28.1,82,3
23/06/2002,28,84,2
24/06/2002,28.8,82,2
25/06/2002,28.7,82,3
26/06/2002,27.3,86,3
27/06/2002,29.3,79,3
28/06/2002,27.4,86,1
29/06/2002,27.4,83,2
30/06/2002,27.5,87,3
01/07/2002,24.8,96,1
02/07/2002,26.8,87,3
03/07/2002,28.4,80,4
04/07/2002,28.3,81,4
05/07/2002,28.7,79,3
06/07/2002,28.9,77,4
07/07/2002,28.5,83,3
08/07/2002,28.7,82,4
09/07/2002,28.2,84,4
10/07/2002,27.7,82,2
11/07/2002,26.8,86,3
12/07/2002,27.9,82,3
13/07/2002,27.5,81,2
14/07/2002,28.3,78,4
15/07/2002,28.6,82,5
16/07/2002,27.2,82,3
17/07/2002,27.9,84,3
18/07/2002,25.4,91,2
19/07/2002,26.7,84,2
20/07/2002,27.2,86,2
21/07/2002,27.7,83,2
22/07/2002,26.8,88,2
23/07/2002,25.1,92,2
24/07/2002,27.1,83,2
25/07/2002,27.3,84,2
26/07/2002,27.3,84,3
27/07/2002,27,86,2
28/07/2002,26.8,87,2
29/07/2002,25.7,90,2
30/07/2002,27.4,78,2
31/07/2002,26.8,86,2
01/08/2002,28.3,81,3
02/08/2002,27.8,80,2
03/08/2002,27.2,82,3
04/08/2002,26.7,88,3
05/08/2002,27.9,76,4
06/08/2002,28,81,4
07/08/2002,27.8,80,3
08/08/2002,27.6,83,2
09/08/2002,27.8,82,2
10/08/2002,27.2,81,3
11/08/2002,28.2,81,4
12/08/2002,26.2,80,1
13/08/2002,27.4,78,3
14/08/2002,28.6,79,4
15/08/2002,28.7,70,4
16/08/2002,27.8,77,4
17/08/2002,28.4,71,4
18/08/2002,28.4,75,4
19/08/2002,28.5,76,4
20/08/2002,28.4,74,4
21/08/2002,28.5,78,4
22/08/2002,28.8,79,3
23/08/2002,27.6,84,2
24/08/2002,27.1,84,2
25/08/2002,27.8,84,2
26/08/2002,26.7,90,1
27/08/2002,27.2,82,3
28/08/2002,27,88,2
29/08/2002,28.3,82,3
30/08/2002,27.5,86,2
31/08/2002,25.1,94,2
01/09/2002,26.4,89,2
02/09/2002,27.1,90,2
03/09/2002,25.9,90,2
04/09/2002,24.8,92,2
05/09/2002,27.5,83,3
06/09/2002,27.7,87,2
07/09/2002,27.1,87,2
08/09/2002,25.6,95,1
09/09/2002,26.4,87,3
10/09/2002,25.9,89,2
11/09/2002,26.3,86,1
12/09/2002,26.8,85,2
13/09/2002,27.9,82,2
14/09/2002,26.7,86,2
15/09/2002,27.6,87,3
16/09/2002,27.3,86,3
17/09/2002,27.8,80,2
18/09/2002,27.9,83,2
19/09/2002,27.4,84,3
20/09/2002,27,85,2
21/09/2002,26.8,88,2
22/09/2002,28.2,82,2
23/09/2002,27.7,83,2
24/09/2002,27,88,3
25/09/2002,27,88,2
26/09/2002,28.2,83,3
27/09/2002,25,94,1
28/09/2002,27.6,82,1
29/09/2002,25.3,92,0
30/09/2002,26.3,86,2
01/10/2002,27.8,84,2
02/10/2002,27,83,2
03/10/2002,26.6,90,1
04/10/2002,27.4,87,2
05/10/2002,28.1,82,2
06/10/2002,27.4,83,1
07/10/2002,26.9,85,1
08/10/2002,28.1,81,2
09/10/2002,27.7,81,3
10/10/2002,29,77,3
11/10/2002,28.3,82,2
12/10/2002,28.3,84,2
13/10/2002,28.4,83,2
14/10/2002,27.4,90,1
15/10/2002,27.3,85,2
16/10/2002,28.1,82,2
17/10/2002,27,87,2
18/10/2002,28,82,2
19/10/2002,27.2,82,2
20/10/2002,26.9,83,1
21/10/2002,27.3,85,1
22/10/2002,28,80,1
23/10/2002,28,85,1
24/10/2002,26.7,89,2
25/10/2002,27.1,86,0
26/10/2002,27.5,86,1
27/10/2002,25.2,95,0
28/10/2002,27.6,82,2
29/10/2002,27.7,84,2
30/10/2002,27.4,84,2
31/10/2002,28,82,1
01/11/2002,27.8,82,3
02/11/2002,26,90,1
03/11/2002,26.6,90,1
04/11/2002,27.3,85,0
05/11/2002,28,82,2
06/11/2002,27.3,87,2
07/11/2002,28.4,83,2
08/11/2002,28.2,84,1
09/11/2002,28.9,79,3
10/11/2002,26.1,92,2
11/11/2002,27.6,86,1
12/11/2002,28.5,83,2
13/11/2002,27.7,86,2
14/11/2002,27.8,84,1
15/11/2002,27.8,84,0
16/11/2002,27.6,85,2
17/11/2002,27.1,88,1
18/11/2002,26.6,89,2
19/11/2002,25.8,96,2
20/11/2002,26.6,88,2
21/11/2002,26.2,87,2
22/11/2002,26,90,0
23/11/2002,27.1,86,2
24/11/2002,27.6,80,2
25/11/2002,26.1,88,2
26/11/2002,26.8,82,2
27/11/2002,27.8,82,3
28/11/2002,26.7,87,2
29/11/2002,26.1,91,0
30/11/2002,27.5,84,0
01/12/2002,27.5,85,1
02/12/2002,27.9,84,2
03/12/2002,27.1,86,3
04/12/2002,27.7,82,4
05/12/2002,27.5,86,2
06/12/2002,28.1,82,2
07/12/2002,27.7,85,2
08/12/2002,27.5,86,3
09/12/2002,27.2,85,4
10/12/2002,28.6,79,4
11/12/2002,26.2,92,2
12/12/2002,25.7,94,2
13/12/2002,26.5,88,2
14/12/2002,27.1,87,5
15/12/2002,24.4,98,2
16/12/2002,26.1,93,3
17/12/2002,25.9,96,2
18/12/2002,27.3,88,3
19/12/2002,27.7,86,3
20/12/2002,26.8,92,2
21/12/2002,27.3,88,2
22/12/2002,26.6,94,2
23/12/2002,26.1,96,3
24/12/2002,24.7,96,2
25/12/2002,26.3,90,2
26/12/2002,25.9,94,2
27/12/2002,26.4,84,2
28/12/2002,27.4,82,3
29/12/2002,26,93,2
30/12/2002,27.7,88,2
31/12/2002,25.7,93,2
01/01/2003,27.2,88,3
02/01/2003,27.4,85,3
03/01/2003,25.4,94,2
04/01/2003,25.7,91,3
05/01/2003,26.3,88,4
06/01/2003,25.6,92,2
07/01/2003,25.6,94,2
08/01/2003,25,94,3
09/01/2003,27.3,79,4
10/01/2003,27,82,3
11/01/2003,24.7,93,2
12/01/2003,25.5,93,3
13/01/2003,27.2,79,4
14/01/2003,27.1,76,4
15/01/2003,27.7,81,4
16/01/2003,27.5,80,4
17/01/2003,26.6,86,5
18/01/2003,27.3,83,6
19/01/2003,24.4,98,4
20/01/2003,27,83,4
21/01/2003,26.7,86,4
22/01/2003,27.1,80,3
23/01/2003,26.4,90,4
24/01/2003,27.2,81,5
25/01/2003,27.5,81,4
26/01/2003,27.5,80,4
27/01/2003,26.8,84,5
28/01/2003,26.5,83,5
29/01/2003,25.8,92,4
30/01/2003,26.1,91,3
31/01/2003,24.3,98,4
01/02/2003,26.7,87,4
02/02/2003,25.9,91,4
03/02/2003,26,91,3
04/02/2003,26.8,83,3
05/02/2003,25,92,4
06/02/2003,25.8,84,5
07/02/2003,26.3,82,4
08/02/2003,26.5,85,4
09/02/2003,27.3,84,4
10/02/2003,27.2,86,4
11/02/2003,27.8,81,6
12/02/2003,28.2,80,6
13/02/2003,27.8,81,6
14/02/2003,27.2,85,3
15/02/2003,26.7,87,3
16/02/2003,24.7,97,2
17/02/2003,26.2,88,3
18/02/2003,25.9,91,4
19/02/2003,25.8,87,4
20/02/2003,27.3,82,5
21/02/2003,27,78,4
22/02/2003,27.1,82,3
23/02/2003,27.1,79,5
24/02/2003,27,81,3
25/02/2003,27.5,80,5
26/02/2003,27.7,82,5
27/02/2003,27.5,80,2
28/02/2003,27.1,82,4
01/03/2003,27.3,78,4
02/03/2003,28,81,4
03/03/2003,27.6,82,3
04/03/2003,28.1,84,2
05/03/2003,28.2,83,3
06/03/2003,28.1,83,3
07/03/2003,27.5,84,3
08/03/2003,26.6,90,3
09/03/2003,27,85,5
10/03/2003,28.2,77,6
11/03/2003,29.1,76,6
12/03/2003,28.8,76,5
13/03/2003,26.3,89,3
14/03/2003,27.2,83,4
15/03/2003,28.1,75,5
16/03/2003,28.1,75,4
17/03/2003,27.9,78,4
18/03/2003,28.5,78,4
19/03/2003,27.8,86,3
20/03/2003,27.7,84,3
21/03/2003,27.3,84,4
22/03/2003,28.6,76,4
23/03/2003,28.5,79,5
24/03/2003,28.9,76,4
25/03/2003,28.5,80,3
26/03/2003,27.8,82,2
27/03/2003,26.9,86,3
28/03/2003,26.6,90,1
29/03/2003,28,81,2
30/03/2003,27,83,2
31/03/2003,27.4,88,2
01/04/2003,27.3,85,1
02/04/2003,28,78,2
03/04/2003,28.3,79,2
04/04/2003,27.5,82,2
05/04/2003,28.1,76,2
06/04/2003,27.9,85,2
07/04/2003,28,82,2
08/04/2003,28.6,83,2
09/04/2003,26.5,91,1
10/04/2003,25.7,94,1
11/04/2003,25.6,95,1
12/04/2003,26.1,90,1
13/04/2003,27.7,84,1
14/04/2003,27.8,85,2
15/04/2003,25.5,96,0
16/04/2003,27.4,86,1
17/04/2003,26.5,90,1
18/04/2003,27.4,86,2
19/04/2003,25.7,91,1
20/04/2003,26.9,89,2
21/04/2003,27.9,82,1
22/04/2003,26.3,92,0
23/04/2003,27.4,88,0
24/04/2003,27.5,90,2
25/04/2003,27.3,88,2
26/04/2003,27.2,88,1
27/04/2003,28.2,82,3
28/04/2003,28.4,86,2
29/04/2003,28.6,82,2
30/04/2003,26.9,94,1
01/05/2003,27.3,90,2
02/05/2003,28,86,3
03/05/2003,26.6,93,2
04/05/2003,27.4,91,2
05/05/2003,27.6,91,1
06/05/2003,28,88,1
07/05/2003,28.6,86,2
08/05/2003,28.5,86,2
09/05/2003,27.2,91,1
10/05/2003,27.1,88,2
11/05/2003,28.2,88,2
12/05/2003,27.4,88,2
13/05/2003,27.1,95,2
14/05/2003,27.1,84,1
15/05/2003,28.7,85,2
16/05/2003,29.4,82,2
17/05/2003,29.1,82,3
18/05/2003,29.3,83,2
19/05/2003,27.9,83,2
20/05/2003,28.8,85,3
21/05/2003,29.8,83,3
22/05/2003,29.6,81,4
23/05/2003,28.8,84,4
24/05/2003,29.9,76,3
25/05/2003,29.6,80,3
26/05/2003,29.7,81,3
27/05/2003,29.1,82,4
28/05/2003,30.1,73,4
29/05/2003,29.7,76,4
30/05/2003,29.7,79,4
31/05/2003,27.8,86,2
01/06/2003,28.3,84,3
02/06/2003,28.6,86,4
03/06/2003,28.6,78,3
04/06/2003,29.6,78,3
05/06/2003,28.2,84,3
06/06/2003,29.7,78,3
07/06/2003,29.2,81,3
08/06/2003,26.6,87,3
09/06/2003,28.2,82,3
10/06/2003,28.1,83,3
11/06/2003,27,88,3
12/06/2003,28.4,84,2
13/06/2003,27.9,85,3
14/06/2003,27.6,86,2
15/06/2003,28.1,80,3
16/06/2003,27.4,76,3
17/06/2003,27.4,86,2
18/06/2003,27.2,85,2
19/06/2003,27.5,84,2
20/06/2003,27.9,83,2
21/06/2003,29,80,3
22/06/2003,28.6,80,2
23/06/2003,27.2,84,2
24/06/2003,26.6,90,1
25/06/2003,25.5,96,0
26/06/2003,25.4,91,1
27/06/2003,27.4,86,2
28/06/2003,27.5,83,3
29/06/2003,27.3,84,2
30/06/2003,27.7,80,2
01/07/2003,27.1,85,2
02/07/2003,27.5,84,2
03/07/2003,24.4,93,1
04/07/2003,25.3,92,2
05/07/2003,27.2,86,1
06/07/2003,28.5,78,3
07/07/2003,26.9,85,4
08/07/2003,26.7,88,2
09/07/2003,26.9,85,3
10/07/2003,25.4,90,1
11/07/2003,25.9,92,2
12/07/2003,24.8,95,3
13/07/2003,26,85,2
14/07/2003,27.6,84,2
15/07/2003,26.9,90,2
16/07/2003,27.6,84,3
17/07/2003,26.2,89,2
18/07/2003,27.2,86,2
19/07/2003,28.3,82,3
20/07/2003,27.9,81,3
21/07/2003,28.3,77,4
22/07/2003,28.1,76,4
23/07/2003,28,78,4
24/07/2003,28.9,74,4
25/07/2003,28.7,79,3
26/07/2003,27.8,87,2
27/07/2003,28.6,82,3
28/07/2003,28.2,82,3
29/07/2003,27.5,84,3
30/07/2003,27.9,82,4
31/07/2003,27.9,80,3
01/08/2003,28,81,4
02/08/2003,28,83,3
03/08/2003,27.7,82,2
04/08/2003,27.7,84,3
05/08/2003,27.1,88,2
06/08/2003,27,85,3
07/08/2003,27.9,82,3
08/08/2003,28,84,3
09/08/2003,28.3,82,4
10/08/2003,28.6,79,3
11/08/2003,28.7,83,3
12/08/2003,28.2,82,3
13/08/2003,27.8,81,3
14/08/2003,26.6,87,2
15/08/2003,25,94,2
16/08/2003,27.4,84,4
17/08/2003,25.8,88,3
18/08/2003,27.9,80,3
19/08/2003,29,78,4
20/08/2003,29,76,3
21/08/2003,28.4,74,3
22/08/2003,29.3,76,4
23/08/2003,27.2,88,2
24/08/2003,26.9,89,2
25/08/2003,26.6,90,2
26/08/2003,28,88,3
27/08/2003,26.6,89,3
28/08/2003,24.9,96,2
29/08/2003,27.5,84,2
30/08/2003,27.7,80,3
31/08/2003,26.1,87,2
01/09/2003,26.8,86,2
02/09/2003,24.2,89,2
03/09/2003,27,84,2
04/09/2003,28,85,3
05/09/2003,27,90,2
06/09/2003,27.7,86,2
07/09/2003,28.5,85,3
08/09/2003,27.2,85,4
09/09/2003,25.8,86,3
10/09/2003,26.5,85,2
11/09/2003,26.5,88,2
12/09/2003,25.8,94,2
13/09/2003,28,83,2
14/09/2003,26.6,90,1
15/09/2003,27,89,2
16/09/2003,26.7,82,2
17/09/2003,26,94,2
18/09/2003,24.6,96,0
19/09/2003,26.9,84,2
20/09/2003,25.7,94,1
21/09/2003,25.2,93,2
22/09/2003,27.4,81,2
23/09/2003,25.6,93,0
24/09/2003,26.8,89,3
25/09/2003,25.2,96,2
26/09/2003,26.3,85,3
27/09/2003,26.3,89,2
28/09/2003,27.3,89,2
29/09/2003,26.8,90,2
30/09/2003,26.4,88,1
01/10/2003,27.4,84,3
02/10/2003,27.7,82,2
03/10/2003,27.8,81,2
04/10/2003,27.9,83,3
05/10/2003,27.6,86,3
06/10/2003,24.5,98,2
07/10/2003,27.5,85,3
08/10/2003,24.3,99,1
09/10/2003,27.2,86,3
10/10/2003,25.5,88,2
11/10/2003,26.6,84,2
12/10/2003,24.2,97,2
13/10/2003,26.7,86,2
14/10/2003,26.5,91,2
15/10/2003,25.3,90,2
16/10/2003,28.1,79,2
17/10/2003,25.9,94,2
18/10/2003,26,86,1
19/10/2003,27.5,81,3
20/10/2003,26.4,85,3
21/10/2003,27.4,80,3
22/10/2003,28.7,75,3
23/10/2003,28.5,81,3
24/10/2003,28.1,83,3
25/10/2003,26.7,89,1
26/10/2003,26.9,82,2
27/10/2003,27,83,3
28/10/2003,26.2,84,1
29/10/2003,26.8,85,2
30/10/2003,26.1,89,2
31/10/2003,27.1,80,3
01/11/2003,26.1,88,2
02/11/2003,27.5,83,2
03/11/2003,28,82,1
04/11/2003,27.1,87,3
05/11/2003,26.4,89,2
06/11/2003,26.8,86,2
07/11/2003,27.6,80,2
08/11/2003,28,83,2
09/11/2003,27.6,82,2
10/11/2003,27.2,84,2
11/11/2003,27.3,82,1
12/11/2003,28.3,77,2
13/11/2003,27.9,82,2
14/11/2003,26.5,92,1
15/11/2003,27.5,87,2
16/11/2003,26.5,89,0
17/11/2003,27.4,84,2
18/11/2003,26.3,90,1
19/11/2003,27.3,83,2
20/11/2003,25.6,93,0
21/11/2003,25.5,96,0
22/11/2003,26.7,86,1
23/11/2003,27.2,83,2
24/11/2003,27.2,86,2
25/11/2003,25,95,1
26/11/2003,26.2,84,2
27/11/2003,26.1,83,3
28/11/2003,24.5,94,1
29/11/2003,26.2,87,2
30/11/2003,26.5,85,1
01/12/2003,26.5,87,2
02/12/2003,26,86,2
03/12/2003,27.3,82,3
04/12/2003,25.9,89,3
05/12/2003,27.3,81,2
06/12/2003,27.5,81,4
07/12/2003,27.3,84,3
08/12/2003,25.8,90,1
09/12/2003,26.7,88,1
10/12/2003,24.6,97,0
11/12/2003,26.2,88,3
12/12/2003,25.9,91,2
13/12/2003,24.5,94,2
14/12/2003,24.9,96,1
15/12/2003,27.1,85,3
16/12/2003,26.5,86,4
17/12/2003,24.6,88,1
18/12/2003,26.6,84,3
19/12/2003,26.2,86,3
20/12/2003,25.6,89,3
21/12/2003,23.4,98,3
22/12/2003,26.8,78,4
23/12/2003,27,80,4
24/12/2003,26.7,78,4
25/12/2003,27.2,80,5
26/12/2003,27.3,78,5
27/12/2003,27.7,71,6
28/12/2003,27,77,4
29/12/2003,27.5,78,5
30/12/2003,27.4,80,5
31/12/2003,27.4,78,4
01/01/2004,26.9,78,4
02/01/2004,27.1,80,4
03/01/2004,27.3,80,5
04/01/2004,27.5,78,4
05/01/2004,26.1,88,4
06/01/2004,27.2,80,4
07/01/2004,27.3,79,5
08/01/2004,27.5,79,4
09/01/2004,26.8,84,4
10/01/2004,27.9,80,5
11/01/2004,27.1,81,6
12/01/2004,27.4,80,6
13/01/2004,26.7,76,6
14/01/2004,27.8,72,5
15/01/2004,26.7,83,5
16/01/2004,27.4,80,5
17/01/2004,27.8,78,6
18/01/2004,27.3,83,4
19/01/2004,25.5,89,2
20/01/2004,26.2,86,4
21/01/2004,27.4,77,4
22/01/2004,27.9,77,6
23/01/2004,25.6,88,4
24/01/2004,23.8,98,2
25/01/2004,24.6,92,4
26/01/2004,25.5,90,4
27/01/2004,25.5,92,3
28/01/2004,26.6,87,4
29/01/2004,24.1,98,1
30/01/2004,25.7,88,3
31/01/2004,27.1,84,3
01/02/2004,27.1,84,3
02/02/2004,24.5,92,1
03/02/2004,26.3,88,2
04/02/2004,27.3,84,4
05/02/2004,28.2,78,4
06/02/2004,27,85,4
07/02/2004,27.6,78,5
08/02/2004,27.5,78,5
09/02/2004,27.2,80,4
10/02/2004,27.8,79,6
11/02/2004,27.6,76,5
12/02/2004,27.6,74,5
13/02/2004,27.4,76,6
14/02/2004,27.6,74,6
15/02/2004,27.7,72,6
16/02/2004,27.2,75,6
17/02/2004,27.4,74,6
18/02/2004,27.4,76,6
19/02/2004,27.5,74,6
20/02/2004,27.8,73,6
21/02/2004,27.5,74,5
22/02/2004,26.9,76,4
23/02/2004,27.8,72,5
24/02/2004,27.1,76,4
25/02/2004,27.8,73,4
26/02/2004,27,78,4
27/02/2004,26.9,75,4
28/02/2004,27,82,3
29/02/2004,27.7,81,5
01/03/2004,27.9,78,3
02/03/2004,27.3,82,4
03/03/2004,27.7,81,1
04/03/2004,26.7,87,3
05/03/2004,28.3,76,5
06/03/2004,27.7,83,4
07/03/2004,28.2,76,5
08/03/2004,25.6,89,3
09/03/2004,25.5,90,3
10/03/2004,27.2,85,3
11/03/2004,25.7,92,1
12/03/2004,26.6,85,2
13/03/2004,26,88,3
14/03/2004,27.6,84,3
15/03/2004,26.9,84,3
16/03/2004,25.8,89,2
17/03/2004,26.9,86,4
18/03/2004,27.7,82,3
19/03/2004,28.1,79,3
20/03/2004,26.1,86,4
21/03/2004,28,78,3
22/03/2004,27.6,84,3
23/03/2004,27.2,83,3
24/03/2004,27.6,83,2
25/03/2004,28.2,83,1
26/03/2004,28.5,81,2
27/03/2004,27.6,88,2
28/03/2004,27.7,83,3
29/03/2004,28.4,77,2
30/03/2004,27.5,83,2
31/03/2004,28.8,79,3
01/04/2004,28.5,80,2
02/04/2004,27.3,86,2
03/04/2004,27.8,81,2
04/04/2004,26.2,91,2
05/04/2004,27.4,79,2
06/04/2004,27.9,81,3
07/04/2004,27.7,85,2
08/04/2004,28.1,80,2
09/04/2004,28.2,84,2
10/04/2004,29.2,78,3
11/04/2004,28.5,78,2
12/04/2004,28.8,77,2
13/04/2004,29.3,77,3
14/04/2004,29,79,3
15/04/2004,29.6,79,2
16/04/2004,29.9,74,3
17/04/2004,29,78,3
18/04/2004,29.4,76,2
19/04/2004,28.9,78,2
20/04/2004,30,72,3
21/04/2004,28.7,79,3
22/04/2004,28.9,75,3
23/04/2004,27.9,82,2
24/04/2004,26.7,84,1
25/04/2004,27.8,80,2
26/04/2004,29.3,76,2
27/04/2004,28.7,81,2
28/04/2004,28.6,79,2
29/04/2004,27.8,81,2
30/04/2004,27.2,88,0
01/05/2004,27.1,84,1
02/05/2004,27.8,86,1
03/05/2004,27.2,91,1
04/05/2004,26.8,94,1
05/05/2004,25.6,96,1
06/05/2004,27.5,86,2
07/05/2004,27.1,87,0
08/05/2004,28.2,76,1
09/05/2004,29.2,83,3
10/05/2004,30,80,3
11/05/2004,29.4,78,2
12/05/2004,27.9,84,2
13/05/2004,29.5,76,1
14/05/2004,29.4,80,1
15/05/2004,29.4,82,2
16/05/2004,28.9,84,1
17/05/2004,29,82,1
18/05/2004,28,86,2
19/05/2004,27.8,89,2
20/05/2004,28.1,84,3
21/05/2004,28.2,86,2
22/05/2004,27.8,87,2
23/05/2004,27.7,85,2
24/05/2004,26,86,2
25/05/2004,25.6,91,1
26/05/2004,25,92,1
27/05/2004,26,88,2
28/05/2004,27.5,82,2
29/05/2004,26.9,85,2
30/05/2004,27.7,83,2
31/05/2004,26.9,85,2
01/06/2004,27.6,79,1
02/06/2004,27.5,78,1
03/06/2004,28.2,80,2
04/06/2004,27.3,86,2
05/06/2004,25.8,88,1
06/06/2004,27.4,85,3
07/06/2004,27.9,82,2
08/06/2004,28.6,78,2
09/06/2004,25.4,93,1
10/06/2004,27.3,86,2
11/06/2004,27.6,82,2
12/06/2004,29.2,82,3
13/06/2004,29.2,82,4
14/06/2004,29.9,75,4
15/06/2004,29.3,80,4
16/06/2004,29.4,78,4
17/06/2004,29.4,77,4
18/06/2004,29.3,76,3
19/06/2004,28.6,78,4
20/06/2004,28.5,80,3
21/06/2004,28.9,79,3
22/06/2004,27.8,84,2
23/06/2004,27.7,85,3
24/06/2004,27.8,81,3
25/06/2004,27.3,81,3
26/06/2004,26.2,88,3
27/06/2004,27.8,76,3
28/06/2004,28.7,75,2
29/06/2004,27.8,81,3
30/06/2004,26.3,88,3
01/07/2004,27.5,84,3
02/07/2004,27.6,83,2
03/07/2004,26.8,85,0
04/07/2004,26.3,87,2
05/07/2004,27,84,2
06/07/2004,24.6,94,1
07/07/2004,26.3,86,2
08/07/2004,24.1,96,1
09/07/2004,26.3,86,2
10/07/2004,25,94,2
11/07/2004,26.7,80,1
12/07/2004,25.8,86,1
13/07/2004,27.4,84,1
14/07/2004,26.7,85,1
15/07/2004,26.1,86,1
16/07/2004,26.6,86,2
17/07/2004,25.1,89,2
18/07/2004,27.5,80,3
19/07/2004,28.4,74,4
20/07/2004,28.8,74,5
21/07/2004,25.4,84,2
22/07/2004,28.3,78,3
23/07/2004,27.7,82,2
24/07/2004,24.9,87,3
25/07/2004,26.9,83,2
26/07/2004,25.6,90,2
27/07/2004,26.1,90,2
28/07/2004,26.2,89,1
29/07/2004,26.8,82,1
30/07/2004,26.1,91,1
31/07/2004,24.6,95,2
01/08/2004,26,88,3
02/08/2004,24.7,90,2
03/08/2004,27.3,80,4
04/08/2004,27.5,78,5
05/08/2004,27.4,78,4
06/08/2004,27.8,74,4
07/08/2004,27.9,74,4
08/08/2004,26.8,80,4
09/08/2004,27.2,73,4
10/08/2004,27.3,79,3
11/08/2004,27.6,73,4
12/08/2004,28.3,74,4
13/08/2004,26.9,84,3
14/08/2004,27.5,80,3
15/08/2004,27.3,82,2
16/08/2004,26.3,87,3
17/08/2004,27.3,82,4
18/08/2004,27.2,85,3
19/08/2004,28.3,79,4
20/08/2004,26.3,90,2
21/08/2004,26.7,86,3
22/08/2004,28.1,80,3
23/08/2004,27,90,2
24/08/2004,27.1,88,3
25/08/2004,27.1,86,2
26/08/2004,27.9,84,3
27/08/2004,28.5,80,4
28/08/2004,28.7,77,3
29/08/2004,28.5,78,5
30/08/2004,28.4,78,4
31/08/2004,28.5,78,4
01/09/2004,28.7,78,4
02/09/2004,28.2,82,4
03/09/2004,28.4,80,3
04/09/2004,27.7,82,2
05/09/2004,26.3,89,2
06/09/2004,27.7,80,2
07/09/2004,27.8,80,3
08/09/2004,27.4,79,4
09/09/2004,28,78,3
10/09/2004,27.2,80,2
11/09/2004,27.9,80,2
12/09/2004,27.3,82,1
13/09/2004,27.2,83,3
14/09/2004,26.8,85,2
15/09/2004,25.3,92,1
16/09/2004,25,95,1
17/09/2004,26,88,1
18/09/2004,27.4,82,2
19/09/2004,28.1,80,3
20/09/2004,27.7,84,2
21/09/2004,27,83,2
22/09/2004,26,85,1
23/09/2004,27.6,82,2
24/09/2004,26.7,87,2
25/09/2004,27.1,86,1
26/09/2004,26.1,88,1
27/09/2004,27,86,1
28/09/2004,27.4,84,1
29/09/2004,25.7,92,1
30/09/2004,25.5,92,2
01/10/2004,26.7,82,0
02/10/2004,26.9,81,1
03/10/2004,27.3,83,1
04/10/2004,28.2,74,2
05/10/2004,28.7,76,3
06/10/2004,28.1,84,3
07/10/2004,28.3,79,3
08/10/2004,28.6,78,2
09/10/2004,26.6,86,2
10/10/2004,27.4,81,2
11/10/2004,28.5,81,2
12/10/2004,28.5,78,2
13/10/2004,27.8,82,1
14/10/2004,27.8,78,3
15/10/2004,28.2,79,2
16/10/2004,28.2,79,1
17/10/2004,28,82,2
18/10/2004,27.7,83,1
19/10/2004,26.1,88,1
20/10/2004,28.1,80,2
21/10/2004,26.3,86,2
22/10/2004,25.4,95,1
23/10/2004,25.9,91,1
24/10/2004,25.4,94,1
25/10/2004,26.9,84,3
26/10/2004,26.7,87,2
27/10/2004,27.7,82,3
28/10/2004,26.4,90,1
29/10/2004,27,84,1
30/10/2004,27.2,84,1
31/10/2004,26.8,85,2
01/11/2004,26.6,90,1
02/11/2004,26,91,1
03/11/2004,27.4,84,2
04/11/2004,26.5,89,1
05/11/2004,26.6,87,2
06/11/2004,27.9,76,2
07/11/2004,27.7,80,2
08/11/2004,27,87,1
09/11/2004,26.7,86,2
10/11/2004,27.4,84,2
11/11/2004,26.4,88,2
12/11/2004,27.3,85,2
13/11/2004,27.4,86,2
14/11/2004,27.2,87,1
15/11/2004,27.8,81,1
16/11/2004,26.9,85,2
17/11/2004,28.2,81,4
18/11/2004,28.6,71,3
19/11/2004,27,89,4
20/11/2004,25.1,89,3
21/11/2004,27.5,80,3
22/11/2004,26.4,82,2
23/11/2004,26.3,87,2
24/11/2004,27.6,80,2
25/11/2004,26.6,87,2
26/11/2004,26.2,88,1
27/11/2004,27.2,83,4
28/11/2004,26.5,88,1
29/11/2004,27.3,82,2
30/11/2004,27.3,83,3
01/12/2004,28,76,3
02/12/2004,28,78,2
03/12/2004,27.8,80,2
04/12/2004,26.6,86,2
05/12/2004,27.9,81,4
06/12/2004,25.6,92,2
07/12/2004,24.9,92,2
08/12/2004,25.4,87,2
09/12/2004,26.7,81,2
10/12/2004,27.2,80,3
11/12/2004,26.8,86,4
12/12/2004,25.6,92,3
13/12/2004,26.3,87,5
14/12/2004,27.3,79,4
15/12/2004,27.1,80,4
16/12/2004,27.3,82,3
17/12/2004,27.4,84,5
18/12/2004,27.4,82,4
19/12/2004,27.1,79,4
20/12/2004,27,76,5
21/12/2004,27.5,71,5
22/12/2004,27,76,4
23/12/2004,26.9,78,5
24/12/2004,27.4,74,5
25/12/2004,27.5,80,4
26/12/2004,27.2,78,3
27/12/2004,26.9,79,3
28/12/2004,24.9,92,2
29/12/2004,25,88,3
30/12/2004,25.6,89,2
31/12/2004,25.4,94,3
01/01/2005,26,89,5
02/01/2005,24.1,90,4
03/01/2005,25.6,89,4
04/01/2005,25.8,90,3
05/01/2005,25.5,85,3
06/01/2005,26.5,80,4
07/01/2005,25.6,86,3
08/01/2005,25.1,91,3
09/01/2005,25.7,88,3
10/01/2005,24.8,95,2
11/01/2005,26.2,88,4
12/01/2005,27.2,80,4
13/01/2005,27,80,5
14/01/2005,27,80,5
15/01/2005,27.1,78,6
16/01/2005,27.1,77,6
17/01/2005,25.2,89,5
18/01/2005,26.7,74,5
19/01/2005,26.3,76,4
20/01/2005,26.3,74,4
21/01/2005,26.4,78,4
22/01/2005,26.6,80,5
23/01/2005,27.2,75,5
24/01/2005,26.5,75,5
25/01/2005,26.2,75,4
26/01/2005,25.4,80,4
27/01/2005,26.2,79,3
28/01/2005,26.7,82,4
29/01/2005,26.8,77,4
30/01/2005,26.3,81,3
31/01/2005,26.8,77,4
01/02/2005,27.4,76,5
02/02/2005,27.2,76,4
03/02/2005,27.5,79,6
04/02/2005,28.2,76,5
05/02/2005,27.5,82,5
06/02/2005,27.2,74,4
07/02/2005,27,76,5
08/02/2005,27.1,76,4
09/02/2005,27.2,78,5
10/02/2005,28.2,76,6
11/02/2005,28,76,7
12/02/2005,27.9,76,6
13/02/2005,28,75,5
14/02/2005,28,76,6
15/02/2005,28.4,79,5
16/02/2005,28.2,80,4
17/02/2005,28,82,4
18/02/2005,28.1,81,4
19/02/2005,27.5,78,4
20/02/2005,28,76,5
21/02/2005,28.4,70,5
22/02/2005,28,72,5
23/02/2005,28,76,5
24/02/2005,28.4,80,5
25/02/2005,28.8,76,4
26/02/2005,28.1,80,3
27/02/2005,28.2,79,2
28/02/2005,27.6,83,2
01/03/2005,28,81,5
02/03/2005,28,79,4
03/03/2005,27.6,82,3
04/03/2005,27.5,81,7
05/03/2005,28.5,70,7
06/03/2005,28.3,73,9
07/03/2005,28.2,72,7
08/03/2005,27.9,71,5
09/03/2005,27.8,74,5
10/03/2005,27.8,76,5
11/03/2005,27.5,81,3
12/03/2005,27.8,82,4
13/03/2005,28.2,79,5
14/03/2005,28.6,78,5
15/03/2005,28.8,72,6
16/03/2005,28.8,76,6
17/03/2005,28.9,74,7
18/03/2005,29.1,74,7
19/03/2005,28.6,74,5
20/03/2005,28.2,76,4
21/03/2005,28.5,76,5
22/03/2005,28.9,75,4
23/03/2005,28.3,79,2
24/03/2005,28.6,78,3
25/03/2005,28.4,79,6
26/03/2005,27.9,80,3
27/03/2005,27.1,85,2
28/03/2005,26.9,89,1
29/03/2005,27.7,84,2
30/03/2005,28.1,82,2
31/03/2005,25.7,94,0
01/04/2005,27.7,84,3
02/04/2005,27,88,1
03/04/2005,27.9,83,3
04/04/2005,24.8,96,1
05/04/2005,26.6,86,3
06/04/2005,26.6,89,3
07/04/2005,27.6,83,2
08/04/2005,28.1,84,2
09/04/2005,26.4,80,2
10/04/2005,28,80,3
11/04/2005,27.1,83,2
12/04/2005,27.9,78,3
13/04/2005,28.7,79,3
14/04/2005,28.7,76,3
15/04/2005,27.6,84,2
16/04/2005,28.1,81,3
17/04/2005,27,81,3
18/04/2005,27.7,84,2
19/04/2005,27.8,82,3
20/04/2005,27.4,82,3
21/04/2005,27.9,80,2
22/04/2005,28.5,76,2
23/04/2005,28.7,79,2
24/04/2005,28.3,83,2
25/04/2005,28.4,81,2
26/04/2005,29.3,78,3
27/04/2005,29.3,76,2
28/04/2005,29.1,78,2
29/04/2005,28.6,80,3
30/04/2005,28.3,84,2
01/05/2005,28.4,82,2
02/05/2005,29,79,2
03/05/2005,28.9,79,2
04/05/2005,29,77,3
05/05/2005,27.7,89,0
06/05/2005,25.5,93,1
07/05/2005,27.8,84,1
08/05/2005,26.1,92,2
09/05/2005,27.7,84,2
10/05/2005,26.9,93,3
11/05/2005,28.6,81,4
12/05/2005,25.3,89,1
13/05/2005,28.5,83,2
14/05/2005,28.2,86,2
15/05/2005,28,79,3
16/05/2005,26,95,0
17/05/2005,25.1,96,1
18/05/2005,28.3,83,3
19/05/2005,27.2,86,2
20/05/2005,27.3,88,2
21/05/2005,27.1,89,2
22/05/2005,27.2,81,2
23/05/2005,28.2,84,2
24/05/2005,27.2,86,2
25/05/2005,26.6,87,2
26/05/2005,26.7,86,1
27/05/2005,27.2,82,1
28/05/2005,28.1,83,2
29/05/2005,26.8,86,2
30/05/2005,27.4,86,2
31/05/2005,28.1,83,2
01/06/2005,28.2,85,2
02/06/2005,28.9,82,2
03/06/2005,27.5,85,2
04/06/2005,28.2,83,2
05/06/2005,28,82,2
06/06/2005,28,85,1
07/06/2005,28.8,82,3
08/06/2005,27.3,86,2
09/06/2005,29.5,75,4
10/06/2005,29.2,78,3
11/06/2005,28.6,82,1
12/06/2005,28,86,2
13/06/2005,27.8,84,1
14/06/2005,26.8,88,2
15/06/2005,26.2,88,2
16/06/2005,28.6,82,1
17/06/2005,27.6,88,2
18/06/2005,27.4,81,1
19/06/2005,28.4,82,1
20/06/2005,27.9,80,2
21/06/2005,25.8,90,0
22/06/2005,27.5,84,2
23/06/2005,28.6,78,3
24/06/2005,28.4,84,2
25/06/2005,27.5,83,3
26/06/2005,27,85,2
27/06/2005,27.3,82,2
28/06/2005,27.5,84,2
29/06/2005,25.8,90,2
30/06/2005,27,87,2
01/07/2005,28.1,80,2
02/07/2005,27.4,80,2
03/07/2005,27,84,2
04/07/2005,25.8,86,3
05/07/2005,28,82,3
06/07/2005,27.7,79,2
07/07/2005,28.4,81,2
08/07/2005,27.8,82,3
09/07/2005,28.4,79,2
10/07/2005,28.6,79,2
11/07/2005,28,77,1
12/07/2005,25.2,92,1
13/07/2005,27.1,84,2
14/07/2005,27.5,82,2
15/07/2005,26.3,91,2
16/07/2005,25.9,86,2
17/07/2005,27.5,83,2
18/07/2005,25.4,94,2
19/07/2005,26.2,86,1
20/07/2005,27.4,80,2
21/07/2005,26.4,80,2
22/07/2005,27.6,83,2
23/07/2005,25.4,92,2
24/07/2005,25.5,95,1
25/07/2005,26.2,92,3
26/07/2005,25.1,84,2
27/07/2005,26.7,85,2
28/07/2005,27.9,85,3
29/07/2005,27.7,86,3
30/07/2005,25.7,90,2
31/07/2005,27.4,84,2
01/08/2005,27.5,85,2
02/08/2005,26,90,1
03/08/2005,27.4,86,2
04/08/2005,25.6,95,1
05/08/2005,27.1,84,2
06/08/2005,27.9,83,3
07/08/2005,28.6,76,4
08/08/2005,28,84,2
09/08/2005,27.6,84,3
10/08/2005,28,77,2
11/08/2005,27.1,91,3
12/08/2005,26,86,3
13/08/2005,28.1,78,3
14/08/2005,28.2,82,2
15/08/2005,28.2,82,2
16/08/2005,28.2,82,2
17/08/2005,28.3,80,2
18/08/2005,26.2,94,2
19/08/2005,27.7,83,2
20/08/2005,27.2,85,1
21/08/2005,25.8,90,2
22/08/2005,27.3,84,2
23/08/2005,26,92,0
24/08/2005,27.3,85,1
25/08/2005,26.8,88,2
26/08/2005,26.8,86,2
27/08/2005,26.9,82,2
28/08/2005,28.2,76,3
29/08/2005,28.1,82,4
30/08/2005,27.3,86,2
31/08/2005,28.2,82,4
01/09/2005,28.1,82,3
02/09/2005,26.1,94,1
03/09/2005,27.5,83,3
04/09/2005,25.2,94,1
05/09/2005,26.8,88,3
06/09/2005,28.9,79,3
07/09/2005,28.8,79,4
08/09/2005,27.2,82,2
09/09/2005,28.6,84,3
10/09/2005,27.5,86,2
11/09/2005,28.3,82,2
12/09/2005,28,84,1
13/09/2005,27.5,84,2
14/09/2005,28.1,80,2
15/09/2005,26.3,90,2
16/09/2005,27.5,84,3
17/09/2005,28,78,3
18/09/2005,26.1,82,2
19/09/2005,28,84,2
20/09/2005,28.8,80,2
21/09/2005,27.6,82,2
22/09/2005,25.6,95,1
23/09/2005,27.5,87,2
24/09/2005,28,82,2
25/09/2005,27.3,84,3
26/09/2005,27.6,84,4
27/09/2005,27.6,87,2
28/09/2005,27.2,88,1
29/09/2005,28,82,2
30/09/2005,28,83,1
01/10/2005,27.7,84,2
02/10/2005,26.2,86,1
03/10/2005,26.9,88,2
04/10/2005,27.1,83,3
05/10/2005,26.7,83,1
06/10/2005,28.3,80,2
07/10/2005,25.2,92,2
08/10/2005,27.5,88,2
09/10/2005,27.7,83,2
10/10/2005,27.8,84,2
11/10/2005,28,81,3
12/10/2005,28,85,2
13/10/2005,26.7,88,1
14/10/2005,25.8,93,1
15/10/2005,27,84,1
16/10/2005,25.5,94,2
17/10/2005,25.7,90,0
18/10/2005,27.3,84,2
19/10/2005,26.3,87,2
20/10/2005,26.4,87,3
21/10/2005,28.2,74,3
22/10/2005,27.4,83,2
23/10/2005,26.5,84,2
24/10/2005,27.7,83,1
25/10/2005,27.4,85,1
26/10/2005,26.3,85,2
27/10/2005,27.3,85,1
28/10/2005,26.5,89,0
29/10/2005,27.4,85,1
30/10/2005,27.8,80,2
31/10/2005,27.3,85,2
01/11/2005,27.9,82,4
02/11/2005,26.5,85,2
03/11/2005,26.6,84,2
04/11/2005,25.3,91,0
05/11/2005,25.4,94,1
06/11/2005,25.7,87,1
07/11/2005,27,80,2
08/11/2005,28.5,82,2
09/11/2005,27.1,87,2
10/11/2005,27,88,2
11/11/2005,27.4,82,1
12/11/2005,26.9,80,1
13/11/2005,27.8,83,1
14/11/2005,26.9,88,1
15/11/2005,26.4,86,2
16/11/2005,27.4,82,2
17/11/2005,26.1,89,0
18/11/2005,27.2,84,1
19/11/2005,26.4,88,0
20/11/2005,25.8,88,3
21/11/2005,25.4,90,3
22/11/2005,25,91,2
23/11/2005,25.9,84,1
24/11/2005,26.7,85,2
25/11/2005,24.3,94,1
26/11/2005,26.6,89,2
27/11/2005,27.2,82,2
28/11/2005,26.6,82,2
29/11/2005,27.3,84,3
30/11/2005,25.6,90,2
01/12/2005,27.6,79,3
02/12/2005,27,83,4
03/12/2005,26.2,85,2
04/12/2005,27.9,80,2
05/12/2005,26.1,86,2
06/12/2005,27.6,86,2
07/12/2005,26.1,89,2
08/12/2005,27.5,78,2
09/12/2005,26.4,88,0
10/12/2005,26.8,86,2
11/12/2005,25.4,90,0
12/12/2005,27.8,79,2
13/12/2005,27.1,83,2
14/12/2005,27.7,78,3
15/12/2005,29.3,67,2
16/12/2005,28.1,81,2
17/12/2005,27.5,84,2
18/12/2005,25.9,88,2
19/12/2005,27.1,81,3
20/12/2005,27.4,80,1
21/12/2005,27.4,81,3
22/12/2005,26,89,1
23/12/2005,25.8,90,1
24/12/2005,26.1,89,3
25/12/2005,25.5,86,1
26/12/2005,26.6,89,2
27/12/2005,26.5,89,3
28/12/2005,26.6,82,3
29/12/2005,27,80,2
30/12/2005,26.9,80,2
31/12/2005,25.9,87,2
01/01/2006,25.2,92,1
02/01/2006,25.8,90,1
03/01/2006,27,83,2
04/01/2006,25.2,92,1
05/01/2006,26.8,86,3
06/01/2006,26.4,86,2
07/01/2006,24.8,96,2
08/01/2006,23.7,100,4
09/01/2006,25.2,91,4
10/01/2006,24.5,97,3
11/01/2006,25.8,91,3
12/01/2006,23.3,97,1
13/01/2006,26.2,87,4
14/01/2006,27.2,81,4
15/01/2006,26.8,81,3
16/01/2006,26.6,82,3
17/01/2006,26.2,87,2
18/01/2006,26.3,87,2
19/01/2006,26.9,86,2
20/01/2006,27,86,2
21/01/2006,27.3,82,3
22/01/2006,26.8,84,3
23/01/2006,27,80,4
24/01/2006,27,75,4
25/01/2006,26.8,80,3
26/01/2006,27,72,5
27/01/2006,27.1,75,4
28/01/2006,26.9,79,4
29/01/2006,27.1,79,4
30/01/2006,27,76,5
31/01/2006,27.2,76,4
01/02/2006,26.6,84,4
02/02/2006,27.8,79,5
03/02/2006,27.9,77,6
04/02/2006,25.8,88,5
05/02/2006,27.2,78,5
06/02/2006,26.7,84,4
07/02/2006,27.7,76,6
08/02/2006,28,76,5
09/02/2006,25.5,90,2
10/02/2006,25,96,2
11/02/2006,26.8,81,2
12/02/2006,26.4,82,4
13/02/2006,27.3,84,5
14/02/2006,28.2,78,5
15/02/2006,27.6,80,4
16/02/2006,27.3,83,4
17/02/2006,27.6,78,5
18/02/2006,27.3,82,3
19/02/2006,27.3,82,4
20/02/2006,26.9,81,5
21/02/2006,27.8,79,5
22/02/2006,27.9,79,4
23/02/2006,27.4,82,4
24/02/2006,27.5,80,5
25/02/2006,28.3,77,4
26/02/2006,27.5,79,2
27/02/2006,27.7,81,5
28/02/2006,27.8,79,4
01/03/2006,27.7,80,5
02/03/2006,27.8,75,6
03/03/2006,28.2,72,5
04/03/2006,27.9,78,6
05/03/2006,28.1,75,5
06/03/2006,27.7,77,4
07/03/2006,28.1,74,4
08/03/2006,27.8,74,6
09/03/2006,28.1,74,4
10/03/2006,27.4,82,4
11/03/2006,27.9,79,4
12/03/2006,27.8,78,4
13/03/2006,27.7,77,2
14/03/2006,27.5,78,3
15/03/2006,27.6,72,5
16/03/2006,27.8,76,4
17/03/2006,28.3,75,4
18/03/2006,28,80,4
19/03/2006,28.3,75,2
20/03/2006,28.9,76,4
21/03/2006,26.6,90,1
22/03/2006,26.8,89,2
23/03/2006,27,85,3
24/03/2006,28.2,82,2
25/03/2006,27.8,84,4
26/03/2006,28.3,85,3
27/03/2006,26.2,92,1
28/03/2006,28,80,2
29/03/2006,27.4,86,1
30/03/2006,27.6,86,2
31/03/2006,26.8,87,2
01/04/2006,27.4,84,1
02/04/2006,28,81,1
03/04/2006,27.1,86,2
04/04/2006,26.7,90,1
05/04/2006,26.6,89,2
06/04/2006,27.8,84,3
07/04/2006,27.7,83,1
08/04/2006,27.2,82,2
09/04/2006,26.8,86,1
10/04/2006,28.8,82,2
11/04/2006,25.7,92,1
12/04/2006,27.6,84,0
13/04/2006,26,91,1
14/04/2006,25.7,92,1
15/04/2006,26.7,82,2
16/04/2006,26.3,88,1
17/04/2006,27.5,85,2
18/04/2006,27,86,2
19/04/2006,26.1,91,1
20/04/2006,26.7,88,2
21/04/2006,27.4,84,2
22/04/2006,27.3,82,2
23/04/2006,27.8,84,1
24/04/2006,27.5,83,2
25/04/2006,27.6,85,2
26/04/2006,27.4,87,2
27/04/2006,26.9,86,1
28/04/2006,28,83,1
29/04/2006,28.8,80,1
30/04/2006,28.3,82,1
01/05/2006,28.3,82,1
02/05/2006,27.7,82,1
03/05/2006,27.8,81,1
04/05/2006,28.4,80,1
05/05/2006,25.9,94,1
06/05/2006,27.4,86,2
07/05/2006,28.2,81,2
08/05/2006,28.7,78,3
09/05/2006,29.4,79,3
10/05/2006,27.4,88,1
11/05/2006,28.2,80,1
12/05/2006,27.3,90,1
13/05/2006,26,93,1
14/05/2006,27.7,87,0
15/05/2006,27.3,86,2
16/05/2006,28.8,81,3
17/05/2006,28.7,81,2
18/05/2006,28.4,80,2
19/05/2006,28,82,2
20/05/2006,28,82,2
21/05/2006,25.6,93,1
22/05/2006,27.3,88,2
23/05/2006,27.2,75,1
24/05/2006,27.3,83,2
25/05/2006,27.3,86,2
26/05/2006,28.2,82,2
27/05/2006,28.3,80,1
28/05/2006,25.4,95,1
29/05/2006,27.6,81,2
30/05/2006,28,84,2
31/05/2006,27.3,84,2
01/06/2006,28,81,1
02/06/2006,26.1,92,2
03/06/2006,28.3,77,2
04/06/2006,27.8,85,2
05/06/2006,27.7,84,2
06/06/2006,25.3,93,1
07/06/2006,27.1,81,2
08/06/2006,25.8,91,1
09/06/2006,24.8,95,1
10/06/2006,26.5,88,2
11/06/2006,24.3,96,1
12/06/2006,26.9,85,2
13/06/2006,25.6,90,0
14/06/2006,26.7,84,1
15/06/2006,27.5,83,2
16/06/2006,26.6,91,2
17/06/2006,26.4,91,2
18/06/2006,27.1,88,1
19/06/2006,26.2,89,2
20/06/2006,25.6,89,2
21/06/2006,27.2,84,2
22/06/2006,27.6,84,1
23/06/2006,26.7,90,3
24/06/2006,26.3,88,2
25/06/2006,25.6,93,2
26/06/2006,28,80,3
27/06/2006,27.5,82,4
28/06/2006,28.6,82,3
29/06/2006,27.7,82,3
30/06/2006,28.1,80,4
01/07/2006,28.8,80,4
02/07/2006,28.6,80,4
03/07/2006,27.6,81,3
04/07/2006,28.8,78,4
05/07/2006,29.2,76,4
06/07/2006,26.8,88,2
07/07/2006,28.3,83,4
08/07/2006,28.8,82,4
09/07/2006,26.7,90,2
10/07/2006,25.1,93,2
11/07/2006,27.7,86,4
12/07/2006,26.4,84,3
13/07/2006,27.8,82,3
14/07/2006,27.3,86,3
15/07/2006,28.2,82,3
16/07/2006,28.5,82,4
17/07/2006,28.3,85,2
18/07/2006,28,80,2
19/07/2006,26.1,90,2
20/07/2006,27.4,80,2
21/07/2006,28.1,84,3
22/07/2006,27.1,89,2
23/07/2006,28.1,83,3
24/07/2006,28,82,2
25/07/2006,28,79,3
26/07/2006,28.2,80,3
27/07/2006,27.5,82,2
28/07/2006,26.5,90,1
29/07/2006,26.3,86,2
30/07/2006,25.7,91,2
31/07/2006,25.8,89,2
01/08/2006,27.5,82,3
02/08/2006,27.9,80,2
03/08/2006,27.7,80,4
04/08/2006,28.4,70,3
05/08/2006,28.4,72,3
06/08/2006,27.8,78,4
07/08/2006,28.2,75,4
08/08/2006,26.7,82,4
09/08/2006,27.8,79,3
10/08/2006,26.3,86,3
11/08/2006,27.5,80,2
12/08/2006,27.9,80,3
13/08/2006,27.3,83,3
14/08/2006,28,81,4
15/08/2006,27,88,3
16/08/2006,28.4,78,4
17/08/2006,28.6,78,3
18/08/2006,28.1,81,3
19/08/2006,26.7,92,2
20/08/2006,28.6,78,3
21/08/2006,28.1,82,3
22/08/2006,28.3,80,4
23/08/2006,28.1,80,4
24/08/2006,28,78,5
25/08/2006,29.2,74,4
26/08/2006,27.4,84,2
27/08/2006,27,86,3
28/08/2006,26.6,86,2
29/08/2006,26.6,86,2
30/08/2006,25.3,92,2
31/08/2006,24,95,1
01/09/2006,26.7,83,2
02/09/2006,27.3,82,2
03/09/2006,27.3,80,2
04/09/2006,27.1,84,2
05/09/2006,26.1,88,2
06/09/2006,26.2,88,1
07/09/2006,27.4,84,2
08/09/2006,27.4,84,2
09/09/2006,27.2,80,2
10/09/2006,25.9,90,1
11/09/2006,27.2,87,2
12/09/2006,27.1,84,2
13/09/2006,27.3,84,2
14/09/2006,26.6,86,2
15/09/2006,24.7,95,0
16/09/2006,26.4,86,1
17/09/2006,25.7,86,2
18/09/2006,26.1,85,2
19/09/2006,27.3,78,4
20/09/2006,28.4,76,3
21/09/2006,27.9,82,2
22/09/2006,27.7,84,2
23/09/2006,26.7,83,2
24/09/2006,26.9,85,2
25/09/2006,27.4,84,2
26/09/2006,27.9,84,2
27/09/2006,26.2,91,3
28/09/2006,27.9,80,3
29/09/2006,27.8,81,3
30/09/2006,26.3,90,2
01/10/2006,27.7,80,2
02/10/2006,26.9,83,2
03/10/2006,27.8,80,3
04/10/2006,28.3,78,4
05/10/2006,28,79,3
06/10/2006,27.5,79,2
07/10/2006,28.5,76,2
08/10/2006,27.2,84,2
09/10/2006,28.5,77,2
10/10/2006,28.4,82,2
11/10/2006,27.7,82,1
12/10/2006,27.9,79,2
13/10/2006,27.5,80,2
14/10/2006,28.3,77,3
15/10/2006,28,80,1
16/10/2006,27.8,87,2
17/10/2006,26.3,86,2
18/10/2006,27.9,76,2
19/10/2006,27.4,81,2
20/10/2006,27,88,2
21/10/2006,28.4,79,2
22/10/2006,26.6,90,1
23/10/2006,27.8,81,2
24/10/2006,27.3,84,2
25/10/2006,27.9,81,1
26/10/2006,27.2,83,1
27/10/2006,27.6,85,2
28/10/2006,27.6,80,0
29/10/2006,27.2,86,0
30/10/2006,26.9,88,0
31/10/2006,27.8,84,2
01/11/2006,27.7,81,2
02/11/2006,26.9,87,2
03/11/2006,26.4,87,1
04/11/2006,28,84,1
05/11/2006,27.8,84,2
06/11/2006,26.5,86,2
07/11/2006,27.5,84,2
08/11/2006,26.8,87,2
09/11/2006,27.9,83,2
10/11/2006,27.6,84,2
11/11/2006,25.2,92,1
12/11/2006,27.3,80,1
13/11/2006,26.9,83,1
14/11/2006,26.5,86,0
15/11/2006,25.6,93,0
16/11/2006,27,84,3
17/11/2006,27.5,83,2
18/11/2006,26.7,90,2
19/11/2006,26.4,89,2
20/11/2006,26.6,87,2
21/11/2006,27.2,82,2
22/11/2006,26.8,86,2
23/11/2006,28,77,3
24/11/2006,26,93,0
25/11/2006,27.4,81,2
26/11/2006,27,84,1
27/11/2006,26.9,86,2
28/11/2006,26.4,87,1
29/11/2006,27.7,80,2
30/11/2006,27.4,83,2
01/12/2006,27,86,2
02/12/2006,27.6,82,3
03/12/2006,25.4,89,1
04/12/2006,27.5,79,3
05/12/2006,27.5,81,2
06/12/2006,27.4,84,2
07/12/2006,26.3,86,2
08/12/2006,27.2,83,1
09/12/2006,27,86,2
10/12/2006,27.5,82,2
11/12/2006,28,82,2
12/12/2006,27.3,84,2
13/12/2006,27.7,81,2
14/12/2006,26.2,89,2
15/12/2006,27.7,84,2
16/12/2006,27.8,83,2
17/12/2006,25.9,88,4
18/12/2006,26.1,93,4
19/12/2006,24.2,100,3
20/12/2006,25.7,88,2
21/12/2006,25.6,95,7
22/12/2006,27.7,80,6
23/12/2006,26.3,92,4
24/12/2006,24.9,96,3
25/12/2006,26.3,87,2
26/12/2006,24.1,98,2
27/12/2006,25.3,94,3
28/12/2006,24.5,96,2
29/12/2006,26.3,82,3
30/12/2006,26.5,79,3
31/12/2006,26.6,76,2
01/01/2007,27.2,82,2
02/01/2007,27.1,83,2
03/01/2007,26.1,88,2
04/01/2007,25.7,90,1
05/01/2007,26.8,81,3
06/01/2007,27.6,78,2
07/01/2007,27.9,78,3
08/01/2007,27.4,82,1
09/01/2007,25,95,2
10/01/2007,27,88,4
11/01/2007,26.3,90,3
12/01/2007,23.9,100,2
13/01/2007,24.2,96,1
14/01/2007,24.6,96,2
15/01/2007,25.9,89,1
16/01/2007,26.8,85,3
17/01/2007,27.3,82,3
18/01/2007,26.9,85,2
19/01/2007,26.8,86,3
20/01/2007,27.2,87,4
21/01/2007,27.7,82,4
22/01/2007,27.3,81,4
23/01/2007,27,82,3
24/01/2007,26.8,84,4
25/01/2007,24.1,95,2
26/01/2007,25.9,87,4
27/01/2007,25.9,87,5
28/01/2007,26.6,82,7
29/01/2007,26.6,72,6
30/01/2007,26.1,68,6
31/01/2007,26,67,6
01/02/2007,26.1,68,6
02/02/2007,26.4,71,6
03/02/2007,26.5,73,5
04/02/2007,26.6,74,5
05/02/2007,26.1,78,6
06/02/2007,26.7,80,6
07/02/2007,27.1,78,6
08/02/2007,27.3,76,6
09/02/2007,26.9,77,5
10/02/2007,26.9,80,4
11/02/2007,26.6,81,3
12/02/2007,27.1,83,5
13/02/2007,27.3,81,5
14/02/2007,27.5,80,4
15/02/2007,27.5,80,4
16/02/2007,27.8,79,5
17/02/2007,26.6,88,3
18/02/2007,27,84,3
19/02/2007,25.9,88,1
20/02/2007,26.2,86,3
21/02/2007,27.1,79,3
22/02/2007,26.9,82,3
23/02/2007,27.1,82,3
24/02/2007,27.6,80,4
25/02/2007,27.4,80,3
26/02/2007,27.4,83,3
27/02/2007,27.3,80,3
28/02/2007,25.3,93,2
01/03/2007,24,92,1
02/03/2007,26.1,88,2
03/03/2007,27.4,82,3
04/03/2007,27.2,82,3
05/03/2007,26.9,82,3
06/03/2007,27,82,4
07/03/2007,27.4,76,4
08/03/2007,27.4,78,3
09/03/2007,27.5,78,4
10/03/2007,28,76,4
11/03/2007,27.6,81,4
12/03/2007,28.4,78,4
13/03/2007,27.7,84,2
14/03/2007,27.3,86,3
15/03/2007,27.8,81,2
16/03/2007,27.3,87,1
17/03/2007,27.8,78,1
18/03/2007,28.4,80,2
19/03/2007,27,87,1
20/03/2007,27.6,78,2
21/03/2007,26,87,2
22/03/2007,26.6,86,1
23/03/2007,26.8,86,1
24/03/2007,27.4,84,1
25/03/2007,28.8,74,1
26/03/2007,27.4,77,1
27/03/2007,27.3,86,2
28/03/2007,27.7,83,3
29/03/2007,26.6,86,2
30/03/2007,26.3,90,1
31/03/2007,26.8,86,2
01/04/2007,26,89,0
02/04/2007,27.1,84,2
03/04/2007,27.7,80,1
04/04/2007,27.6,82,6
05/04/2007,29.1,66,5
06/04/2007,28.2,74,3
07/04/2007,28.3,76,3
08/04/2007,29.2,75,4
09/04/2007,28.2,80,3
10/04/2007,28.7,80,3
11/04/2007,29,77,2
12/04/2007,27.9,83,2
13/04/2007,26.7,90,1
14/04/2007,27.2,86,2
15/04/2007,29,78,2
16/04/2007,28.9,79,2
17/04/2007,28,80,1
18/04/2007,27.7,86,2
19/04/2007,26.9,88,0
20/04/2007,28.1,81,2
21/04/2007,28.1,81,2
22/04/2007,28.2,80,1
23/04/2007,27.8,85,0
24/04/2007,26.2,92,0
25/04/2007,27.7,83,2
26/04/2007,26.3,87,0
27/04/2007,27.5,87,0
28/04/2007,26.6,86,0
29/04/2007,26.9,84,2
30/04/2007,26.5,86,2
01/05/2007,25.6,94,2
02/05/2007,25.3,94,1
03/05/2007,25.4,96,1
04/05/2007,26.3,86,2
05/05/2007,27.7,84,3
06/05/2007,27.8,82,2
07/05/2007,28.1,82,2
08/05/2007,28.2,80,2
09/05/2007,26.9,88,2
10/05/2007,27.9,85,2
11/05/2007,26.2,88,2
12/05/2007,27.2,89,2
13/05/2007,26.7,92,1
14/05/2007,26.9,88,2
15/05/2007,25.5,90,1
16/05/2007,27.8,84,1
17/05/2007,27.8,87,1
18/05/2007,27.2,86,1
19/05/2007,27.3,85,0
20/05/2007,27.9,86,2
21/05/2007,28,84,2
22/05/2007,27,90,2
23/05/2007,26.5,92,2
24/05/2007,27.6,88,2
25/05/2007,27.8,86,2
26/05/2007,28,83,2
27/05/2007,28.4,82,2
28/05/2007,29.1,78,2
29/05/2007,26.9,86,0
30/05/2007,27.1,86,1
31/05/2007,26.9,87,2
01/06/2007,26.9,87,1
02/06/2007,27.7,87,2
03/06/2007,27.7,82,1
04/06/2007,27.2,91,1
05/06/2007,27.8,86,2
06/06/2007,27.2,85,2
07/06/2007,27.5,82,1
08/06/2007,27.4,84,1
09/06/2007,28,82,2
10/06/2007,26.8,88,1
11/06/2007,27.3,85,2
12/06/2007,27.3,86,2
13/06/2007,26.5,88,2
14/06/2007,27.6,84,1
15/06/2007,27.7,85,2
16/06/2007,25.8,93,1
17/06/2007,26,90,3
18/06/2007,27.9,85,1
19/06/2007,28.2,78,3
20/06/2007,26.8,87,1
21/06/2007,27.6,83,2
22/06/2007,28.2,85,2
23/06/2007,27.2,87,2
24/06/2007,28.3,84,2
25/06/2007,28.1,87,3
26/06/2007,27.3,82,2
27/06/2007,28.5,80,2
28/06/2007,28.6,84,2
29/06/2007,27.1,88,2
30/06/2007,28.7,82,1
01/07/2007,27.9,85,1
02/07/2007,28.3,83,2
03/07/2007,27.7,86,2
04/07/2007,28.7,84,4
05/07/2007,27.5,84,2
06/07/2007,28.3,80,3
07/07/2007,27.6,83,2
08/07/2007,25.8,92,2
09/07/2007,26.7,85,3
10/07/2007,28.3,81,3
11/07/2007,26.3,90,2
12/07/2007,26.7,87,3
13/07/2007,28,78,3
14/07/2007,27,87,3
15/07/2007,28,82,2
16/07/2007,28.2,83,2
17/07/2007,27,85,2
18/07/2007,26.5,88,1
19/07/2007,27,86,1
20/07/2007,27.8,83,2
21/07/2007,25,94,1
22/07/2007,25.7,90,1
23/07/2007,25.1,90,2
24/07/2007,25,92,1
25/07/2007,25.7,87,0
26/07/2007,25.5,92,0
27/07/2007,25.2,95,1
28/07/2007,25.4,94,0
29/07/2007,25.2,93,0
30/07/2007,27.4,82,3
31/07/2007,27.2,84,2
01/08/2007,25.7,90,1
02/08/2007,26.6,83,2
03/08/2007,27.2,78,3
04/08/2007,27.5,77,4
05/08/2007,27.7,79,4
06/08/2007,28.5,75,4
07/08/2007,27.3,84,2
08/08/2007,28.2,79,3
09/08/2007,27.5,82,4
10/08/2007,28.8,76,4
11/08/2007,28.6,79,4
12/08/2007,28.9,80,4
13/08/2007,26.8,86,2
14/08/2007,27,84,2
15/08/2007,27.7,81,2
16/08/2007,26.8,86,2
17/08/2007,25.7,92,2
18/08/2007,24.5,94,0
19/08/2007,25.1,93,2
20/08/2007,26.4,86,3
21/08/2007,27.3,81,3
22/08/2007,25.2,91,2
23/08/2007,27.3,83,2
24/08/2007,26.4,85,2
25/08/2007,27.1,86,2
26/08/2007,25,92,1
27/08/2007,25.3,92,1
28/08/2007,25.3,96,2
29/08/2007,25.6,91,3
30/08/2007,26.2,90,3
31/08/2007,26.9,85,3
01/09/2007,27.4,86,4
02/09/2007,27.3,84,3
03/09/2007,24.6,94,3
04/09/2007,25.6,86,1
05/09/2007,26.7,83,2
06/09/2007,27.1,88,2
07/09/2007,27.4,84,1
08/09/2007,25.3,88,2
09/09/2007,27.2,84,2
10/09/2007,25.6,92,2
11/09/2007,27.3,81,2
12/09/2007,26.3,79,1
13/09/2007,27.2,80,3
14/09/2007,25.9,92,2
15/09/2007,26.4,85,2
16/09/2007,26,93,2
17/09/2007,26.8,86,3
18/09/2007,27.4,84,3
19/09/2007,27.2,82,2
20/09/2007,28.1,81,3
21/09/2007,28.6,78,3
22/09/2007,27.3,83,3
23/09/2007,28.1,80,2
24/09/2007,27.5,80,3
25/09/2007,27.4,84,3
26/09/2007,27.7,84,3
27/09/2007,24.2,97,1
28/09/2007,27.4,84,2
29/09/2007,27.1,81,2
30/09/2007,26.9,84,2
01/10/2007,27.6,76,2
02/10/2007,26.5,79,2
03/10/2007,28.8,76,4
04/10/2007,29,76,4
05/10/2007,28.3,83,3
06/10/2007,29.2,78,2
07/10/2007,25.7,92,0
08/10/2007,25.7,92,0
09/10/2007,27.5,80,2
10/10/2007,27.9,83,1
11/10/2007,27.1,86,1
12/10/2007,27.5,84,1
13/10/2007,26.1,87,1
14/10/2007,26.6,88,1
15/10/2007,25,96,0
16/10/2007,25.9,87,2
17/10/2007,27.3,80,1
18/10/2007,25.5,91,1
19/10/2007,26.6,88,1
20/10/2007,27.5,81,1
21/10/2007,26.5,87,2
22/10/2007,26.3,85,3
23/10/2007,26.6,82,2
24/10/2007,26.9,82,3
25/10/2007,27.8,81,2
26/10/2007,28,82,2
27/10/2007,28.2,80,1
28/10/2007,26.9,86,2
29/10/2007,25.2,92,1
30/10/2007,26.1,90,1
31/10/2007,25.8,84,2
01/11/2007,25.2,86,1
02/11/2007,26.5,86,1
03/11/2007,27,78,2
04/11/2007,27.1,81,3
05/11/2007,26.1,83,2
06/11/2007,26.5,88,2
07/11/2007,26.5,85,1
08/11/2007,25.7,84,3
09/11/2007,27.4,78,2
10/11/2007,25.4,91,1
11/11/2007,26.4,90,2
12/11/2007,25.2,95,1
13/11/2007,27.9,84,2
14/11/2007,25.9,84,1
15/11/2007,26.8,86,1
16/11/2007,26.7,88,1
17/11/2007,27.4,84,2
18/11/2007,26.6,88,2
19/11/2007,25,93,1
20/11/2007,25.1,95,2
21/11/2007,25.8,84,1
22/11/2007,26.9,83,1
23/11/2007,27.2,84,1
24/11/2007,28.5,78,3
25/11/2007,28.6,82,3
26/11/2007,26.1,88,1
27/11/2007,25.8,90,0
28/11/2007,26,88,1
29/11/2007,27.2,78,5
30/11/2007,27.3,72,5
01/12/2007,27.4,70,5
02/12/2007,27.3,69,4
03/12/2007,28,69,5
04/12/2007,27,77,3
05/12/2007,24.5,92,2
06/12/2007,24.5,96,0
07/12/2007,26.3,88,2
08/12/2007,25.8,92,3
09/12/2007,27.1,85,3
10/12/2007,24.8,96,1
11/12/2007,26.1,90,2
12/12/2007,24.6,94,1
13/12/2007,26.6,85,2
14/12/2007,26.7,84,2
15/12/2007,26.8,87,3
16/12/2007,27.2,85,3
17/12/2007,25.6,92,2
18/12/2007,25.5,92,1
19/12/2007,26.6,87,4
20/12/2007,25,92,2
21/12/2007,25.9,81,3
22/12/2007,26.3,86,2
23/12/2007,26.9,86,3
24/12/2007,27.3,82,2
25/12/2007,26.8,83,2
26/12/2007,26.7,81,2
27/12/2007,26.9,78,2
28/12/2007,26.9,82,2
29/12/2007,27,81,2
30/12/2007,26.3,84,2
31/12/2007,27.5,76,5
01/01/2008,26.6,78,4
02/01/2008,25.5,85,4
03/01/2008,24.9,89,4
04/01/2008,26.3,83,3
05/01/2008,25.9,84,4
06/01/2008,26.4,82,3
07/01/2008,25.9,88,3
08/01/2008,25.7,91,2
09/01/2008,25.5,93,2
10/01/2008,26.5,86,4
11/01/2008,26.6,84,3
12/01/2008,26.6,84,2
13/01/2008,26.9,84,3
14/01/2008,27,79,4
15/01/2008,25.8,86,3
16/01/2008,27,80,2
17/01/2008,27.5,80,2
18/01/2008,26.4,82,2
19/01/2008,26.1,85,4
20/01/2008,27,84,4
21/01/2008,26.8,83,4
22/01/2008,27.3,81,5
23/01/2008,27.3,81,4
24/01/2008,26.9,82,5
25/01/2008,27.6,80,5
26/01/2008,27.6,80,4
27/01/2008,27.6,82,5
28/01/2008,26.2,88,4
29/01/2008,27.5,81,4
30/01/2008,27.4,80,5
31/01/2008,27.7,80,6
01/02/2008,25.2,90,2
02/02/2008,25.2,92,1
03/02/2008,24.4,95,2
04/02/2008,25.9,87,3
05/02/2008,26.3,86,5
06/02/2008,27.5,78,6
07/02/2008,27.1,76,4
08/02/2008,26.7,84,4
09/02/2008,27.3,76,5
10/02/2008,27,74,5
11/02/2008,26.8,74,4
12/02/2008,27,72,5
13/02/2008,26.6,79,5
14/02/2008,27.5,72,5
15/02/2008,26.8,79,4
16/02/2008,26.8,75,5
17/02/2008,26.9,76,5
18/02/2008,26.6,77,5
19/02/2008,27.1,72,4
20/02/2008,27.1,72,5
21/02/2008,27,72,5
22/02/2008,26.9,76,4
23/02/2008,26.4,83,3
24/02/2008,26.9,83,4
25/02/2008,27.6,83,4
26/02/2008,25.5,84,3
27/02/2008,27.1,82,4
28/02/2008,26,87,2
29/02/2008,25.3,86,2
01/03/2008,24.3,90,3
02/03/2008,26.8,85,5
03/03/2008,25.7,86,2
04/03/2008,24.3,92,2
05/03/2008,25.8,87,3
06/03/2008,24,93,1
07/03/2008,26.5,85,4
08/03/2008,27.6,79,5
09/03/2008,26.7,85,3
10/03/2008,25.2,92,3
11/03/2008,25.6,92,4
12/03/2008,24.3,98,2
13/03/2008,23.2,96,1
14/03/2008,25.3,87,4
15/03/2008,27.1,83,4
16/03/2008,26.6,86,3
17/03/2008,27.5,80,4
18/03/2008,26.8,86,3
19/03/2008,26.2,88,2
20/03/2008,25.9,84,1
21/03/2008,27,82,3
22/03/2008,26.5,87,3
23/03/2008,26.6,84,2
24/03/2008,28,80,3
25/03/2008,27.5,81,3
26/03/2008,27.3,84,2
27/03/2008,28.3,81,5
28/03/2008,28.8,75,4
29/03/2008,29.3,77,5
30/03/2008,27.5,85,2
31/03/2008,27.2,79,2
01/04/2008,27.9,82,2
02/04/2008,27.4,83,2
03/04/2008,27.6,81,3
04/04/2008,26.6,87,1
05/04/2008,27.4,82,2
06/04/2008,28.1,78,2
07/04/2008,26.9,86,2
08/04/2008,26.9,87,2
09/04/2008,27.5,85,2
10/04/2008,27.7,84,2
11/04/2008,26.9,83,1
12/04/2008,25.5,92,1
13/04/2008,27,84,0
14/04/2008,27.1,86,2
15/04/2008,27.5,83,2
16/04/2008,27.2,86,1
17/04/2008,27,86,2
18/04/2008,26.5,88,1
19/04/2008,27.1,82,2
20/04/2008,26.9,88,2
21/04/2008,27.2,86,2
22/04/2008,27.2,86,2
23/04/2008,27.8,84,4
24/04/2008,26.4,90,2
25/04/2008,27.2,83,0
26/04/2008,27.2,89,2
27/04/2008,28.6,83,3
28/04/2008,28.3,83,3
29/04/2008,27.8,85,2
30/04/2008,27.8,85,2
01/05/2008,28,76,2
02/05/2008,28.4,76,2
03/05/2008,28.1,83,2
04/05/2008,28.1,86,2
05/05/2008,28.4,80,2
06/05/2008,27.7,84,2
07/05/2008,27,84,2
08/05/2008,27.5,82,2
09/05/2008,27.9,84,2
10/05/2008,26.3,90,2
11/05/2008,26.3,84,2
12/05/2008,27.1,84,3
13/05/2008,28.2,79,3
14/05/2008,26,87,1
15/05/2008,28.5,76,2
16/05/2008,28.6,80,3
17/05/2008,28.7,80,4
18/05/2008,28.8,79,4
19/05/2008,28.9,80,4
20/05/2008,29.2,80,3
21/05/2008,29,80,3
22/05/2008,28.6,81,3
23/05/2008,28.2,82,2
24/05/2008,27.8,81,2
25/05/2008,28,78,3
26/05/2008,27,86,2
27/05/2008,26.4,86,3
28/05/2008,26.8,86,3
29/05/2008,27.1,86,3
30/05/2008,27.2,84,3
31/05/2008,26.8,90,1
01/06/2008,26.6,85,2
02/06/2008,26.9,84,2
03/06/2008,26.7,90,2
04/06/2008,27,87,1
05/06/2008,27.5,85,1
06/06/2008,25.5,93,0
07/06/2008,26.5,90,2
08/06/2008,26.1,86,1
09/06/2008,27.2,84,2
10/06/2008,27.6,81,3
11/06/2008,25.5,92,0
12/06/2008,27.7,84,3
13/06/2008,28.3,78,2
14/06/2008,28.5,80,3
15/06/2008,28.1,85,3
16/06/2008,29.3,79,2
17/06/2008,28.1,83,3
18/06/2008,26.7,87,2
19/06/2008,27.3,82,2
20/06/2008,27.2,84,2
21/06/2008,27.6,83,4
22/06/2008,25.4,87,1
23/06/2008,27,85,3
24/06/2008,27.7,80,3
25/06/2008,27.5,81,3
26/06/2008,27.9,82,3
27/06/2008,28.5,80,2
28/06/2008,28.1,84,3
29/06/2008,28.8,79,3
30/06/2008,27.3,80,2
01/07/2008,26.8,88,2
02/07/2008,28.2,78,4
03/07/2008,27.8,82,3
04/07/2008,26.8,79,2
05/07/2008,27,84,4
06/07/2008,27,86,3
07/07/2008,25.9,88,3
08/07/2008,25.8,88,2
09/07/2008,26.8,88,2
10/07/2008,26.7,90,2
11/07/2008,25.8,89,2
12/07/2008,26.1,88,2
13/07/2008,28.5,76,3
14/07/2008,25.8,90,2
15/07/2008,26.3,87,3
16/07/2008,26.8,84,4
17/07/2008,27,84,3
18/07/2008,26.4,86,3
19/07/2008,27,86,2
20/07/2008,26.4,90,2
21/07/2008,24.7,95,0
22/07/2008,26.2,88,2
23/07/2008,25.3,90,2
24/07/2008,25.7,87,3
25/07/2008,24.7,92,2
26/07/2008,26.2,87,2
27/07/2008,26.9,83,2
28/07/2008,26.9,83,2
29/07/2008,27.9,80,3
30/07/2008,27.5,86,4
31/07/2008,28.1,82,4
01/08/2008,28.3,82,4
02/08/2008,28.1,82,3
03/08/2008,28.1,78,4
04/08/2008,28.5,78,5
05/08/2008,28.1,76,3
06/08/2008,28.2,78,4
07/08/2008,27.4,83,3
08/08/2008,27.5,82,4
09/08/2008,26.2,90,1
10/08/2008,25.5,90,2
11/08/2008,28.4,80,3
12/08/2008,25.5,88,2
13/08/2008,27,78,2
14/08/2008,28,81,3
15/08/2008,27.8,81,3
16/08/2008,27.5,87,3
17/08/2008,27.9,83,3
18/08/2008,27.5,79,2
19/08/2008,25.3,90,2
20/08/2008,26.1,88,2
21/08/2008,27.3,82,3
22/08/2008,24.9,92,1
23/08/2008,23.9,97,0
24/08/2008,25,94,2
25/08/2008,25.9,86,2
26/08/2008,26,89,2
27/08/2008,24.9,93,1
28/08/2008,26.9,84,3
29/08/2008,26.2,86,0
30/08/2008,27.1,82,2
31/08/2008,26.1,89,2
01/09/2008,25.9,86,2
02/09/2008,25.5,93,2
03/09/2008,25.4,91,2
04/09/2008,25.7,92,1
05/09/2008,26.7,82,2
06/09/2008,26.7,82,3
07/09/2008,27,84,2
08/09/2008,26.8,85,2
09/09/2008,27.4,82,2
10/09/2008,26.7,86,3
11/09/2008,27.2,83,2
12/09/2008,26.4,90,3
13/09/2008,26.3,85,2
14/09/2008,27.6,83,2
15/09/2008,25.8,85,3
16/09/2008,27.6,79,3
17/09/2008,28.6,78,3
18/09/2008,28.4,80,4
19/09/2008,28.6,78,4
20/09/2008,28.6,78,2
21/09/2008,27.9,84,2
22/09/2008,27.2,77,1
23/09/2008,27.7,82,2
24/09/2008,26.8,86,2
25/09/2008,27.6,85,1
26/09/2008,26.4,84,2
27/09/2008,27.1,82,3
28/09/2008,28.3,77,3
29/09/2008,28.3,84,2
30/09/2008,26,90,2
01/10/2008,26.1,88,2
02/10/2008,27.4,82,2
03/10/2008,26.6,85,1
04/10/2008,26,88,1
05/10/2008,25.7,92,1
06/10/2008,24.9,92,2
07/10/2008,26.5,87,1
08/10/2008,26.8,86,1
09/10/2008,26.3,89,2
10/10/2008,27.9,80,2
11/10/2008,27.2,84,1
12/10/2008,27.1,85,2
13/10/2008,26.9,90,0
14/10/2008,26.4,91,1
15/10/2008,25.8,91,2
16/10/2008,26.3,90,1
17/10/2008,25.8,90,1
18/10/2008,27,90,1
19/10/2008,27.9,84,1
20/10/2008,27.1,86,1
21/10/2008,27.8,81,2
22/10/2008,26.5,90,3
23/10/2008,26.6,85,2
24/10/2008,25.3,94,2
25/10/2008,27.7,83,2
26/10/2008,27.9,86,2
27/10/2008,27.8,82,1
28/10/2008,28.1,84,1
29/10/2008,28.8,77,2
30/10/2008,26.4,85,2
31/10/2008,27.1,82,3
01/11/2008,26.5,84,1
02/11/2008,27.3,78,2
03/11/2008,26.8,87,1
04/11/2008,27.7,82,2
05/11/2008,27.6,82,2
06/11/2008,27.6,84,2
07/11/2008,27.8,80,2
08/11/2008,28,82,2
09/11/2008,26.3,90,1
10/11/2008,25.6,91,1
11/11/2008,25.4,93,1
12/11/2008,26.8,87,2
13/11/2008,25.6,93,0
14/11/2008,27.3,86,2
15/11/2008,27.1,88,1
16/11/2008,28.1,82,2
17/11/2008,26,94,1
18/11/2008,25.5,89,2
19/11/2008,26.4,89,2
20/11/2008,27,86,2
21/11/2008,26.9,84,1
22/11/2008,27.8,83,2
23/11/2008,27.3,88,2
24/11/2008,27.4,82,2
25/11/2008,28,82,2
26/11/2008,27.5,82,2
27/11/2008,26.9,83,0
28/11/2008,28,80,2
29/11/2008,27.5,87,1
30/11/2008,26.9,94,1
01/12/2008,27.6,86,2
02/12/2008,27.2,88,3
03/12/2008,27.5,84,2
04/12/2008,26.4,90,2
05/12/2008,27.4,84,2
06/12/2008,26.9,86,2
07/12/2008,27.4,80,2
08/12/2008,24.1,93,4
09/12/2008,27.1,78,3
10/12/2008,27.4,80,3
11/12/2008,26.7,87,3
12/12/2008,27.2,83,3
13/12/2008,27.6,82,3
14/12/2008,24.4,96,3
15/12/2008,25.6,90,3
16/12/2008,25.5,91,2
17/12/2008,27.1,80,4
18/12/2008,27.3,78,5
19/12/2008,26.7,82,5
20/12/2008,27.1,76,5
21/12/2008,27.3,77,5
22/12/2008,27.5,79,5
23/12/2008,27.7,78,4
24/12/2008,26.8,98,2
25/12/2008,25.8,85,2
26/12/2008,26.2,85,2
27/12/2008,26.5,86,2
28/12/2008,27.2,82,2
29/12/2008,26.4,84,3
30/12/2008,28.1,80,2
31/12/2008,27.1,82,2
01/01/2009,26.4,86,2
02/01/2009,26.1,85,2
03/01/2009,25.9,88,3
04/01/2009,26.5,84,3
05/01/2009,26.8,84,3
06/01/2009,27.5,76,3
07/01/2009,27,80,4
08/01/2009,27.1,74,5
09/01/2009,26.6,78,5
10/01/2009,26.5,73,5
11/01/2009,26.3,81,4
12/01/2009,26.6,78,6
13/01/2009,26.4,81,7
14/01/2009,27,71,6
15/01/2009,26.7,75,6
16/01/2009,26.2,78,5
17/01/2009,26.5,73,5
18/01/2009,27.1,74,4
19/01/2009,26.4,76,6
20/01/2009,26.6,77,6
21/01/2009,26.5,76,5
22/01/2009,26.6,78,5
23/01/2009,27,80,5
24/01/2009,26.9,83,5
25/01/2009,26.9,84,5
26/01/2009,26.5,83,5
27/01/2009,27.1,76,4
28/01/2009,26.5,79,5
29/01/2009,26.4,76,4
30/01/2009,26.8,78,4
31/01/2009,26.7,78,5
01/02/2009,27,79,5
02/02/2009,26.6,78,4
03/02/2009,26.5,78,4
04/02/2009,26,85,3
05/02/2009,26.5,81,4
06/02/2009,26.4,78,5
07/02/2009,26.4,76,5
08/02/2009,27.1,73,5
09/02/2009,26.9,74,6
10/02/2009,26.8,79,5
11/02/2009,26.7,82,3
12/02/2009,26.5,86,2
13/02/2009,28,81,2
14/02/2009,27,84,1
15/02/2009,28.3,76,3
16/02/2009,27.5,86,4
17/02/2009,28,78,5
18/02/2009,27.3,79,5
19/02/2009,27.2,78,6
20/02/2009,27.7,80,3
21/02/2009,27.7,81,4
22/02/2009,27.8,79,2
23/02/2009,26.9,82,2
24/02/2009,25.3,90,2
25/02/2009,26.7,86,2
26/02/2009,26.9,86,2
27/02/2009,27.7,80,2
28/02/2009,27.4,84,2
01/03/2009,26.1,90,2
02/03/2009,27.5,85,5
03/03/2009,25.6,92,1
04/03/2009,26.8,85,3
05/03/2009,27.6,83,2
06/03/2009,27.9,82,1
07/03/2009,27.2,86,0
08/03/2009,28.3,76,3
09/03/2009,25.8,89,2
10/03/2009,26.9,81,2
11/03/2009,26.8,86,2
12/03/2009,27.9,76,2
13/03/2009,25.5,95,1
14/03/2009,26.9,82,2
15/03/2009,26.2,87,1
16/03/2009,25.4,92,1
17/03/2009,26.8,85,3
18/03/2009,27.5,75,3
19/03/2009,26.3,84,1
20/03/2009,27,86,3
21/03/2009,26.6,88,2
22/03/2009,26.4,84,1
23/03/2009,27.7,80,3
24/03/2009,26.4,89,2
25/03/2009,27,83,2
26/03/2009,26.7,89,2
27/03/2009,27.5,83,2
28/03/2009,27.8,83,2
29/03/2009,27.4,85,2
30/03/2009,28.2,84,3
31/03/2009,28.2,84,2
01/04/2009,27.9,84,4
02/04/2009,28,78,3
03/04/2009,29.3,79,3
04/04/2009,29.2,80,3
05/04/2009,27.5,89,1
06/04/2009,27.4,86,1
07/04/2009,27.3,90,2
08/04/2009,27.4,87,3
09/04/2009,27.5,88,2
10/04/2009,26.9,87,2
11/04/2009,27.6,88,2
12/04/2009,27.1,86,2
13/04/2009,27,86,1
14/04/2009,28.7,83,2
15/04/2009,27.8,84,2
16/04/2009,27.1,86,2
17/04/2009,28.8,82,2
18/04/2009,28.8,81,2
19/04/2009,28.7,80,3
20/04/2009,27.4,88,2
21/04/2009,27.9,82,2
22/04/2009,29.2,78,3
23/04/2009,29.5,71,3
24/04/2009,28.5,75,2
25/04/2009,29.2,82,3
26/04/2009,28.4,84,2
27/04/2009,28.2,83,2
28/04/2009,26.3,93,2
29/04/2009,28.1,86,2
30/04/2009,27.3,88,1
01/05/2009,28.6,82,1
02/05/2009,27.3,86,3
03/05/2009,27.6,81,3
04/05/2009,27.1,83,2
05/05/2009,28.9,81,3
06/05/2009,27.5,86,2
07/05/2009,28.2,86,2
08/05/2009,29,82,1
09/05/2009,28,80,1
10/05/2009,27.4,82,2
11/05/2009,26.4,94,2
12/05/2009,28,84,2
13/05/2009,29.1,81,3
14/05/2009,28.1,78,1
15/05/2009,28.1,82,2
16/05/2009,28.8,81,1
17/05/2009,28.8,79,2
18/05/2009,25.5,90,1
19/05/2009,27.5,87,1
20/05/2009,28.5,84,1
21/05/2009,27.9,78,2
22/05/2009,28.4,80,2
23/05/2009,29.1,82,2
24/05/2009,29.5,83,2
25/05/2009,29.1,85,3
26/05/2009,28.1,87,2
27/05/2009,28.8,84,2
28/05/2009,28.3,84,2
29/05/2009,28.9,86,3
30/05/2009,29.5,81,2
31/05/2009,29.3,83,3
01/06/2009,29.4,78,2
02/06/2009,28.9,83,2
03/06/2009,26.8,85,4
04/06/2009,27.2,86,3
05/06/2009,28.9,81,2
06/06/2009,29,80,3
07/06/2009,27,89,1
08/06/2009,28.4,82,2
09/06/2009,28.9,79,2
10/06/2009,29.5,79,3
11/06/2009,28.8,85,2
12/06/2009,29.4,78,3
13/06/2009,26.3,90,0
14/06/2009,27.7,85,2
15/06/2009,27.1,90,2
16/06/2009,27.7,84,3
17/06/2009,28.7,83,3
18/06/2009,29.4,78,3
19/06/2009,28.8,80,3
20/06/2009,28.1,86,2
21/06/2009,28.7,78,2
22/06/2009,27.7,84,2
23/06/2009,27.9,83,2
24/06/2009,25.5,90,2
25/06/2009,27.8,83,2
26/06/2009,27.8,87,2
27/06/2009,27.1,84,2
28/06/2009,27.5,87,2
29/06/2009,25.8,88,2
30/06/2009,27.6,85,2
01/07/2009,28.3,80,2
02/07/2009,26.5,89,2
03/07/2009,27.8,82,3
04/07/2009,28.7,80,4
05/07/2009,27.2,88,2
06/07/2009,25.2,90,2
07/07/2009,26.5,88,2
08/07/2009,26.9,86,1
09/07/2009,27.5,86,1
10/07/2009,26.4,93,2
11/07/2009,26.5,92,2
12/07/2009,26.9,86,2
13/07/2009,27.6,78,3
14/07/2009,28.2,79,2
15/07/2009,27.3,83,3
16/07/2009,27.6,86,3
17/07/2009,28.7,82,3
18/07/2009,27.7,88,2
19/07/2009,26.8,90,2
20/07/2009,28,84,3
21/07/2009,29,81,3
22/07/2009,25.5,92,1
23/07/2009,27.7,82,2
24/07/2009,24.9,92,3
25/07/2009,27.9,85,2
26/07/2009,28,81,2
27/07/2009,26.2,89,3
28/07/2009,27.1,83,2
29/07/2009,27.5,78,3
30/07/2009,26.7,87,4
31/07/2009,28.1,76,3
01/08/2009,28.1,81,3
02/08/2009,28.1,82,4
03/08/2009,28,77,4
04/08/2009,28.4,79,3
05/08/2009,28.8,76,3
06/08/2009,28.3,79,3
07/08/2009,29.2,78,3
08/08/2009,27.3,87,2
09/08/2009,28,86,3
10/08/2009,25,90,1
11/08/2009,27.1,87,2
12/08/2009,26.6,92,2
13/08/2009,28.4,82,3
14/08/2009,27.8,87,2
15/08/2009,27.4,88,2
16/08/2009,26.5,86,2
17/08/2009,25.6,91,1
18/08/2009,28.4,77,2
19/08/2009,27.8,79,2
20/08/2009,27.7,81,3
21/08/2009,26,91,2
22/08/2009,27.4,81,3
23/08/2009,25.9,90,1
24/08/2009,26.3,87,3
25/08/2009,26.8,81,2
26/08/2009,26.4,88,2
27/08/2009,27.3,84,3
28/08/2009,26.7,82,2
29/08/2009,27.7,82,3
30/08/2009,26.3,92,2
31/08/2009,27.8,85,2
01/09/2009,26.4,86,3
02/09/2009,27,83,2
03/09/2009,28.3,80,2
04/09/2009,27.3,90,3
05/09/2009,26.9,83,3
06/09/2009,25.7,94,2
07/09/2009,27.9,83,3
08/09/2009,28.1,86,2
09/09/2009,28.3,85,2
10/09/2009,28.8,84,2
11/09/2009,25.3,96,2
12/09/2009,27.5,87,3
13/09/2009,28.2,84,3
14/09/2009,28.4,84,2
15/09/2009,28,80,2
16/09/2009,27.5,84,2
17/09/2009,26.5,89,2
18/09/2009,25.2,93,1
19/09/2009,24.9,96,0
20/09/2009,27.7,86,2
21/09/2009,26.9,88,2
22/09/2009,27.4,88,1
23/09/2009,27.9,82,1
24/09/2009,27.2,84,2
25/09/2009,27.8,84,2
26/09/2009,29,78,3
27/09/2009,28.9,76,3
28/09/2009,29.1,79,4
29/09/2009,27.5,78,2
30/09/2009,27.8,80,2
01/10/2009,27.1,83,1
02/10/2009,28.5,82,2
03/10/2009,26.8,89,2
04/10/2009,27.8,79,2
05/10/2009,27.4,84,2
06/10/2009,27.2,83,1
07/10/2009,27.6,82,2
08/10/2009,26.1,93,2
09/10/2009,28.7,79,2
10/10/2009,28.1,86,3
11/10/2009,28.6,82,2
12/10/2009,25.8,92,1
13/10/2009,25.8,89,2
14/10/2009,26.3,89,1
15/10/2009,26,90,1
16/10/2009,27.8,83,2
17/10/2009,28.6,78,2
18/10/2009,26.2,89,1
19/10/2009,27.9,83,2
20/10/2009,28.7,80,2
21/10/2009,26.1,90,1
22/10/2009,27.1,92,2
23/10/2009,28,84,1
24/10/2009,28,82,2
25/10/2009,28.2,81,2
26/10/2009,26.1,89,0
27/10/2009,25.7,91,1
28/10/2009,25.9,93,1
29/10/2009,27.4,85,2
30/10/2009,26.2,90,1
31/10/2009,27.3,82,2
01/11/2009,27.2,84,1
02/11/2009,28.1,85,2
03/11/2009,28.3,82,3
04/11/2009,29.2,79,4
05/11/2009,25.8,94,0
06/11/2009,26.7,92,1
07/11/2009,28.1,86,2
08/11/2009,27.8,87,2
09/11/2009,25.5,96,1
10/11/2009,26.1,92,0
11/11/2009,27.3,86,1
12/11/2009,25.9,92,2
13/11/2009,24.8,96,1
14/11/2009,25.2,94,2
15/11/2009,26.9,86,2
16/11/2009,26.1,92,2
17/11/2009,27.5,78,2
18/11/2009,26.6,88,2
19/11/2009,26.3,90,2
20/11/2009,26.2,88,2
21/11/2009,27.4,84,3
22/11/2009,27.5,77,4
23/11/2009,26.3,83,2
24/11/2009,27.8,78,3
25/11/2009,28,81,3
26/11/2009,28.2,75,3
27/11/2009,27.7,84,3
28/11/2009,27.1,87,2
29/11/2009,26.8,81,3
30/11/2009,26.7,78,2
01/12/2009,27.4,80,2
02/12/2009,26.7,88,1
03/12/2009,26.4,89,2
04/12/2009,26.3,91,2
05/12/2009,26,91,2
06/12/2009,26,87,2
07/12/2009,26.8,84,3
08/12/2009,27.5,82,4
09/12/2009,27.4,83,4
10/12/2009,27.7,82,5
11/12/2009,27.8,75,5
12/12/2009,27.8,75,5
13/12/2009,28.2,81,3
14/12/2009,27.7,82,3
15/12/2009,27.5,82,2
16/12/2009,27.2,87,2
17/12/2009,26.2,92,2
18/12/2009,25.9,89,2
19/12/2009,24.9,95,1
20/12/2009,26.8,86,5
21/12/2009,27.5,81,6
22/12/2009,27.8,83,5
23/12/2009,27.3,87,4
24/12/2009,26,92,3
25/12/2009,27.1,87,3
26/12/2009,27.2,88,2
27/12/2009,26.5,90,3
28/12/2009,26,91,2
29/12/2009,27.1,88,2
30/12/2009,26.7,89,3
31/12/2009,27.2,85,3
01/01/2010,27.1,85,2
02/01/2010,26.9,86,2
03/01/2010,27.4,86,3
04/01/2010,25.9,85,2
05/01/2010,27,84,3
06/01/2010,27.4,84,3
07/01/2010,26.3,83,2
08/01/2010,27.4,84,4
09/01/2010,27.6,76,4
10/01/2010,26.9,82,3
11/01/2010,27,80,4
12/01/2010,27.2,80,4
13/01/2010,27.7,78,3
14/01/2010,27.5,76,6
15/01/2010,27.6,72,5
16/01/2010,27.5,71,4
17/01/2010,27.6,73,4
18/01/2010,27.3,79,4
19/01/2010,27.1,83,2
20/01/2010,26.3,86,4
21/01/2010,27,88,3
22/01/2010,26,88,2
23/01/2010,27.7,80,5
24/01/2010,27.8,76,6
25/01/2010,27.7,79,4
26/01/2010,27.7,81,4
27/01/2010,28.1,76,6
28/01/2010,28.2,78,4
29/01/2010,27.7,79,5
30/01/2010,28,77,5
31/01/2010,28.8,74,4
01/02/2010,27.8,75,5
02/02/2010,27.6,76,4
03/02/2010,27.8,79,4
04/02/2010,28.2,76,5
05/02/2010,28.3,79,4
06/02/2010,27.8,80,5
07/02/2010,28.4,77,6
08/02/2010,28.8,75,5
09/02/2010,28,81,5
10/02/2010,28.5,79,5
11/02/2010,27.8,82,5
12/02/2010,28.2,79,5
13/02/2010,28.9,76,6
14/02/2010,28.5,74,4
15/02/2010,28.4,74,5
16/02/2010,28.5,76,6
17/02/2010,27.8,82,6
18/02/2010,28.8,74,5
19/02/2010,28.2,76,4
20/02/2010,28.1,79,4
21/02/2010,28.5,76,4
22/02/2010,28.2,78,5
23/02/2010,28.2,77,5
24/02/2010,28,80,4
25/02/2010,28.3,82,4
26/02/2010,28.3,82,4
27/02/2010,28.5,78,3
28/02/2010,28.2,80,5
01/03/2010,29.2,75,4
02/03/2010,28.4,80,5
03/03/2010,28.3,79,4
04/03/2010,28.3,78,5
05/03/2010,28.3,76,4
06/03/2010,28.1,77,5
07/03/2010,28.9,74,5
08/03/2010,28.7,74,4
09/03/2010,29.4,77,4
10/03/2010,26.8,84,3
11/03/2010,28.1,75,3
12/03/2010,28.2,82,4
13/03/2010,28,83,2
14/03/2010,27.9,83,3
15/03/2010,28.3,80,4
16/03/2010,26.3,89,2
17/03/2010,28.2,77,5
18/03/2010,25.7,91,4
19/03/2010,26.3,88,2
20/03/2010,25.7,93,2
21/03/2010,27,84,3
22/03/2010,27.9,84,4
23/03/2010,27.7,84,2
24/03/2010,27.7,83,4
25/03/2010,28.1,84,2
26/03/2010,27,88,2
27/03/2010,28.8,74,5
28/03/2010,28.9,74,4
29/03/2010,28.5,79,3
30/03/2010,28.1,80,3
31/03/2010,28.7,79,2
01/04/2010,27.7,84,2
02/04/2010,26.8,89,2
03/04/2010,25.7,96,2
04/04/2010,24.8,94,0
05/04/2010,26.4,88,3
06/04/2010,28.8,81,3
07/04/2010,28.6,82,2
08/04/2010,28.5,84,3
09/04/2010,29.1,82,4
10/04/2010,26.4,91,2
11/04/2010,28.2,85,2
12/04/2010,29.9,78,3
13/04/2010,29.1,82,3
14/04/2010,28.7,80,4
15/04/2010,28.1,83,3
16/04/2010,27.5,81,2
17/04/2010,28.8,82,3
18/04/2010,28.1,82,2
19/04/2010,28.6,82,2
20/04/2010,29.1,81,3
21/04/2010,28.2,86,2
22/04/2010,28.3,86,2
23/04/2010,29.2,81,2
24/04/2010,28.8,82,1
25/04/2010,29.1,83,3
26/04/2010,27.2,92,1
27/04/2010,28.3,82,2
28/04/2010,29.3,81,1
29/04/2010,29.6,79,2
30/04/2010,29.6,76,3
01/05/2010,29.1,76,3
02/05/2010,29.7,74,3
03/05/2010,28.2,82,2
04/05/2010,29.5,76,2
05/05/2010,29.6,79,3
06/05/2010,29.4,78,2
07/05/2010,29,79,2
08/05/2010,30.5,74,2
09/05/2010,27.9,83,1
10/05/2010,28.7,88,1
11/05/2010,27.1,93,0
12/05/2010,29.3,84,1
13/05/2010,27.3,92,1
14/05/2010,28.3,89,1
15/05/2010,28.2,86,0
16/05/2010,28.9,83,3
17/05/2010,27.6,86,1
18/05/2010,29.5,82,3
19/05/2010,27.3,90,0
20/05/2010,29.2,80,2
21/05/2010,28.5,84,1
22/05/2010,27.5,86,2
23/05/2010,28.7,79,3
24/05/2010,28.4,87,2
25/05/2010,28.3,89,2
26/05/2010,29.8,80,2
27/05/2010,28.7,85,2
28/05/2010,28.9,84,2
29/05/2010,29.2,84,2
30/05/2010,28.4,84,2
31/05/2010,26.6,94,1
01/06/2010,28.3,84,1
02/06/2010,28.1,80,2
03/06/2010,28.7,86,2
04/06/2010,28.5,79,2
05/06/2010,27.7,86,2
06/06/2010,28.8,83,2
07/06/2010,28,85,2
08/06/2010,25.6,97,1
09/06/2010,26.5,93,0
10/06/2010,26.9,93,2
11/06/2010,28.8,82,1
12/06/2010,27.6,85,2
13/06/2010,27.7,90,1
14/06/2010,28.8,86,2
15/06/2010,26.4,89,2
16/06/2010,23.9,95,2
17/06/2010,27.5,82,3
18/06/2010,27.2,88,2
19/06/2010,27.7,84,2
20/06/2010,27.7,85,2
21/06/2010,28.9,78,3
22/06/2010,26.8,92,2
23/06/2010,26.2,90,2
24/06/2010,27.4,83,2
25/06/2010,26,88,2
26/06/2010,27.4,84,2
27/06/2010,27.1,88,2
28/06/2010,25.6,93,2
29/06/2010,27.5,86,2
30/06/2010,27.7,89,1
01/07/2010,26.9,92,2
02/07/2010,25.6,93,1
03/07/2010,25.7,94,2
04/07/2010,27,89,2
05/07/2010,27.4,88,2
06/07/2010,28.5,85,2
07/07/2010,28.1,85,3
08/07/2010,27.6,84,1
09/07/2010,27.9,82,2
10/07/2010,27.1,86,1
11/07/2010,28.4,81,2
12/07/2010,26.8,87,1
13/07/2010,26.8,93,2
14/07/2010,27.8,86,3
15/07/2010,28.1,83,2
16/07/2010,26.4,92,2
17/07/2010,26.2,90,2
18/07/2010,25.1,96,1
19/07/2010,27.1,90,2
20/07/2010,25.6,93,2
21/07/2010,26.2,92,1
22/07/2010,24.2,96,2
23/07/2010,27.2,86,2
24/07/2010,26.5,90,2
25/07/2010,28.1,84,3
26/07/2010,24.5,94,2
27/07/2010,27.1,84,3
28/07/2010,25.4,89,2
29/07/2010,27.7,88,3
30/07/2010,25.9,93,2
31/07/2010,27,85,3
01/08/2010,23.6,92,5
02/08/2010,27.8,76,2
03/08/2010,27.1,83,2
04/08/2010,26.8,86,2
05/08/2010,27.5,85,2
06/08/2010,27.9,87,3
07/08/2010,28,83,2
08/08/2010,27.4,83,2
09/08/2010,27.9,81,3
10/08/2010,29,81,2
11/08/2010,28.5,83,3
12/08/2010,27.8,82,3
13/08/2010,27.4,88,2
14/08/2010,27.2,86,1
15/08/2010,26.3,88,2
16/08/2010,26.8,87,2
17/08/2010,27.6,82,2
18/08/2010,26.5,90,2
19/08/2010,27.4,86,3
20/08/2010,24,94,2
21/08/2010,27,85,2
22/08/2010,28.2,80,2
23/08/2010,27,91,2
24/08/2010,28.3,84,3
25/08/2010,27.6,80,2
26/08/2010,28.1,80,2
27/08/2010,27.6,83,3
28/08/2010,27.6,76,2
29/08/2010,26.9,83,1
30/08/2010,26.2,89,2
31/08/2010,27.2,84,2
01/09/2010,28.1,80,2
02/09/2010,28.3,81,3
03/09/2010,27.9,80,2
04/09/2010,28,80,2
05/09/2010,26.5,82,2
06/09/2010,27.6,82,2
07/09/2010,27.3,77,2
08/09/2010,26,90,2
09/09/2010,27.7,82,2
10/09/2010,25.3,92,1
11/09/2010,27,83,1
12/09/2010,27.3,86,2
13/09/2010,28.2,80,2
14/09/2010,28.4,82,2
15/09/2010,27.3,84,2
16/09/2010,27.5,82,2
17/09/2010,25.8,94,1
18/09/2010,27.6,81,1
19/09/2010,27,84,1
20/09/2010,25.7,94,2
21/09/2010,26.9,90,1
22/09/2010,27.6,84,1
23/09/2010,26.8,91,1
24/09/2010,25.6,93,1
25/09/2010,26,91,2
26/09/2010,27.2,86,1
27/09/2010,25.5,95,1
28/09/2010,25.5,95,1
29/09/2010,27.3,86,1
30/09/2010,25.2,95,1
01/10/2010,27.6,83,2
02/10/2010,27.8,86,3
03/10/2010,27.6,84,2
04/10/2010,27.1,89,2
05/10/2010,26.9,93,1
06/10/2010,27.6,85,2
07/10/2010,27.2,86,2
08/10/2010,28.3,83,1
09/10/2010,28.4,84,1
10/10/2010,27.9,74,2
11/10/2010,29,76,2
12/10/2010,28,86,2
13/10/2010,26.2,86,1
14/10/2010,28.6,80,2
15/10/2010,29,74,2
16/10/2010,29.1,79,2
17/10/2010,27.6,87,2
18/10/2010,27.8,84,2
19/10/2010,27.2,88,1
20/10/2010,26.9,88,0
21/10/2010,27,91,1
22/10/2010,26.6,92,0
23/10/2010,27.8,84,2
24/10/2010,26.1,92,2
25/10/2010,26.8,88,2
26/10/2010,27.7,81,3
27/10/2010,26.8,84,1
28/10/2010,27.9,82,2
29/10/2010,27.1,84,2
30/10/2010,25.8,87,2
31/10/2010,26.9,86,4
01/11/2010,28.4,77,3
02/11/2010,27.6,88,3
03/11/2010,28.6,84,3
04/11/2010,27.3,86,2
05/11/2010,27.4,91,1
06/11/2010,27.9,86,3
07/11/2010,25.8,86,2
08/11/2010,26.3,92,2
09/11/2010,25.7,93,1
10/11/2010,28.2,83,2
11/11/2010,26.4,92,1
12/11/2010,27.2,84,3
13/11/2010,28.3,81,2
14/11/2010,26,94,1
15/11/2010,26.2,91,2
16/11/2010,27.6,84,2
17/11/2010,25.7,94,1
18/11/2010,26.3,90,0
19/11/2010,27.5,84,1
20/11/2010,26.5,91,1
21/11/2010,27.4,84,2
22/11/2010,27.2,87,2
23/11/2010,27.9,84,2
24/11/2010,27.3,88,1
25/11/2010,26.8,88,2
26/11/2010,26.9,84,3
27/11/2010,27.2,83,2
28/11/2010,27.2,87,2
29/11/2010,25.6,92,1
30/11/2010,27.2,84,2
01/12/2010,26.8,86,1
02/12/2010,27.3,86,3
03/12/2010,26.7,85,2
04/12/2010,26.2,90,3
05/12/2010,26.8,77,2
06/12/2010,27.7,92,1
07/12/2010,27.6,84,3
08/12/2010,27,84,2
09/12/2010,26.9,83,2
10/12/2010,26.7,86,1
11/12/2010,27,85,2
12/12/2010,27.7,80,2
13/12/2010,26.9,88,2
14/12/2010,26.4,88,2
15/12/2010,26.7,89,2
16/12/2010,25.8,86,2
17/12/2010,26.4,85,3
18/12/2010,26.6,80,3
19/12/2010,26.8,82,2
20/12/2010,26.9,82,2
21/12/2010,27,82,2
22/12/2010,27,83,2
23/12/2010,26.5,86,2
24/12/2010,26.8,84,3
25/12/2010,26.9,83,2
26/12/2010,27.2,78,4
27/12/2010,26.9,82,2
28/12/2010,25.3,88,2
29/12/2010,26.5,84,1
30/12/2010,25.8,86,2
31/12/2010,26.3,84,3
01/01/2011,27,85,6
02/01/2011,27.5,84,5
03/01/2011,26.2,87,2
04/01/2011,27.2,83,3
05/01/2011,26.5,86,3
06/01/2011,25.3,93,2
07/01/2011,25.3,90,2
08/01/2011,25.8,87,4
09/01/2011,26.7,84,4
10/01/2011,24.6,94,2
11/01/2011,24.9,90,1
12/01/2011,26.1,86,2
13/01/2011,26.5,82,3
14/01/2011,25.6,89,2
15/01/2011,26,87,5
16/01/2011,26.8,77,5
17/01/2011,25.5,84,3
18/01/2011,26.6,76,5
19/01/2011,26.8,73,5
20/01/2011,26.1,78,5
21/01/2011,26.5,76,5
22/01/2011,26.8,78,5
23/01/2011,27,80,5
24/01/2011,27.2,80,5
25/01/2011,26.6,84,5
26/01/2011,26.4,88,5
27/01/2011,25.9,88,6
28/01/2011,26.9,83,6
29/01/2011,26.6,85,4
30/01/2011,24,95,2
31/01/2011,23.7,96,2
01/02/2011,25.4,90,3
02/02/2011,26.3,83,5
03/02/2011,26.6,82,4
04/02/2011,26.3,78,5
05/02/2011,26.4,78,5
06/02/2011,26.6,77,4
07/02/2011,26.1,78,4
08/02/2011,26.3,79,4
09/02/2011,26,84,3
10/02/2011,27,82,4
11/02/2011,27,80,5
12/02/2011,27.2,81,4
13/02/2011,27.2,80,6
14/02/2011,27.3,76,4
15/02/2011,27.1,82,4
16/02/2011,27.2,81,4
17/02/2011,27.5,81,4
18/02/2011,27.1,82,4
19/02/2011,27.2,81,2
20/02/2011,26.9,83,2
21/02/2011,27.4,69,3
22/02/2011,27.5,79,4
23/02/2011,27.7,78,6
24/02/2011,27.3,80,4
25/02/2011,27.5,78,5
26/02/2011,27.4,80,6
27/02/2011,27.6,73,5
28/02/2011,26.8,76,3
01/03/2011,26.6,80,3
02/03/2011,26.8,83,4
03/03/2011,27.6,77,5
04/03/2011,27,82,3
05/03/2011,27.2,80,4
06/03/2011,27.2,84,2
07/03/2011,27.8,79,2
08/03/2011,26.5,81,2
09/03/2011,26.6,84,3
10/03/2011,25.5,90,1
11/03/2011,25,88,1
12/03/2011,26.3,82,4
13/03/2011,26.8,79,3
14/03/2011,26,90,2
15/03/2011,25.9,90,0
16/03/2011,27.1,82,3
17/03/2011,24.3,91,0
18/03/2011,27,87,3
19/03/2011,26.7,86,2
20/03/2011,25.7,90,0
21/03/2011,27.3,83,3
22/03/2011,25.2,92,1
23/03/2011,27.5,84,2
24/03/2011,28.1,77,1
25/03/2011,27.7,78,2
26/03/2011,28.2,76,2
27/03/2011,27.3,84,3
28/03/2011,27.4,82,3
29/03/2011,27.9,82,2
30/03/2011,28.6,72,3
31/03/2011,28.1,80,2
01/04/2011,28.1,78,3
02/04/2011,27.5,80,3
03/04/2011,28,82,4
04/04/2011,26.6,85,4
05/04/2011,27.8,79,4
06/04/2011,28.1,78,4
07/04/2011,28.1,73,4
08/04/2011,28,75,4
09/04/2011,27.9,78,3
10/04/2011,26.4,88,3
11/04/2011,26.1,89,2
12/04/2011,27.6,81,4
13/04/2011,27.6,78,4
14/04/2011,26.8,83,3
15/04/2011,27.4,82,4
16/04/2011,26.2,90,0
17/04/2011,27,83,2
18/04/2011,29.4,65,1
19/04/2011,28.3,82,2
20/04/2011,26.5,92,1
21/04/2011,25.9,94,1
22/04/2011,27.5,84,4
23/04/2011,28,82,2
24/04/2011,28.2,76,4
25/04/2011,27.9,79,4
26/04/2011,28.4,82,2
27/04/2011,28.6,80,3
28/04/2011,27.8,84,3
29/04/2011,27.2,84,1
30/04/2011,28.2,80,1
01/05/2011,26.4,88,1
02/05/2011,25.5,89,0
03/05/2011,27.5,82,1
04/05/2011,27.4,85,2
05/05/2011,28,83,2
06/05/2011,28.6,83,2
07/05/2011,29.4,82,2
08/05/2011,30.1,76,1
09/05/2011,29.7,80,2
10/05/2011,28.5,86,0
11/05/2011,29,84,2
12/05/2011,28.7,86,0
13/05/2011,28.4,86,0
14/05/2011,28.4,83,2
15/05/2011,27.8,84,2
16/05/2011,28.1,82,2
17/05/2011,28.9,77,1
18/05/2011,28.2,81,1
19/05/2011,28.1,78,1
20/05/2011,26.9,88,0
21/05/2011,27.2,82,2
22/05/2011,28,85,2
23/05/2011,28,86,2
24/05/2011,28.5,82,2
25/05/2011,27.8,83,2
26/05/2011,28.4,81,1
27/05/2011,27.3,88,1
28/05/2011,28.7,82,2
29/05/2011,27.3,87,1
30/05/2011,28.4,82,2
31/05/2011,28.5,83,2
01/06/2011,26.4,89,0
02/06/2011,28.4,85,1
03/06/2011,28,87,0
04/06/2011,27.3,89,1
05/06/2011,24.8,92,0
06/06/2011,25.5,92,0
07/06/2011,28.2,81,2
08/06/2011,28.6,84,2
09/06/2011,26.2,91,1
10/06/2011,27.9,84,2
11/06/2011,26.2,92,1
12/06/2011,26.9,86,1
13/06/2011,26.5,92,1
14/06/2011,27.7,85,2
15/06/2011,28.6,83,3
16/06/2011,26.6,85,2
17/06/2011,28.7,78,3
18/06/2011,25.3,91,2
19/06/2011,26.5,92,2
20/06/2011,27.8,82,3
21/06/2011,28,85,3
22/06/2011,28.1,85,2
23/06/2011,26,88,2
24/06/2011,27.9,83,2
25/06/2011,27.5,86,3
26/06/2011,28.3,80,4
27/06/2011,27.8,76,2
28/06/2011,27.9,84,3
29/06/2011,27.9,82,2
30/06/2011,25.3,93,2
01/07/2011,28.1,81,3
02/07/2011,28.3,81,2
03/07/2011,26.7,89,2
04/07/2011,27.4,86,3
05/07/2011,28.3,82,4
06/07/2011,28.8,76,3
07/07/2011,28.5,80,3
08/07/2011,29.2,76,4
09/07/2011,27.7,82,2
10/07/2011,27.4,83,2
11/07/2011,28,80,4
12/07/2011,26.6,81,3
13/07/2011,28.4,80,3
14/07/2011,28.3,80,2
15/07/2011,25.6,91,3
16/07/2011,26,83,3
17/07/2011,27.3,80,2
18/07/2011,28.3,77,3
19/07/2011,28.2,80,2
20/07/2011,27.8,84,3
21/07/2011,28.3,81,3
22/07/2011,27.4,81,2
23/07/2011,27.2,84,2
24/07/2011,28.1,82,3
25/07/2011,26.6,83,2
26/07/2011,26.6,91,2
27/07/2011,26.5,86,3
28/07/2011,27.9,81,4
29/07/2011,28.5,75,5
30/07/2011,28.7,74,5
31/07/2011,28.5,74,5
01/08/2011,28.6,76,4
02/08/2011,27.9,81,3
03/08/2011,28.6,82,3
04/08/2011,25.6,91,1
05/08/2011,26.8,82,2
06/08/2011,26.9,89,2
07/08/2011,26.3,90,2
08/08/2011,26.6,87,2
09/08/2011,27.5,85,4
10/08/2011,28.5,80,2
11/08/2011,26.9,82,2
12/08/2011,28.4,81,2
13/08/2011,27.2,82,2
14/08/2011,28,81,2
15/08/2011,25.2,94,0
16/08/2011,27.1,84,2
17/08/2011,26.4,81,2
18/08/2011,27.6,80,2
19/08/2011,28.6,80,3
20/08/2011,27.9,79,2
21/08/2011,27.5,82,3
22/08/2011,27.7,80,3
23/08/2011,27.1,85,2
24/08/2011,28.3,80,4
25/08/2011,27.4,85,4
26/08/2011,28.1,91,1
27/08/2011,25.2,94,2
28/08/2011,26.8,87,2
29/08/2011,25.4,93,1
30/08/2011,26.1,91,1
31/08/2011,27.5,84,2
01/09/2011,28,85,3
02/09/2011,28.2,84,2
03/09/2011,26.2,90,1
04/09/2011,27.5,81,4
05/09/2011,26.9,87,2
06/09/2011,27.5,82,4
07/09/2011,28,80,2
08/09/2011,27.7,83,3
09/09/2011,28.9,76,4
10/09/2011,27.2,85,2
11/09/2011,26.3,90,2
12/09/2011,27.8,84,3
13/09/2011,28.4,84,3
14/09/2011,27.7,84,2
15/09/2011,26.9,86,2
16/09/2011,27.1,82,2
17/09/2011,26.8,88,0
18/09/2011,26.1,89,2
19/09/2011,25.5,90,2
20/09/2011,25.8,91,1
21/09/2011,26.7,88,2
22/09/2011,24.5,88,1
23/09/2011,27.1,82,2
24/09/2011,27.8,82,2
25/09/2011,27.8,86,3
26/09/2011,25.7,87,3
27/09/2011,26.8,83,2
28/09/2011,26.9,83,2
29/09/2011,28.5,83,3
30/09/2011,27.9,80,0
01/10/2011,27.4,84,2
02/10/2011,26.3,83,1
03/10/2011,27.9,84,2
04/10/2011,24.5,94,1
05/10/2011,26.7,86,2
06/10/2011,27.4,84,2
07/10/2011,26.5,92,1
08/10/2011,25.9,92,1
09/10/2011,26.8,82,2
10/10/2011,26.3,90,1
11/10/2011,25.2,95,1
12/10/2011,25.3,94,0
13/10/2011,27.5,87,2
14/10/2011,28.8,81,3
15/10/2011,29.1,78,3
16/10/2011,28.1,83,2
17/10/2011,26.8,87,1
18/10/2011,27.5,84,1
19/10/2011,26.6,88,1
20/10/2011,25.7,94,1
21/10/2011,25.4,93,0
22/10/2011,26.8,86,1
23/10/2011,26.4,88,2
24/10/2011,28.6,77,3
25/10/2011,27.6,82,0
26/10/2011,27.4,84,2
27/10/2011,25.9,91,0
28/10/2011,27.6,84,2
29/10/2011,27.8,83,3
30/10/2011,27.9,83,2
31/10/2011,27,88,0
01/11/2011,27.5,85,2
02/11/2011,26.5,90,1
03/11/2011,26.3,88,1
04/11/2011,25.7,85,1
05/11/2011,27.9,80,2
06/11/2011,25.7,89,0
07/11/2011,28,80,3
08/11/2011,26,86,1
09/11/2011,27.9,79,2
10/11/2011,27.2,85,2
11/11/2011,27.7,81,3
12/11/2011,26.4,89,2
13/11/2011,27,85,2
14/11/2011,26,83,1
15/11/2011,27.4,83,2
16/11/2011,27.4,81,2
17/11/2011,27.9,80,3
18/11/2011,26,90,0
19/11/2011,28,80,3
20/11/2011,27.5,82,2
21/11/2011,27.1,84,2
22/11/2011,27.6,83,3
23/11/2011,26.3,90,0
24/11/2011,26.5,90,2
25/11/2011,27.3,88,3
26/11/2011,28.1,83,3
27/11/2011,27.8,88,1
28/11/2011,27.5,83,1
29/11/2011,27.4,84,2
30/11/2011,27.8,84,3
01/12/2011,27.3,86,3
02/12/2011,24.9,94,1
03/12/2011,26.2,86,2
04/12/2011,27.5,82,2
05/12/2011,26.8,77,2
06/12/2011,27.6,78,3
07/12/2011,28.3,76,3
08/12/2011,27.4,85,2
09/12/2011,27.2,86,3
10/12/2011,27.7,80,4
11/12/2011,24.3,94,1
12/12/2011,25.9,88,2
13/12/2011,27.8,76,5
14/12/2011,27,84,2
15/12/2011,27.3,85,1
16/12/2011,27.3,84,2
17/12/2011,26.8,86,4
18/12/2011,27.1,84,4
19/12/2011,25.6,90,3
20/12/2011,25.9,88,2
21/12/2011,27,82,1
22/12/2011,26.3,87,2
23/12/2011,27.2,86,4
24/12/2011,26.6,88,4
25/12/2011,26,87,6
26/12/2011,27.2,77,6
27/12/2011,27.3,80,4
28/12/2011,26.1,89,4
29/12/2011,26.2,85,2
30/12/2011,27.1,80,3
31/12/2011,27.2,82,2
01/01/2012,27.4,85,4
02/01/2012,27.7,80,5
03/01/2012,27.8,80,6
04/01/2012,27.4,76,5
05/01/2012,27.3,80,4
06/01/2012,27.5,78,5
07/01/2012,27.3,78,4
08/01/2012,25,90,4
09/01/2012,25.9,86,3
10/01/2012,25.2,90,3
11/01/2012,26.4,86,4
12/01/2012,26.5,82,4
13/01/2012,26.9,81,3
14/01/2012,26.7,82,3
15/01/2012,27.4,78,3
16/01/2012,27,86,3
17/01/2012,27.9,84,4
18/01/2012,26.7,84,3
19/01/2012,28,80,3
20/01/2012,27.4,80,5
21/01/2012,26.2,87,4
22/01/2012,27.3,82,3
23/01/2012,26.1,86,3
24/01/2012,27,78,4
25/01/2012,27.4,76,4
26/01/2012,27.3,77,5
27/01/2012,27,79,4
28/01/2012,26.4,83,3
29/01/2012,26.9,80,4
30/01/2012,26.9,82,5
31/01/2012,26.5,81,5
01/02/2012,27.3,81,5
02/02/2012,25.5,88,4
03/02/2012,25,90,4
04/02/2012,27.2,80,5
05/02/2012,27.6,78,5
06/02/2012,27.2,81,5
07/02/2012,27.1,81,5
08/02/2012,27.2,78,6
09/02/2012,26.7,75,5
10/02/2012,27.4,78,6
11/02/2012,28.4,76,6
12/02/2012,28.1,78,6
13/02/2012,28.1,76,5
14/02/2012,27.6,80,6
15/02/2012,27.1,81,4
16/02/2012,27.5,81,4
17/02/2012,26.7,81,3
18/02/2012,25.8,87,3
19/02/2012,26.4,78,3
20/02/2012,27.1,81,5
21/02/2012,27.3,82,4
22/02/2012,27.7,78,5
23/02/2012,27.9,80,5
24/02/2012,28.3,76,5
25/02/2012,27.7,80,4
26/02/2012,27.8,82,5
27/02/2012,27.4,80,2
28/02/2012,27.5,80,5
29/02/2012,28.8,74,5
01/03/2012,27.5,82,3
02/03/2012,24.6,93,3
03/03/2012,25.8,89,3
04/03/2012,27.6,85,4
05/03/2012,25.4,92,4
06/03/2012,26.6,85,4
07/03/2012,26.3,90,3
08/03/2012,26.7,80,4
09/03/2012,26.1,82,3
10/03/2012,27.3,85,3
11/03/2012,27.3,85,5
12/03/2012,26.2,84,4
13/03/2012,27,80,4
14/03/2012,23.8,96,2
15/03/2012,26.7,83,4
16/03/2012,27.7,82,5
17/03/2012,27.7,79,4
18/03/2012,27.1,85,4
19/03/2012,27.1,85,3
20/03/2012,27.2,86,3
21/03/2012,27.6,83,3
22/03/2012,27.5,85,3
23/03/2012,27.5,82,3
24/03/2012,27,84,3
25/03/2012,27.1,84,5
26/03/2012,27.2,83,4
27/03/2012,27.4,84,4
28/03/2012,27.2,81,3
29/03/2012,27.4,85,4
30/03/2012,27.4,82,3
31/03/2012,25.6,85,4
01/04/2012,28.5,75,3
02/04/2012,25.8,85,3
03/04/2012,27,83,3
04/04/2012,27.2,81,3
05/04/2012,26.9,88,2
06/04/2012,26.7,88,3
07/04/2012,27.6,84,4
08/04/2012,28.6,76,4
09/04/2012,26.2,87,2
10/04/2012,26.4,85,4
11/04/2012,26.5,89,3
12/04/2012,26.7,88,3
13/04/2012,27.9,84,3
14/04/2012,26.2,88,3
15/04/2012,25.2,93,3
16/04/2012,26.8,88,4
17/04/2012,25.5,94,3
18/04/2012,27.5,86,3
19/04/2012,26.1,91,2
20/04/2012,28,83,3
21/04/2012,26.6,89,4
22/04/2012,27.2,83,4
23/04/2012,28.7,84,3
24/04/2012,25.6,94,5
25/04/2012,27.1,87,3
26/04/2012,28.7,81,5
27/04/2012,28.4,76,4
28/04/2012,28.8,82,3
29/04/2012,27.1,86,3
30/04/2012,27.1,86,3
01/05/2012,27.5,88,3
02/05/2012,26.3,91,3
03/05/2012,28.3,82,3
04/05/2012,25.5,93,5
05/05/2012,26,84,4
06/05/2012,25.8,92,2
07/05/2012,26.7,87,4
08/05/2012,27.4,86,3
09/05/2012,27.3,87,3
10/05/2012,27.7,87,3
11/05/2012,27.6,88,2
12/05/2012,29.1,76,4
13/05/2012,26.8,87,3
14/05/2012,29,82,4
15/05/2012,27.2,90,2
16/05/2012,26.9,85,4
17/05/2012,25.8,90,3
18/05/2012,28.3,84,3
19/05/2012,28.4,84,3
20/05/2012,27.5,86,3
21/05/2012,28.7,80,3
22/05/2012,29.1,80,4
23/05/2012,26.2,86,5
24/05/2012,28.3,82,3
25/05/2012,27.5,83,3
26/05/2012,29.1,80,4
27/05/2012,27,86,3
28/05/2012,28.1,83,3
29/05/2012,28.3,85,3
30/05/2012,28.1,81,3
31/05/2012,28.6,80,3
01/06/2012,26.9,87,3
02/06/2012,27.5,85,3
03/06/2012,28.2,85,3
04/06/2012,28.1,88,3
05/06/2012,28.4,84,3
06/06/2012,27.4,82,3
07/06/2012,28.9,80,4
08/06/2012,26.9,92,4
09/06/2012,26,88,4
10/06/2012,27.8,81,4
11/06/2012,28.7,83,3
12/06/2012,28,77,3
13/06/2012,29,76,4
14/06/2012,28.9,78,3
15/06/2012,29.1,78,4
16/06/2012,29.2,75,4
17/06/2012,29.5,73,5
18/06/2012,28.8,78,5
19/06/2012,28.3,78,3
20/06/2012,26.7,86,3
21/06/2012,25.9,89,4
22/06/2012,27.9,82,4
23/06/2012,28.3,82,4
24/06/2012,28.8,82,5
25/06/2012,27.9,82,4
26/06/2012,27.6,85,3
27/06/2012,26.5,90,3
28/06/2012,27.5,82,4
29/06/2012,27.5,84,4
30/06/2012,27.6,83,4
01/07/2012,28.1,80,5
02/07/2012,27.4,84,4
03/07/2012,27.5,84,4
04/07/2012,27.6,84,4
05/07/2012,26,91,3
06/07/2012,27.7,82,4
07/07/2012,26.6,87,5
08/07/2012,26.8,79,3
09/07/2012,26.7,81,4
10/07/2012,26.1,90,3
11/07/2012,25.6,92,3
12/07/2012,27.3,84,4
13/07/2012,27.4,86,4
14/07/2012,25.3,94,4
15/07/2012,26.7,86,4
16/07/2012,25.7,91,4
17/07/2012,26.8,85,4
18/07/2012,26.4,86,4
19/07/2012,25.3,92,4
20/07/2012,27.1,84,5
21/07/2012,26.5,88,3
22/07/2012,27.6,84,4
23/07/2012,28.1,76,4
24/07/2012,27.2,76,4
25/07/2012,27.9,79,5
26/07/2012,29.1,74,5
27/07/2012,28.7,79,5
28/07/2012,27.5,84,4
29/07/2012,27.6,83,4
30/07/2012,28.1,79,4
31/07/2012,28.2,77,4
01/08/2012,28,78,5
02/08/2012,28,79,4
03/08/2012,28.8,74,4
04/08/2012,27.1,86,4
05/08/2012,26.1,88,4
06/08/2012,26.1,87,5
07/08/2012,27.5,86,4
08/08/2012,27.3,79,4
09/08/2012,27.8,76,4
10/08/2012,28.6,75,4
11/08/2012,28.3,82,3
12/08/2012,28.3,80,4
13/08/2012,28.3,78,4
14/08/2012,27.8,80,4
15/08/2012,27.8,80,5
16/08/2012,28.4,78,5
17/08/2012,26.8,86,4
18/08/2012,26.6,86,4
19/08/2012,27.7,81,4
20/08/2012,28.3,78,4
21/08/2012,27.8,80,3
22/08/2012,25.5,90,3
23/08/2012,25.2,94,4
24/08/2012,27.2,84,4
25/08/2012,27.9,82,3
26/08/2012,28,82,3
27/08/2012,25.5,93,4
28/08/2012,26,89,3
29/08/2012,27.3,86,5
30/08/2012,26.1,89,4
31/08/2012,26.2,90,4
01/09/2012,28.3,80,4
02/09/2012,28.9,76,5
03/09/2012,28.8,77,5
04/09/2012,28.6,80,5
05/09/2012,25.3,90,5
06/09/2012,26.1,87,4
07/09/2012,27.9,81,3
08/09/2012,27.8,84,3
09/09/2012,24.8,92,3
10/09/2012,26,90,4
11/09/2012,25.6,93,4
12/09/2012,27.2,83,5
13/09/2012,27.2,79,5
14/09/2012,27.5,80,4
15/09/2012,27.5,84,4
16/09/2012,28.4,82,5
17/09/2012,28.8,82,3
18/09/2012,28.6,81,3
19/09/2012,27.6,87,3
20/09/2012,28.2,80,4
21/09/2012,27.7,82,4
22/09/2012,26.8,88,3
23/09/2012,27.6,83,4
24/09/2012,27.4,83,4
25/09/2012,27.7,81,4
26/09/2012,25.9,88,3
27/09/2012,27.6,85,4
28/09/2012,27.4,81,3
29/09/2012,26.9,89,3
30/09/2012,28,85,5
01/10/2012,27.7,87,3
02/10/2012,28.5,78,4
03/10/2012,28,81,4
04/10/2012,27.6,82,3
05/10/2012,27,82,4
06/10/2012,26.9,88,3
07/10/2012,26,89,5
08/10/2012,27.5,82,4
09/10/2012,27.3,87,3
10/10/2012,28.3,81,3
11/10/2012,27.7,83,3
12/10/2012,28.3,83,4
13/10/2012,26.2,90,4
14/10/2012,27.1,86,3
15/10/2012,28.2,80,3
16/10/2012,27.6,85,4
17/10/2012,27.3,84,3
18/10/2012,26.4,86,2
19/10/2012,25.8,90,3
20/10/2012,27.6,83,4
21/10/2012,26.2,90,3
22/10/2012,27.9,82,3
23/10/2012,28.1,80,3
24/10/2012,28.4,78,3
25/10/2012,29.6,72,4
26/10/2012,28.9,76,6
27/10/2012,28.9,74,4
28/10/2012,29.4,72,6
29/10/2012,28.3,78,4
30/10/2012,27.6,82,3
31/10/2012,26.3,89,3
01/11/2012,26.5,89,3
02/11/2012,28,80,4
03/11/2012,26.1,90,3
04/11/2012,27.7,82,3
05/11/2012,26.2,86,4
06/11/2012,27.3,87,2
07/11/2012,28,82,6
08/11/2012,28.1,84,4
09/11/2012,27.9,84,4
10/11/2012,26.7,90,2
11/11/2012,28.4,82,3
12/11/2012,26.8,87,3
13/11/2012,27.1,86,4
14/11/2012,26.6,89,3
15/11/2012,26.3,91,2
16/11/2012,27.3,87,3
17/11/2012,28,83,3
18/11/2012,27.7,82,3
19/11/2012,25.5,90,3
20/11/2012,26.7,86,3
21/11/2012,26.9,89,3
22/11/2012,26.3,92,2
23/11/2012,26.9,86,3
24/11/2012,27.6,82,3
25/11/2012,25.8,92,2
26/11/2012,27.2,87,3
27/11/2012,27.2,84,3
28/11/2012,27.7,85,3
29/11/2012,26,89,3
30/11/2012,27.6,84,4
01/12/2012,27.2,88,3
02/12/2012,26.8,90,3
03/12/2012,25.3,93,3
04/12/2012,26.7,84,4
05/12/2012,26.4,89,3
06/12/2012,26.9,88,4
07/12/2012,28.1,82,5
08/12/2012,27.6,83,4
09/12/2012,26.5,84,5
10/12/2012,26.3,89,3
11/12/2012,26.7,90,3
12/12/2012,26.6,87,3
13/12/2012,25.9,92,3
14/12/2012,26.8,87,3
15/12/2012,26,90,4
16/12/2012,25,95,4
17/12/2012,25.5,92,3
18/12/2012,25.4,94,2
19/12/2012,26.6,87,2
20/12/2012,26.9,82,5
21/12/2012,27.9,86,4
22/12/2012,27.2,86,3
23/12/2012,27.2,85,3
24/12/2012,26.6,88,3
25/12/2012,25,94,3
26/12/2012,26.8,82,4
27/12/2012,26.9,86,3
28/12/2012,27.3,85,4
29/12/2012,26.6,89,3
30/12/2012,27.1,89,4
31/12/2012,25.2,94,3
01/01/2013,27,85,4
02/01/2013,26.9,88,3
03/01/2013,27,88,3
04/01/2013,27.4,82,4
05/01/2013,27.5,83,4
06/01/2013,27.6,82,4
07/01/2013,28.7,74,4
08/01/2013,27.9,82,4
09/01/2013,27,85,3
10/01/2013,27,82,3
11/01/2013,27.7,82,5
12/01/2013,27.8,78,4
13/01/2013,26.1,90,3
14/01/2013,27.6,80,5
15/01/2013,27.7,76,6
16/01/2013,28,74,6
17/01/2013,27.7,70,6
18/01/2013,27.3,82,5
19/01/2013,24.1,95,3
20/01/2013,24.3,97,3
21/01/2013,26.6,87,5
22/01/2013,25.8,90,5
23/01/2013,26.9,84,5
24/01/2013,27.4,82,5
25/01/2013,27.4,76,5
26/01/2013,27.5,75,5
27/01/2013,27.1,77,6
28/01/2013,27.6,75,6
29/01/2013,27.8,74,6
30/01/2013,27.5,76,5
31/01/2013,27.8,80,7
01/02/2013,27.9,79,7
02/02/2013,28.3,74,5
03/02/2013,26.7,90,4
04/02/2013,26.4,88,4
05/02/2013,26.5,89,4
06/02/2013,25.8,91,3
07/02/2013,27,87,6
08/02/2013,26.3,88,4
09/02/2013,26.7,86,4
10/02/2013,24.4,92,3
11/02/2013,25.4,89,3
12/02/2013,25.2,93,4
13/02/2013,27.7,80,5
14/02/2013,26.8,93,3
15/02/2013,25.8,86,4
16/02/2013,26.7,84,3
17/02/2013,25.5,87,3
18/02/2013,26.8,86,5
19/02/2013,26.1,89,3
20/02/2013,27.4,83,3
21/02/2013,26,88,3
22/02/2013,27.4,76,4
23/02/2013,27.8,78,4
24/02/2013,27.2,82,4
25/02/2013,27.3,84,4
26/02/2013,26.7,88,4
27/02/2013,27.7,84,3
28/02/2013,27.7,85,3
01/03/2013,28.3,84,5
02/03/2013,28.5,83,6
03/03/2013,28.3,80,5
04/03/2013,28.1,74,6
05/03/2013,27.8,80,5
06/03/2013,28,79,6
07/03/2013,27.9,79,6
08/03/2013,28.5,78,7
09/03/2013,27.6,79,6
10/03/2013,28.2,78,5
11/03/2013,28.3,79,5
12/03/2013,27.3,78,4
13/03/2013,27.5,80,5
14/03/2013,28.7,76,6
15/03/2013,28.8,73,5
16/03/2013,27.9,80,6
17/03/2013,28.1,81,4
18/03/2013,28.5,74,5
19/03/2013,28.2,76,6
20/03/2013,29.2,72,3
21/03/2013,28.6,76,3
22/03/2013,28.6,81,3
23/03/2013,28.6,80,4
24/03/2013,28.4,81,5
25/03/2013,28.2,83,4
26/03/2013,27.9,82,3
27/03/2013,27,88,3
28/03/2013,28.3,84,3
29/03/2013,29,82,4
30/03/2013,28.7,80,5
31/03/2013,29.2,80,4
01/04/2013,29.5,79,5
02/04/2013,29,83,6
03/04/2013,29.2,81,3
04/04/2013,28.6,82,4
05/04/2013,28.9,78,4
06/04/2013,25.7,94,4
07/04/2013,28.3,80,4
08/04/2013,28.3,86,3
09/04/2013,28.2,83,4
10/04/2013,28.8,80,3
11/04/2013,27.8,81,3
12/04/2013,28.1,82,4
13/04/2013,29.3,78,3
14/04/2013,24.9,91,3
15/04/2013,29.1,81,3
16/04/2013,28.3,84,3
17/04/2013,27,83,4
18/04/2013,29.2,78,5
19/04/2013,26.9,87,3
20/04/2013,28.6,84,4
21/04/2013,26.9,90,3
22/04/2013,27.9,80,3
23/04/2013,26.5,92,3
24/04/2013,28.2,84,3
25/04/2013,27.9,84,3
26/04/2013,26.5,84,3
27/04/2013,27.4,90,2
28/04/2013,25.9,95,2
29/04/2013,26.8,90,4
30/04/2013,28,86,3
01/05/2013,27.5,89,4
02/05/2013,28.1,86,4
03/05/2013,27.2,90,3
04/05/2013,28.6,84,4
05/05/2013,26.6,92,3
06/05/2013,27.8,84,4
07/05/2013,27.3,89,4
08/05/2013,26.9,92,3
09/05/2013,27.7,86,4
10/05/2013,27.3,92,3
11/05/2013,27.1,84,4
12/05/2013,28.9,81,5
13/05/2013,30.3,78,4
14/05/2013,27.6,87,3
15/05/2013,29.4,86,4
16/05/2013,26.1,88,4
17/05/2013,28.3,80,3
18/05/2013,26.5,78,3
19/05/2013,28.2,82,3
20/05/2013,28.3,86,2
21/05/2013,27.3,87,4
22/05/2013,28,84,2
23/05/2013,28.3,84,2
24/05/2013,27.2,88,3
25/05/2013,28.8,79,4
26/05/2013,27.3,88,3
27/05/2013,28.4,80,3
28/05/2013,28.6,76,3
29/05/2013,26.3,90,2
30/05/2013,27.5,85,4
31/05/2013,27.6,82,4
01/06/2013,28.6,80,3
02/06/2013,27.8,87,3
03/06/2013,26.4,86,2
04/06/2013,27.5,88,3
05/06/2013,27,86,4
06/06/2013,28.8,83,6
07/06/2013,29.2,80,4
08/06/2013,28.5,84,2
09/06/2013,27.7,82,3
10/06/2013,28.8,75,3
11/06/2013,28.6,76,3
12/06/2013,28.2,73,5
13/06/2013,28.6,77,4
14/06/2013,29.1,77,3
15/06/2013,28.8,77,3
16/06/2013,29.4,76,3
17/06/2013,28.7,74,5
18/06/2013,29.2,72,5
19/06/2013,28.6,74,5
20/06/2013,28.6,68,4
21/06/2013,29.5,68,3
22/06/2013,29.1,70,3
23/06/2013,29.1,77,4
24/06/2013,29.7,80,4
25/06/2013,29.6,82,3
26/06/2013,26.6,90,2
27/06/2013,27.8,79,3
28/06/2013,26.8,85,2
29/06/2013,26.4,92,3
30/06/2013,27.2,79,6
01/07/2013,28.3,78,4
02/07/2013,25.2,95,3
03/07/2013,27.6,82,3
04/07/2013,25.1,96,4
05/07/2013,26,86,3
06/07/2013,27.5,79,5
07/07/2013,27.4,84,4
08/07/2013,28.5,80,3
09/07/2013,24.9,88,3
10/07/2013,27.3,80,4
11/07/2013,27,86,3
12/07/2013,26.9,88,4
13/07/2013,27.3,87,4
14/07/2013,25.4,85,4
15/07/2013,26.6,80,2
16/07/2013,26.8,88,3
17/07/2013,25.2,92,4
18/07/2013,25.9,90,4
19/07/2013,26.6,85,4
20/07/2013,27.6,84,3
21/07/2013,27.5,82,3
22/07/2013,28.2,76,4
23/07/2013,28.4,81,4
24/07/2013,28.8,80,5
25/07/2013,28,82,5
26/07/2013,27.4,86,4
27/07/2013,25.5,92,2
28/07/2013,27,82,4
29/07/2013,26.1,91,3
30/07/2013,27.7,79,4
31/07/2013,27.7,81,5
01/08/2013,25.8,86,3
02/08/2013,25.9,83,3
03/08/2013,27.7,82,4
04/08/2013,27,85,4
05/08/2013,26.5,88,5
06/08/2013,27.1,85,4
07/08/2013,27,86,4
08/08/2013,25.9,88,3
09/08/2013,26.6,86,4
10/08/2013,26.7,81,4
11/08/2013,25.6,86,3
12/08/2013,26.8,83,4
13/08/2013,26.5,80,4
14/08/2013,27.4,84,3
15/08/2013,27.3,84,3
16/08/2013,27,82,4
17/08/2013,27.3,84,3
18/08/2013,26.8,84,3
19/08/2013,27.1,82,4
20/08/2013,26.8,84,4
21/08/2013,26.2,88,4
22/08/2013,27.9,81,5
23/08/2013,28.3,73,4
24/08/2013,28,76,5
25/08/2013,27.3,82,5
26/08/2013,27.4,82,4
27/08/2013,27.5,82,4
28/08/2013,28.1,81,5
29/08/2013,27.8,83,4
30/08/2013,26.6,87,4
31/08/2013,26.8,84,4
01/09/2013,26.8,91,4
02/09/2013,27,86,4
03/09/2013,27.2,84,3
04/09/2013,25.3,89,4
05/09/2013,25,96,3
06/09/2013,26.1,90,4
07/09/2013,25.3,82,3
08/09/2013,26.1,85,3
09/09/2013,25.1,92,3
10/09/2013,25.1,94,3
11/09/2013,26.8,84,4
12/09/2013,28.5,77,5
13/09/2013,25.9,89,3
14/09/2013,27.5,80,4
15/09/2013,25.6,90,3
16/09/2013,27,84,3
17/09/2013,27.4,86,3
18/09/2013,27.8,83,4
19/09/2013,28,84,5
20/09/2013,28.7,80,4
21/09/2013,29,77,4
22/09/2013,28.6,79,4
23/09/2013,28.4,78,4
24/09/2013,29.6,72,5
25/09/2013,29,81,5
26/09/2013,28.5,93,4
27/09/2013,28,82,3
28/09/2013,27.5,82,3
29/09/2013,27.2,80,4
30/09/2013,27.3,78,4
01/10/2013,27.9,86,4
02/10/2013,25.9,82,4
03/10/2013,26.8,85,3
04/10/2013,27.1,78,4
05/10/2013,27.1,77,4
06/10/2013,27.6,74,4
07/10/2013,28.6,72,3
08/10/2013,28.7,73,4
09/10/2013,28.2,73,3
10/10/2013,28.5,79,3
11/10/2013,27.4,82,3
12/10/2013,25.6,92,2
13/10/2013,28.3,77,4
14/10/2013,27.6,78,4
15/10/2013,26.8,84,4
16/10/2013,28.3,81,4
17/10/2013,29,78,5
18/10/2013,28.7,82,5
19/10/2013,27.4,85,3
20/10/2013,27.4,83,3
21/10/2013,26.3,88,3
22/10/2013,27.5,79,4
23/10/2013,28,76,4
24/10/2013,27.2,84,4
25/10/2013,27.3,85,4
26/10/2013,27.7,83,4
27/10/2013,27.1,86,4
28/10/2013,27.5,82,4
29/10/2013,27.5,84,5
30/10/2013,27.2,83,3
31/10/2013,27.1,84,4
01/11/2013,26.1,88,3
02/11/2013,27,84,4
03/11/2013,26.9,86,4
04/11/2013,27.4,83,4
05/11/2013,27.6,83,4
06/11/2013,26.9,83,5
07/11/2013,28.8,76,4
08/11/2013,27.1,86,4
09/11/2013,26.2,92,3
10/11/2013,25.4,90,2
11/11/2013,26.5,84,2
12/11/2013,25.3,90,3
13/11/2013,27.7,82,4
14/11/2013,26,88,2
15/11/2013,25.3,90,3
16/11/2013,27,84,4
17/11/2013,25.4,89,4
18/11/2013,27.1,82,5
19/11/2013,28.4,76,4
20/11/2013,26.2,89,3
21/11/2013,28.5,78,3
22/11/2013,27.8,83,3
23/11/2013,25.9,85,3
24/11/2013,27.9,82,4
25/11/2013,27.5,83,4
26/11/2013,27.2,85,2
27/11/2013,28.4,78,4
28/11/2013,26.2,87,4
29/11/2013,27.6,84,4
30/11/2013,27.2,86,4
01/12/2013,24.9,96,3
02/12/2013,25.5,92,3
03/12/2013,25.9,89,3
04/12/2013,25.8,87,3
05/12/2013,27,86,4
06/12/2013,25.8,87,3
07/12/2013,26.3,86,3
08/12/2013,25.1,92,4
09/12/2013,26.6,80,4
10/12/2013,26.8,88,4
11/12/2013,27.4,85,4
12/12/2013,26.8,86,4
13/12/2013,27.8,82,5
14/12/2013,27.2,76,4
15/12/2013,27.2,84,4
16/12/2013,27.5,85,3
17/12/2013,27.7,84,3
18/12/2013,26.2,82,4
19/12/2013,26,86,3
20/12/2013,25.4,92,3
21/12/2013,26.3,88,3
22/12/2013,26.7,80,4
23/12/2013,25.5,88,3
24/12/2013,27.1,79,4
25/12/2013,27.2,79,4
26/12/2013,26.8,81,4
27/12/2013,27.3,80,5
28/12/2013,26.9,83,5
29/12/2013,26.9,77,4
30/12/2013,26.5,83,4
31/12/2013,25.9,89,3
01/01/2014,26.9,84,4
02/01/2014,27.1,84,5
03/01/2014,26.4,88,3
04/01/2014,27,82,3
05/01/2014,24.8,93,3
06/01/2014,25.1,93,2
07/01/2014,26.5,83,3
08/01/2014,27.3,77,4
09/01/2014,25.3,90,2
10/01/2014,26.4,85,2
11/01/2014,26.2,86,4
12/01/2014,26.1,87,4
13/01/2014,27.2,77,5
14/01/2014,26.3,76,5
15/01/2014,26.1,74,6
16/01/2014,26.3,71,6
17/01/2014,26.2,72,5
18/01/2014,26.4,70,5
19/01/2014,26.3,71,4
20/01/2014,26,70,5
21/01/2014,25.7,72,5
22/01/2014,25.8,68,5
23/01/2014,26.1,69,6
24/01/2014,25.9,72,5
25/01/2014,26,74,6
26/01/2014,25.5,73,5
27/01/2014,26.2,72,6
28/01/2014,26.6,74,6
29/01/2014,26.6,72,6
30/01/2014,25.9,75,5
31/01/2014,26.2,72,6
01/02/2014,25.8,70,4
02/02/2014,25.4,76,4
03/02/2014,25.7,71,5
04/02/2014,25.7,75,6
05/02/2014,26.1,74,5
06/02/2014,25.7,79,5
07/02/2014,26.3,76,5
08/02/2014,26.4,82,5
09/02/2014,26.5,79,4
10/02/2014,26.8,82,4
11/02/2014,27.3,79,5
12/02/2014,27.3,78,6
13/02/2014,27.7,82,5
14/02/2014,27.8,78,6
15/02/2014,27.5,78,6
16/02/2014,27.4,77,6
17/02/2014,27.7,76,6
18/02/2014,27.4,78,5
19/02/2014,27.1,79,6
20/02/2014,27.7,73,6
21/02/2014,27.9,73,7
22/02/2014,28,71,6
23/02/2014,26.9,76,6
24/02/2014,26.9,68,6
25/02/2014,26.8,71,6
26/02/2014,25.3,84,3
27/02/2014,27.5,76,6
28/02/2014,27.3,72,6
01/03/2014,27.3,76,6
02/03/2014,27.2,76,5
03/03/2014,26.8,81,5
04/03/2014,27.2,76,7
05/03/2014,26.8,74,5
06/03/2014,26.4,75,5
07/03/2014,27,78,5
08/03/2014,27.4,78,5
09/03/2014,27.4,72,6
10/03/2014,27.8,69,6
11/03/2014,27.8,70,7
12/03/2014,27.9,73,6
13/03/2014,27.5,75,5
14/03/2014,27.9,79,5
15/03/2014,27.3,83,5
16/03/2014,26.4,87,3
17/03/2014,26.9,88,4
18/03/2014,27.1,84,4
19/03/2014,26.7,85,5
20/03/2014,28.1,82,5
21/03/2014,27.2,84,5
22/03/2014,27.7,76,5
23/03/2014,27.7,72,6
24/03/2014,27.3,80,5
25/03/2014,28.2,77,6
26/03/2014,28.4,80,5
27/03/2014,28.6,78,5
28/03/2014,28.7,79,4
29/03/2014,28.9,79,4
30/03/2014,28.4,79,3
31/03/2014,28.1,82,4
01/04/2014,29,78,3
02/04/2014,27.8,82,2
03/04/2014,28.7,78,3
04/04/2014,28.4,81,3
05/04/2014,26,89,3
06/04/2014,28,77,5
07/04/2014,28.2,76,4
08/04/2014,27,86,3
09/04/2014,27.7,85,4
10/04/2014,27.5,84,4
11/04/2014,28.4,81,3
12/04/2014,26.4,84,2
13/04/2014,28.2,81,3
14/04/2014,28,82,5
15/04/2014,28.7,77,4
16/04/2014,28.2,78,3
17/04/2014,27,89,2
18/04/2014,28.1,83,3
19/04/2014,27.6,86,3
20/04/2014,27.8,86,3
21/04/2014,25.9,94,3
22/04/2014,27.9,83,3
23/04/2014,28.3,82,3
24/04/2014,28.5,81,4
25/04/2014,28.3,84,4
26/04/2014,28.2,84,3
27/04/2014,27.6,85,3
28/04/2014,27.3,90,3
29/04/2014,27.8,86,4
30/04/2014,26.5,92,3
01/05/2014,27.9,82,3
02/05/2014,27.9,87,3
03/05/2014,29.1,82,3
04/05/2014,28.8,78,5
05/05/2014,28.1,85,4
06/05/2014,29.6,78,3
07/05/2014,27.5,89,2
08/05/2014,26.7,90,2
09/05/2014,27.8,88,4
10/05/2014,29,81,3
11/05/2014,28.9,84,3
12/05/2014,26.6,94,2
13/05/2014,27.8,88,2
14/05/2014,26.8,93,4
15/05/2014,28.8,78,4
16/05/2014,28.4,84,3
17/05/2014,28,83,4
18/05/2014,25.6,95,2
19/05/2014,27.3,88,4
20/05/2014,26,95,3
21/05/2014,27.1,90,2
22/05/2014,27.8,86,4
23/05/2014,25.9,93,3
24/05/2014,27,90,4
25/05/2014,27.4,89,3
26/05/2014,27.9,88,3
27/05/2014,27.4,89,3
28/05/2014,28.1,86,3
29/05/2014,28.2,86,3
30/05/2014,27,90,3
31/05/2014,28.1,86,5
01/06/2014,28.3,83,4
02/06/2014,27,90,3
03/06/2014,28.4,82,5
04/06/2014,25.9,95,3
05/06/2014,25.9,94,3
06/06/2014,27.4,88,3
07/06/2014,28.6,86,4
08/06/2014,28.9,82,5
09/06/2014,28.5,86,4
10/06/2014,29.5,83,3
11/06/2014,30,79,5
12/06/2014,28.2,81,4
13/06/2014,29,84,4
14/06/2014,28.9,92,3
15/06/2014,28.9,83,3
16/06/2014,29.4,79,3
17/06/2014,29.8,79,4
18/06/2014,27.1,84,4
19/06/2014,27.9,79,4
20/06/2014,29.6,81,4
21/06/2014,30.2,76,3
22/06/2014,29,83,4
23/06/2014,29.1,78,4
24/06/2014,29.2,82,3
25/06/2014,28.2,81,3
26/06/2014,28.7,82,3
27/06/2014,26.5,85,3
28/06/2014,27.9,81,4
29/06/2014,28.2,81,4
30/06/2014,26.2,88,3
01/07/2014,28.2,81,4
02/07/2014,27.6,87,4
03/07/2014,27.4,86,5
04/07/2014,27.1,93,3
05/07/2014,26.6,89,3
06/07/2014,27.9,88,4
07/07/2014,28.2,82,3
08/07/2014,26.8,83,4
09/07/2014,26,91,4
10/07/2014,28,86,4
11/07/2014,27.5,89,2
12/07/2014,27,83,3
13/07/2014,27.9,79,4
14/07/2014,28.9,79,4
15/07/2014,28.6,83,4
16/07/2014,27.7,85,3
17/07/2014,27.3,90,2
18/07/2014,28.3,84,5
19/07/2014,27.8,84,4
20/07/2014,28.3,84,5
21/07/2014,28.9,77,4
22/07/2014,28.8,82,4
23/07/2014,29,80,4
24/07/2014,28.5,83,4
25/07/2014,29.1,79,4
26/07/2014,29.4,80,5
27/07/2014,28.8,82,3
28/07/2014,28.1,84,5
29/07/2014,27.7,84,5
30/07/2014,26.3,96,3
31/07/2014,26.1,86,4
01/08/2014,28.1,82,3
02/08/2014,28.1,84,5
03/08/2014,27.6,87,4
04/08/2014,27.9,87,4
05/08/2014,24.8,92,3
06/08/2014,26.3,89,4
07/08/2014,25.3,92,4
08/08/2014,26.2,88,4
09/08/2014,28.2,78,5
10/08/2014,26,89,3
11/08/2014,26.3,89,3
12/08/2014,25.2,94,3
13/08/2014,25.1,95,3
14/08/2014,25.5,92,3
15/08/2014,25.8,90,2
16/08/2014,27.1,83,4
17/08/2014,27.3,84,4
18/08/2014,27.9,81,4
19/08/2014,27.1,84,5
20/08/2014,27.4,85,4
21/08/2014,27.7,84,3
22/08/2014,28,81,6
23/08/2014,25.7,93,4
24/08/2014,25.3,95,3
25/08/2014,25.7,85,3
26/08/2014,26.5,90,3
27/08/2014,25.4,84,5
28/08/2014,25.7,87,5
29/08/2014,26.2,87,3
30/08/2014,27.6,81,4
31/08/2014,28.5,78,4
01/09/2014,28.1,77,5
02/09/2014,28.3,80,3
03/09/2014,25.9,90,3
04/09/2014,27.2,82,3
05/09/2014,27.5,81,4
06/09/2014,27.4,75,4
07/09/2014,27.9,79,3
08/09/2014,28.1,85,4
09/09/2014,29,72,4
10/09/2014,28.3,82,4
11/09/2014,27.8,81,5
12/09/2014,28.1,81,4
13/09/2014,28.3,82,5
14/09/2014,27.9,80,4
15/09/2014,28.5,75,5
16/09/2014,29.3,66,5
17/09/2014,28.9,78,5
18/09/2014,28.2,85,4
19/09/2014,28.1,86,4
20/09/2014,26.8,87,3
21/09/2014,27.5,82,5
22/09/2014,27.6,78,6
23/09/2014,28.1,79,5
24/09/2014,28.1,82,4
25/09/2014,26.1,86,3
26/09/2014,27.6,83,3
27/09/2014,27.8,84,3
28/09/2014,27.8,82,3
29/09/2014,28.5,80,4
30/09/2014,28.4,81,4
01/10/2014,28.7,81,4
02/10/2014,27.7,81,3
03/10/2014,28.2,82,4
04/10/2014,26.6,87,3
05/10/2014,27,82,3
06/10/2014,27.8,79,3
07/10/2014,28.6,76,5
08/10/2014,28.3,78,4
09/10/2014,27.7,81,3
10/10/2014,29,74,4
11/10/2014,27.6,81,4
12/10/2014,27.9,78,3
13/10/2014,28.8,76,3
14/10/2014,27.9,84,2
15/10/2014,27.5,79,3
16/10/2014,27.9,79,3
17/10/2014,28.2,83,3
18/10/2014,28.1,79,3
19/10/2014,28,81,4
20/10/2014,28.1,80,4
21/10/2014,27.3,85,2
22/10/2014,25.8,90,3
23/10/2014,27.7,85,2
24/10/2014,28,75,4
25/10/2014,28.3,75,3
26/10/2014,28.3,81,4
27/10/2014,27.8,81,4
28/10/2014,28.8,76,3
29/10/2014,28.7,80,3
30/10/2014,28.9,79,3
31/10/2014,28.2,79,3
01/11/2014,28.2,77,4
02/11/2014,28.7,81,4
03/11/2014,28.5,81,4
04/11/2014,28.6,80,3
05/11/2014,28.6,80,4
06/11/2014,26.1,90,3
07/11/2014,27.6,81,3
08/11/2014,27.9,82,3
09/11/2014,26.9,81,3
10/11/2014,26.6,86,4
11/11/2014,26.3,89,2
12/11/2014,26.2,88,2
13/11/2014,27.3,83,3
14/11/2014,28,81,4
15/11/2014,27.1,85,3
16/11/2014,26.6,88,2
17/11/2014,25.9,91,3
18/11/2014,25.5,93,4
19/11/2014,27.3,84,4
20/11/2014,27.8,86,4
21/11/2014,27.6,81,3
22/11/2014,27.1,89,3
23/11/2014,28,85,5
24/11/2014,27.8,85,3
25/11/2014,28.4,82,3
26/11/2014,27.6,85,4
27/11/2014,27.8,85,4
28/11/2014,27.6,85,3
29/11/2014,26.2,90,3
30/11/2014,27.3,82,4
01/12/2014,25.3,87,2
02/12/2014,27.5,83,3
03/12/2014,28.1,80,2
04/12/2014,24.4,91,3
05/12/2014,27.2,83,3
06/12/2014,26.1,91,3
07/12/2014,27.4,84,3
08/12/2014,26.8,86,2
09/12/2014,27.7,80,3
10/12/2014,28.4,74,5
11/12/2014,28,77,4
12/12/2014,28.4,77,4
13/12/2014,28.8,76,5
14/12/2014,28.7,77,5
15/12/2014,27.5,82,4
16/12/2014,26.6,89,3
17/12/2014,26.5,88,3
18/12/2014,28.1,82,4
19/12/2014,27.4,94,3
20/12/2014,26.8,88,3
21/12/2014,27.2,87,4
22/12/2014,26.4,88,3
23/12/2014,26.4,88,3
24/12/2014,27.2,86,3
25/12/2014,27.8,82,3
26/12/2014,25.6,92,3
27/12/2014,26.3,90,3
28/12/2014,25.8,91,3
29/12/2014,25.4,85,4
30/12/2014,25.9,84,4
31/12/2014,26.8,83,4
01/01/2015,26.3,83,4
02/01/2015,25.8,83,4
03/01/2015,27.4,76,4
04/01/2015,27.5,75,4
05/01/2015,27.2,78,4
06/01/2015,27.2,83,3
07/01/2015,26.9,84,3
08/01/2015,26.6,86,3
09/01/2015,25.5,86,4
10/01/2015,26.4,82,4
11/01/2015,26.9,82,3
12/01/2015,27.4,79,4
13/01/2015,27.7,73,5
14/01/2015,27.7,75,5
15/01/2015,27.6,74,5
16/01/2015,26.8,75,4
17/01/2015,26.9,74,4
18/01/2015,26.8,72,6
19/01/2015,27.2,73,6
20/01/2015,27.2,72,6
21/01/2015,27.1,77,5
22/01/2015,27.3,72,5
23/01/2015,27.3,71,7
24/01/2015,27.2,73,6
25/01/2015,27.3,73,5
26/01/2015,27.2,72,5
27/01/2015,27,74,5
28/01/2015,26.8,78,5
29/01/2015,27,79,5
30/01/2015,27,83,6
31/01/2015,27.3,75,5
01/02/2015,26.4,79.5,4
02/02/2015,25.6,84,3
03/02/2015,25.1,86,3
04/02/2015,24.9,89,5
05/02/2015,26.4,81,6
06/02/2015,26.2,81,6
07/02/2015,26.3,81,6
08/02/2015,26.5,80,7
09/02/2015,26.9,74,7
10/02/2015,26.8,68,6
11/02/2015,26.4,71,6
12/02/2015,26,75,6
13/02/2015,26.5,72,6
14/02/2015,26.6,73,6
15/02/2015,27,77,5
16/02/2015,27.1,79,6
17/02/2015,27.2,76,6
18/02/2015,27.4,79,5
19/02/2015,25.7,84,4
20/02/2015,27,78,5
21/02/2015,27.1,77,5
22/02/2015,27.1,78,5
23/02/2015,27.3,77,5
24/02/2015,26.9,80,5
25/02/2015,26.1,83,5
26/02/2015,27.4,77,5
27/02/2015,27.9,74,6
28/02/2015,27.8,77,5
01/03/2015,28.1,78,5
02/03/2015,27.6,78,5
03/03/2015,27.9,80,5
04/03/2015,28.1,76,4
05/03/2015,27.3,79,6
06/03/2015,26.8,77,4
07/03/2015,27.8,75,5
08/03/2015,27.9,80,5
09/03/2015,28.5,76,7
10/03/2015,27.3,80,6
11/03/2015,24.7,94,3
12/03/2015,27.2,77,5
13/03/2015,27.6,71,5
14/03/2015,27.9,73,5
15/03/2015,27.9,75,4
16/03/2015,28,78,5
17/03/2015,28.6,75,5
18/03/2015,28.4,78,5
19/03/2015,28.3,78,4
20/03/2015,28.1,82,3
21/03/2015,28.3,80,5
22/03/2015,27.2,82,4
23/03/2015,28.6,75,5
24/03/2015,28.9,73,6
25/03/2015,29.1,70,7
26/03/2015,29.1,74,7
27/03/2015,28.5,78,6
28/03/2015,28.1,81,5
29/03/2015,27.6,83,5
30/03/2015,27.4,85,5
31/03/2015,27.3,85,4
01/04/2015,28,82,2
02/04/2015,27.5,84,4
03/04/2015,27.2,84,2
04/04/2015,28.8,81,3
05/04/2015,28,82,4
06/04/2015,28,83,4
07/04/2015,29.7,72,6
08/04/2015,29.2,79,5
09/04/2015,28.9,78,7
10/04/2015,26.9,87,5
11/04/2015,28,79,4
12/04/2015,28.3,80,5
13/04/2015,28.8,77,5
14/04/2015,29.4,70,5
15/04/2015,29.4,71,5
16/04/2015,29.1,74,6
17/04/2015,29.4,74,5
18/04/2015,29,78,3
19/04/2015,27.8,81,4
20/04/2015,28.9,83,4
21/04/2015,28.3,83,3
22/04/2015,28.5,80,3
23/04/2015,28.2,81,4
24/04/2015,26.7,89,4
25/04/2015,28.1,80,4
26/04/2015,27.9,83,5
27/04/2015,26.5,88,3
28/04/2015,28.4,83,4
29/04/2015,28.2,85,5
30/04/2015,26.9,87,4
01/05/2015,28.9,74,2
02/05/2015,28.9,74,2
03/05/2015,28.9,74,1
04/05/2015,27.3,88,2
05/05/2015,28.7,81,2
06/05/2015,28.6,82,1
07/05/2015,28.2,85,2
08/05/2015,28.1,83,3
09/05/2015,29.4,77,3
10/05/2015,28.9,74,3
11/05/2015,28.9,74,3
12/05/2015,28.9,74,2
13/05/2015,28.9,74,2
14/05/2015,28.9,74,2
15/05/2015,28.9,74,1
16/05/2015,28.9,74,1
17/05/2015,28.2,85,3
18/05/2015,27.8,87,1
19/05/2015,28.9,74,2
20/05/2015,28.1,86,2
21/05/2015,28.9,74,2
22/05/2015,28.9,74,2
23/05/2015,28.9,74,0
24/05/2015,28.2,84,2
25/05/2015,28.9,74,2
26/05/2015,28.1,84,3
27/05/2015,27.6,87,3
28/05/2015,28.9,74,3
29/05/2015,28.9,74,4
30/05/2015,28.9,74,3
31/05/2015,28.9,74,2
01/06/2015,28.9,74,3
02/06/2015,28.9,74,2
03/06/2015,28.9,74,2
04/06/2015,28.9,74,2
05/06/2015,28.9,74,1
06/06/2015,28.9,74,1
07/06/2015,28.9,74,2
08/06/2015,28.9,74,2
09/06/2015,27.1,85,2
10/06/2015,27.3,87,2
11/06/2015,27.4,86,2
12/06/2015,25.8,95,1
13/06/2015,28.9,74,1
14/06/2015,28.9,74,3
15/06/2015,27.2,87,2
16/06/2015,28.9,74,1
17/06/2015,28.9,74,1
18/06/2015,28.9,74,3
19/06/2015,28.7,79,4
20/06/2015,28.9,74,4
21/06/2015,28.9,74,4
22/06/2015,29.6,78,4
23/06/2015,29.6,77,4
24/06/2015,29.6,74,4
25/06/2015,29.5,73,5
26/06/2015,29.4,73,5
27/06/2015,28.9,74,4
28/06/2015,28,83,2
29/06/2015,29.2,78,4
30/06/2015,29.1,79,3
01/07/2015,27.7,83,2
02/07/2015,28.8,81,3
03/07/2015,28.7,77,4
04/07/2015,26.9,84,3
05/07/2015,29.3,73,4
06/07/2015,29.1,77,5
07/07/2015,29,78,4
08/07/2015,28.5,82,3
09/07/2015,29.1,81,3
10/07/2015,28.1,83,3
11/07/2015,29.2,76,4
12/07/2015,29.2,78,5
13/07/2015,28.6,81,5
14/07/2015,28,83,4
15/07/2015,28.8,82,3
16/07/2015,29.2,82,4
17/07/2015,29.6,79,5
18/07/2015,29.6,77,6
19/07/2015,29.2,77,4
20/07/2015,29.3,78,5
21/07/2015,29.1,77,4
22/07/2015,29.3,74,5
23/07/2015,28,84,3
24/07/2015,28.3,79,3
25/07/2015,29.5,75,4
26/07/2015,28.9,74,1
27/07/2015,28.4,76,3
28/07/2015,27.7,80,4
29/07/2015,28.6,75,4
30/07/2015,28.6,77,3
31/07/2015,27.5,80,3
01/08/2015,26.5,84,2
02/08/2015,28.6,78,4
03/08/2015,27.6,90,2
04/08/2015,26.7,84,2
05/08/2015,27.9,81,3
06/08/2015,26.2,90,2
07/08/2015,26.9,89,3
08/08/2015,27.5,83,3
09/08/2015,27.3,86,3
10/08/2015,29.1,78,5
11/08/2015,28.5,82,3
12/08/2015,25.4,94,1
13/08/2015,28.9,74,2
14/08/2015,28.3,82,2
15/08/2015,27.7,85,3
16/08/2015,28.9,74,3
17/08/2015,28.9,74,3
18/08/2015,28.9,74,3
19/08/2015,28.9,74,3
20/08/2015,28.9,74,3
21/08/2015,28.9,74,2
22/08/2015,28.9,74,4
23/08/2015,28.9,74,6
24/08/2015,28.5,77,4
25/08/2015,28.9,74,4
26/08/2015,28.9,74,4
27/08/2015,28.9,74,4
28/08/2015,28.9,74,3
29/08/2015,28.9,74,4
30/08/2015,28.9,74,5
31/08/2015,28.9,74,5
01/09/2015,28.9,74,5
02/09/2015,29.2,74,5
03/09/2015,28.9,74,5
04/09/2015,28.9,74,3
05/09/2015,28.9,74,4
06/09/2015,28.9,74,2
07/09/2015,28.9,74,3
08/09/2015,28.9,74,4
09/09/2015,28.9,74,2
10/09/2015,28.9,74,2
11/09/2015,28.1,73,4
12/09/2015,28.4,78,4
13/09/2015,28.6,78,3
14/09/2015,28.8,79,4
15/09/2015,26.2,91,1
16/09/2015,27.8,82,4
17/09/2015,28.6,74,3
18/09/2015,28.5,83,3
19/09/2015,28.6,81,3
20/09/2015,28.9,77,2
21/09/2015,27.8,83,2
22/09/2015,28.1,79,3
23/09/2015,28.5,77,2
24/09/2015,28.2,77,2
25/09/2015,28.5,73,4
26/09/2015,28.8,73,3
27/09/2015,28.1,82,2
28/09/2015,26.8,87,1
29/09/2015,28.2,82,2
30/09/2015,27.7,87,2
01/10/2015,27.4,86,2
02/10/2015,27.1,84,1
03/10/2015,27.9,82,3
04/10/2015,28.5,80,3
05/10/2015,27.9,84,2
06/10/2015,28.1,81,2
07/10/2015,27.9,80,2
08/10/2015,28.1,78,1
09/10/2015,28.4,75,2
10/10/2015,28.6,77,3
11/10/2015,28.7,76,3
12/10/2015,28.3,78,2
13/10/2015,28.2,77,2
14/10/2015,28.9,78,2
15/10/2015,29.2,74,3
16/10/2015,28.8,75,2
17/10/2015,29,77,2
18/10/2015,29,77,3
19/10/2015,28.8,76,3
20/10/2015,28.3,75,3
21/10/2015,28.7,75,4
22/10/2015,29.3,74,4
23/10/2015,28.9,79,3
24/10/2015,28.3,88,2
25/10/2015,27.7,83,2
26/10/2015,28.4,76,1
27/10/2015,28.2,79,2
28/10/2015,26.4,87,1
29/10/2015,27.8,80,3
30/10/2015,27.4,84,1
31/10/2015,27.4,84,2
01/11/2015,27.9,83,2
02/11/2015,27.5,86,2
03/11/2015,28.7,79,2
04/11/2015,27.3,86,1
05/11/2015,28.4,81,1
06/11/2015,27.5,85,2
07/11/2015,27.2,85,1
08/11/2015,26.7,86,1
09/11/2015,27.3,82,1
10/11/2015,28.6,80,2
11/11/2015,27.6,83,1
12/11/2015,27.8,82,1
13/11/2015,28.2,81,1
14/11/2015,27.9,81,3
15/11/2015,27.7,83,2
16/11/2015,26.1,89,2
17/11/2015,27.3,85,1
18/11/2015,28.5,80,3
19/11/2015,28.4,80,2
20/11/2015,27,86,2
21/11/2015,26.6,89,1
22/11/2015,27.2,86,1
23/11/2015,28.3,82,1
24/11/2015,26.4,92,1
25/11/2015,27.4,85,2
26/11/2015,26.9,86,2
27/11/2015,27.8,81,2
28/11/2015,27.6,85,2
29/11/2015,27.9,83,3
30/11/2015,28.5,80,2
01/12/2015,27.2,86,2
02/12/2015,27.7,85,2
03/12/2015,28.6,80,3
04/12/2015,28.3,82,2
05/12/2015,28.1,82,2
06/12/2015,27.8,84,3
07/12/2015,27.9,84,3
08/12/2015,27.5,87,2
09/12/2015,27.8,86,2
10/12/2015,28,83,2
11/12/2015,27.3,85,1
12/12/2015,27.3,85,3
13/12/2015,25.5,94,1
14/12/2015,27.5,83,2
15/12/2015,27.4,83,2
16/12/2015,27.9,80,2
17/12/2015,28.2,79,4
18/12/2015,27.8,78,5
19/12/2015,28.6,73,4
20/12/2015,28.6,74,3
21/12/2015,28.5,77,2
22/12/2015,28.3,81,2
23/12/2015,29,76,3
24/12/2015,26.5,88,1
25/12/2015,28.8,77,6
26/12/2015,28.5,76,5
27/12/2015,28.9,77,5
28/12/2015,28.9,80,6
29/12/2015,27.7,82,6
30/12/2015,27.4,81,4
31/12/2015,26.7,90,4
01/01/2016,28.4,78,6
02/01/2016,25.9,90,2
03/01/2016,25.6,93,1
04/01/2016,27.4,86,4
05/01/2016,28.3,83,5
06/01/2016,28.9,79,5
07/01/2016,28.8,75,5
08/01/2016,28.2,81,5
09/01/2016,28.5,76,5
10/01/2016,28.8,77,4
11/01/2016,28.7,79,5
12/01/2016,29.1,76,5
13/01/2016,29.1,79,5
14/01/2016,28.8,81,5
15/01/2016,28.1,85,2
16/01/2016,28,85,3
17/01/2016,28.5,84,2
18/01/2016,28.3,84,4
19/01/2016,28.6,80,2
20/01/2016,27.2,87,3
21/01/2016,28.2,79,3
22/01/2016,27.9,85,4
23/01/2016,28.9,77,5
24/01/2016,29.6,72,7
25/01/2016,29.4,71,8
26/01/2016,27.9,80,6
27/01/2016,28.9,76,5
28/01/2016,28.7,82,4
29/01/2016,28.4,84,4
30/01/2016,28.9,76,5
31/01/2016,29,77,4
01/02/2016,28.7,75,4
02/02/2016,27.3,83,2
03/02/2016,28.7,78,4
04/02/2016,28.2,82,3
05/02/2016,28.9,81,4
06/02/2016,28.4,82,7
07/02/2016,26.8,85,8
08/02/2016,27.4,77,4
09/02/2016,26.5,84,4
10/02/2016,27,84,3
11/02/2016,28,84,4
12/02/2016,28.4,82,4
13/02/2016,28.9,80,5
14/02/2016,28.5,83,4
15/02/2016,28.9,80,4
16/02/2016,28.8,72,7
17/02/2016,27.7,73,6
18/02/2016,27.7,80,5
19/02/2016,25.7,91,2
20/02/2016,26.7,86,3
21/02/2016,27.7,78,4
22/02/2016,28.2,77,4
23/02/2016,28.5,77,4
24/02/2016,28.4,89,3
25/02/2016,28.2,74,7
26/02/2016,27.9,77,5
27/02/2016,28.6,78,4
28/02/2016,28.8,77,6
29/02/2016,28.7,76,6
01/03/2016,28.8,75,5
02/03/2016,28.4,76,5
03/03/2016,28.9,76,5
04/03/2016,28.5,78,4
05/03/2016,28.8,80,4
06/03/2016,29,79,5
07/03/2016,27.9,84,3
08/03/2016,28.7,81,4
09/03/2016,28.9,80,3
10/03/2016,29.2,80,3
11/03/2016,29.1,79,4
12/03/2016,29.2,75,4
13/03/2016,29.4,78,5
14/03/2016,29.4,77,4
15/03/2016,28.9,74,4
16/03/2016,28.2,75,3
17/03/2016,28.8,74,4
18/03/2016,28.8,73,4
19/03/2016,29.1,73,5
20/03/2016,29.4,77,4
21/03/2016,29.5,78,4
22/03/2016,28.5,80,2
23/03/2016,29.4,78,3
24/03/2016,29.1,75,4
25/03/2016,29.4,71,4
26/03/2016,29.6,72,5
27/03/2016,29.8,70,6
28/03/2016,29.6,72,7
29/03/2016,29.5,72,6
30/03/2016,29.5,72,5
31/03/2016,29.6,73,5
01/04/2016,29.5,72,5
02/04/2016,29.5,76,4
03/04/2016,29.4,78,4
04/04/2016,29.7,76,4
05/04/2016,29,81,3
06/04/2016,29.2,75,3
07/04/2016,29.5,72,3
08/04/2016,29.6,75,4
09/04/2016,28.8,83,2
10/04/2016,30.1,77,3
11/04/2016,29.3,81,2
12/04/2016,30,76,3
13/04/2016,29.5,80,2
14/04/2016,29.6,79,3
15/04/2016,27.8,87,1
16/04/2016,30,76,3
17/04/2016,28.8,82,2
18/04/2016,29.8,78,2
19/04/2016,30.2,75,4
20/04/2016,30,76,3
21/04/2016,30,74,4
22/04/2016,28.9,81,2
23/04/2016,28.9,82,2
24/04/2016,28.9,82,2
25/04/2016,27.6,88,2
26/04/2016,27.9,86,1
27/04/2016,28.5,85,2
28/04/2016,28.3,85,1
29/04/2016,28,85,1
30/04/2016,28.6,82,1
01/05/2016,29.1,78,2
02/05/2016,28.4,81,1
03/05/2016,28.7,82,1
04/05/2016,30,76,2
05/05/2016,29.5,80,2
06/05/2016,29.6,79,2
07/05/2016,29.6,78,2
08/05/2016,29.1,79,1
09/05/2016,29.9,78,2
10/05/2016,29.7,76,2
11/05/2016,29,81,2
12/05/2016,28.4,87,1
13/05/2016,28.4,83,1
14/05/2016,26.8,92,1
15/05/2016,28.3,83,2
16/05/2016,28.8,81,2
17/05/2016,29.1,82,1
18/05/2016,27.8,85,2
19/05/2016,28.4,85,1
20/05/2016,28.8,84,2
21/05/2016,28.1,83,3
22/05/2016,28.2,84,1
23/05/2016,29.9,79,2
24/05/2016,28.7,82,2
25/05/2016,28.4,84,2
26/05/2016,27.9,82,2
27/05/2016,29.1,81,2
28/05/2016,28.2,84,2
29/05/2016,28.6,82,2
30/05/2016,27.3,86,2
31/05/2016,29.3,76,2
01/06/2016,27.5,86,1
02/06/2016,28.2,86,1
03/06/2016,27.6,87,1
04/06/2016,25.9,92,1
05/06/2016,27.8,87,2
06/06/2016,29.4,79,2
07/06/2016,29.2,80,2
08/06/2016,27.4,86,2
09/06/2016,28.3,81,1
10/06/2016,27.9,85,2
11/06/2016,26.2,92,2
12/06/2016,27.9,85,2
13/06/2016,28.4,81,1
14/06/2016,27.4,87,2
15/06/2016,27.8,83,2
16/06/2016,27.8,87,2
17/06/2016,25.5,91,2
18/06/2016,26.9,88,0
19/06/2016,26.7,87,1
20/06/2016,28.4,79,2
21/06/2016,28.2,84,1
22/06/2016,26.3,89,1
23/06/2016,28.5,84,3
24/06/2016,26,89,1
25/06/2016,28.4,81,3
26/06/2016,28.8,82,3
27/06/2016,27.9,82,2
28/06/2016,29.3,76,2
29/06/2016,29.5,78,2
30/06/2016,29.6,80,2
01/07/2016,29.6,80,2
02/07/2016,29.6,81,3
03/07/2016,29.9,79,3
04/07/2016,30,76,3
05/07/2016,29.9,79,4
06/07/2016,27.6,89,1
07/07/2016,28.8,81,3
08/07/2016,28.3,80,3
09/07/2016,29.1,77,4
10/07/2016,29.5,78,3
11/07/2016,26.6,91,1
12/07/2016,29.2,82,2
13/07/2016,27.5,94,1
14/07/2016,25.8,95,1
15/07/2016,26.6,89,2
16/07/2016,27.8,83,1
17/07/2016,27.4,85,1
18/07/2016,27.1,88,2
19/07/2016,27.6,82,3
20/07/2016,26.4,90,2
21/07/2016,27.2,86,1
22/07/2016,25.2,92,1
23/07/2016,26.7,89,2
24/07/2016,26.5,87,2
25/07/2016,26.9,85,1
26/07/2016,24.8,93,1
27/07/2016,28.1,83,2
28/07/2016,26.6,87,2
29/07/2016,28.1,81,2
30/07/2016,27.8,86,1
31/07/2016,27.6,84,1
01/08/2016,26.9,86,2
02/08/2016,28.5,78,3
03/08/2016,26.4,88,2
04/08/2016,28,78,3
05/08/2016,28.8,81,3
06/08/2016,28.6,81,3
07/08/2016,29.2,80,3
08/08/2016,29,83,2
09/08/2016,28,80,3
10/08/2016,29.4,80,3
11/08/2016,28.8,77,3
12/08/2016,28.6,80,3
13/08/2016,29.1,76,2
14/08/2016,27.8,81,3
15/08/2016,29,76,4
16/08/2016,29.8,77,4
17/08/2016,28.9,84,4
18/08/2016,29.7,77,4
19/08/2016,27.9,83,3
20/08/2016,29.3,77,4
21/08/2016,29.1,92,2
22/08/2016,28.8,82,2
23/08/2016,28.7,80,3
24/08/2016,27.6,84,3
25/08/2016,27.5,81,4
26/08/2016,28.7,78,2
27/08/2016,27.7,83,2
28/08/2016,29.1,78,2
29/08/2016,29.5,78,3
30/08/2016,28.3,93,2
31/08/2016,27.1,87,2
01/09/2016,25.8,88,1
02/09/2016,27.9,80,1
03/09/2016,28.3,80,1
04/09/2016,27.8,82,1
05/09/2016,27,89,1
06/09/2016,28.1,81,2
07/09/2016,26.5,88,2
08/09/2016,28.1,84,2
09/09/2016,27,86,2
10/09/2016,25.7,92,1
11/09/2016,27.6,83,2
12/09/2016,26.4,88,2
13/09/2016,28.9,79,4
14/09/2016,25.4,92,2
15/09/2016,28.4,80,2
16/09/2016,27.6,78,2
17/09/2016,28,80,2
18/09/2016,28.4,79,2
19/09/2016,26.7,87,2
20/09/2016,27.4,84,2
21/09/2016,27.4,81,2
22/09/2016,28.1,82,1
23/09/2016,28.6,79,1
24/09/2016,28.8,78,2
25/09/2016,28.1,81,1
26/09/2016,28,80,1
27/09/2016,27.7,85,1
28/09/2016,29.1,76,2
29/09/2016,28.4,72,2
30/09/2016,28,80,2
01/10/2016,26.7,86,1
02/10/2016,29,76,2
03/10/2016,27.1,82,2
04/10/2016,28.7,78,2
05/10/2016,27.5,85,2
06/10/2016,27.6,86,2
07/10/2016,27.8,95,2
08/10/2016,27.9,79,2
09/10/2016,27.4,84,2
10/10/2016,28.7,79,2
11/10/2016,30,72,4
12/10/2016,29.3,77,3
13/10/2016,28.1,81,3
14/10/2016,28.1,80,2
15/10/2016,28.9,75,2
16/10/2016,27.6,86,2
17/10/2016,27.8,84,1
18/10/2016,29.5,79,4
19/10/2016,25.8,89,2
20/10/2016,28.6,82,2
21/10/2016,29.2,79,2
22/10/2016,27.8,82,2
23/10/2016,27.3,87,1
24/10/2016,26.7,88,1
25/10/2016,25.7,91,1
26/10/2016,27.4,83,2
27/10/2016,26.3,88,1
28/10/2016,26.7,88,1
29/10/2016,26.2,88,2
30/10/2016,26.8,86,1
31/10/2016,27.2,84,2
01/11/2016,27.6,86,1
02/11/2016,27.1,84,2
03/11/2016,26.9,87,2
04/11/2016,27.8,82,2
05/11/2016,25.6,94,2
06/11/2016,28,82,2
07/11/2016,25.4,94,1
08/11/2016,28.5,80,2
09/11/2016,26,92,2
10/11/2016,27.6,85,1
11/11/2016,26.9,86,1
12/11/2016,27.9,82,2
13/11/2016,27.7,85,2
14/11/2016,27.6,96,2
15/11/2016,27.6,84,3
16/11/2016,26.7,87,1
17/11/2016,27.8,82,1
18/11/2016,27.9,84,1
19/11/2016,26.5,91,1
20/11/2016,26.8,90,2
21/11/2016,27.2,87,2
22/11/2016,26,93,2
23/11/2016,27.2,88,2
24/11/2016,27.4,84,2
25/11/2016,28,83,2
26/11/2016,28.2,84,2
27/11/2016,27.1,87,2
28/11/2016,27.5,84,2
29/11/2016,26.2,88,2
30/11/2016,28.2,79,3
01/12/2016,25.2,93,2
02/12/2016,27.4,82,2
03/12/2016,27.1,88,1
04/12/2016,27.9,82,3
05/12/2016,28.4,83,3
06/12/2016,28.2,83,3
07/12/2016,27.1,79,2
08/12/2016,28.9,76,2
09/12/2016,26.7,86,1
10/12/2016,28.1,79,2
11/12/2016,27.1,80,4
12/12/2016,28.5,71,3
13/12/2016,27.7,80,2
14/12/2016,28.1,78,2
15/12/2016,28.9,72,2
16/12/2016,28,82,3
17/12/2016,27.8,83,4
18/12/2016,26.5,86,3
19/12/2016,27.9,77,3
20/12/2016,28.6,72,5
21/12/2016,29.2,70,4
22/12/2016,27.3,86,2
23/12/2016,26.7,88,3
24/12/2016,27.2,86,3
25/12/2016,27,85,3
26/12/2016,26.8,85,3
27/12/2016,26.5,86,3
28/12/2016,26.1,83,3
29/12/2016,27.5,77,3
30/12/2016,27.4,78,4
31/12/2016,26.8,84,2
01/01/2017,27.7,83,4
02/01/2017,26.3,82,1
03/01/2017,26.6,90,3
04/01/2017,26.8,83,2
05/01/2017,27.6,82,3
06/01/2017,28.2,83,2
07/01/2017,28.4,81,2
08/01/2017,28.5,83,3
09/01/2017,28.9,80,4
10/01/2017,28.1,82,4
11/01/2017,27.5,81,3
12/01/2017,28.1,77,2
13/01/2017,27,84,2
14/01/2017,27.5,83,1
15/01/2017,27.9,79,3
16/01/2017,27.9,75,2
17/01/2017,27.8,83,2
18/01/2017,27.6,82,2
19/01/2017,27.4,85,2
20/01/2017,26.3,87,2
21/01/2017,26.6,87,4
22/01/2017,27.1,83,5
23/01/2017,24.9,93,3
24/01/2017,24.1,95,3
25/01/2017,25.6,83,2
26/01/2017,27,84,4
27/01/2017,27.6,81,6
28/01/2017,26.7,80,3
29/01/2017,26.3,85,3
30/01/2017,25.6,91,3
31/01/2017,27.3,78,3
01/02/2017,27.2,78,2
02/02/2017,27.1,82,1
03/02/2017,27.4,83,3
04/02/2017,26.8,88,3
05/02/2017,27.4,85,3
06/02/2017,27.9,81,3
07/02/2017,26.4,86,2
08/02/2017,26.8,83,2
09/02/2017,27.8,73,3
10/02/2017,27.9,74,5
11/02/2017,27.7,75,6
12/02/2017,26.2,84,5
13/02/2017,27.6,78,7
14/02/2017,26.5,82,5
15/02/2017,26.9,78,5
16/02/2017,27.1,77,5
17/02/2017,27.5,77,5
18/02/2017,27.6,80,6
19/02/2017,28,79,5
20/02/2017,28,79,5
21/02/2017,27.7,80,3
22/02/2017,27.3,83,3
23/02/2017,27.8,80,3
24/02/2017,27.6,92,2
25/02/2017,27.5,83,3
26/02/2017,26.9,85,4
27/02/2017,27.8,79,6
28/02/2017,26.6,84,5
01/03/2017,25.7,88,3
02/03/2017,27.7,79,7
03/03/2017,27,84,5
04/03/2017,25.2,93,1
05/03/2017,27.5,81,5
06/03/2017,27.4,80,4
07/03/2017,27.4,78,4
08/03/2017,27.6,75,5
09/03/2017,27.6,74,6
10/03/2017,27.7,76,5
11/03/2017,27.7,77,4
12/03/2017,26.7,83,1
13/03/2017,28.2,80,3
14/03/2017,25.8,87,2
15/03/2017,28.6,74,2
16/03/2017,28.3,76,3
17/03/2017,27.9,79,2
18/03/2017,28.1,76,3
19/03/2017,28.5,77,2
20/03/2017,25.9,88,1
21/03/2017,28.1,76,3
22/03/2017,28.4,79,3
23/03/2017,28.9,75,4
24/03/2017,27.7,83,1
25/03/2017,28.7,80,3
26/03/2017,28.8,78,4
27/03/2017,28.6,80,3
28/03/2017,26.4,87,1
29/03/2017,27.7,83,1
30/03/2017,25.4,92,1
31/03/2017,27.1,87,1
01/04/2017,26.4,90,1
02/04/2017,27.6,82,2
03/04/2017,26.9,84,1
04/04/2017,27.7,80,2
05/04/2017,28.2,78,2
06/04/2017,28.1,80,2
07/04/2017,28.6,75,2
08/04/2017,25.8,90,1
09/04/2017,27.7,81,2
10/04/2017,26.5,89,2
11/04/2017,27.5,87,2
12/04/2017,28,84,1
13/04/2017,26.1,89,1
14/04/2017,28.6,79,3
15/04/2017,28.1,80,3
16/04/2017,28.4,81,1
17/04/2017,28.6,80,2
18/04/2017,26.8,85,1
19/04/2017,27,85.5,1
20/04/2017,27.2,86,1
21/04/2017,27.9,79,2
22/04/2017,26.9,89,1
23/04/2017,27.1,88,1
24/04/2017,27.7,85,1
25/04/2017,26.4,90,1
26/04/2017,26.6,90,1
27/04/2017,28.2,78,2
28/04/2017,27.1,86,1
29/04/2017,26.8,87,1
30/04/2017,27.7,84,2
01/05/2017,27.9,83,1
02/05/2017,27.1,84,1
03/05/2017,27.2,89,1
04/05/2017,27.6,84,1
05/05/2017,28.2,82,2
06/05/2017,27.5,85,1
07/05/2017,26.4,88,1
08/05/2017,27.7,83,2
09/05/2017,28.5,83,2
10/05/2017,28.1,94,2
11/05/2017,27.7,85,2
12/05/2017,27.2,86,2
13/05/2017,27.3,89,1
14/05/2017,29.1,80,3
15/05/2017,27.2,89,2
16/05/2017,28.2,84,2
17/05/2017,29.5,80,4
18/05/2017,28.4,85,3
19/05/2017,28.3,85,2
20/05/2017,28.5,82,3
21/05/2017,27.5,87,3
22/05/2017,27.7,88,2
23/05/2017,29,80,3
24/05/2017,28.1,95,1
25/05/2017,27.3,90,2
26/05/2017,26.2,94,2
27/05/2017,28.1,88,2
28/05/2017,28.6,83,3
29/05/2017,28.8,82,3
30/05/2017,25.6,93,2
31/05/2017,27.4,83,3
01/06/2017,27.7,83,2
02/06/2017,28.4,79,2
03/06/2017,29.3,78,2
04/06/2017,29.5,80,3
05/06/2017,29.7,80,3
06/06/2017,29.2,78,2
07/06/2017,29.3,79,3
08/06/2017,29.4,77,3
09/06/2017,29.7,77,3
10/06/2017,28.4,79,2
11/06/2017,27.6,83,2
12/06/2017,28.7,80,2
13/06/2017,28.5,78,2
14/06/2017,28,78,2
15/06/2017,28.3,79,2
16/06/2017,27.9,82,1
17/06/2017,28.3,78,2
18/06/2017,26.7,87,3
19/06/2017,27.2,84,2
20/06/2017,28.3,77,2
21/06/2017,27.4,84,1
22/06/2017,27.9,85,2
23/06/2017,27.8,91,2
24/06/2017,27.7,81,1
25/06/2017,26.5,88,1
26/06/2017,27.6,82,1
27/06/2017,24.9,93,1
28/06/2017,27.7,83,2
29/06/2017,26.2,89,1
30/06/2017,27.8,81,2
01/07/2017,28,81,2
02/07/2017,27.4,85,2
03/07/2017,25.1,90,2
04/07/2017,27.7,82,2
05/07/2017,26.8,85,2
06/07/2017,27.2,82,3
07/07/2017,27.9,78,3
08/07/2017,27.1,86,2
09/07/2017,26.6,87,2
10/07/2017,28.3,76,2
11/07/2017,26.8,83,2
12/07/2017,25.9,90,2
13/07/2017,25.9,91,2
14/07/2017,25,93,1
15/07/2017,27.4,81,4
16/07/2017,27.8,75,5
17/07/2017,28.2,76,3
18/07/2017,27.8,81,3
19/07/2017,27.9,79,2
20/07/2017,28.7,78,3
21/07/2017,29,78,4
22/07/2017,29,78,4
23/07/2017,28.9,78,4
24/07/2017,29,75,4
25/07/2017,29.2,76,5
26/07/2017,28.4,78,4
27/07/2017,29,75,4
28/07/2017,29,77,3
29/07/2017,29,79,4
30/07/2017,28.2,83,4
31/07/2017,28,84,3
01/08/2017,28.1,84,4
02/08/2017,28.6,74,4
03/08/2017,28.7,74,5
04/08/2017,29,75,4
05/08/2017,28.9,78,4
06/08/2017,27.9,83,3
07/08/2017,27.8,84,3
08/08/2017,27.1,84,3
09/08/2017,26.8,85,2
10/08/2017,27.7,81,2
11/08/2017,26,90,2
12/08/2017,25.9,89,1
13/08/2017,26,88,1
14/08/2017,27.3,84,2
15/08/2017,26.3,85,1
16/08/2017,27.7,81,2
17/08/2017,26.4,88,2
18/08/2017,28.1,82,3
19/08/2017,28.2,81,3
20/08/2017,28.6,80,3
21/08/2017,27.9,82,2
22/08/2017,26.5,83,3
23/08/2017,28.2,80,3
24/08/2017,27.7,84,2
25/08/2017,27.8,81,2
26/08/2017,27.6,83,3
27/08/2017,25.8,91,2
28/08/2017,26.7,88,1
29/08/2017,25.3,93,1
30/08/2017,27.7,82,2
31/08/2017,28.1,81,3
01/09/2017,28.4,80,3
02/09/2017,28.5,79,3
03/09/2017,28.5,78,3
04/09/2017,28.2,79,2
05/09/2017,28.1,80,3
06/09/2017,25.8,90,1
07/09/2017,27.7,84,2
08/09/2017,26.6,89,2
09/09/2017,26.8,88,1
10/09/2017,27.7,86,2
11/09/2017,26.7,88,1
12/09/2017,28.6,81,2
13/09/2017,28.7,77,3
14/09/2017,28,83,2
15/09/2017,28,82,3
16/09/2017,27.1,81,2
17/09/2017,28.1,81,3
18/09/2017,26.2,88,2
19/09/2017,25.6,91,1
20/09/2017,25.4,91,2
21/09/2017,26.6,81,1
22/09/2017,28.6,76,2
23/09/2017,28.1,77,3
24/09/2017,28.2,79,3
25/09/2017,28.3,81,2
26/09/2017,27.3,84,1
27/09/2017,27.7,80,1
28/09/2017,27.1,86,1
29/09/2017,27.3,84,1
30/09/2017,27.2,83,2
01/10/2017,26.1,91,1
02/10/2017,28.1,81,1
03/10/2017,26.8,88,1
04/10/2017,25.4,89,1
05/10/2017,27,84,1
06/10/2017,27.6,80,1
07/10/2017,27.3,86,1
08/10/2017,26.5,88,1
09/10/2017,27,87,1
10/10/2017,26.9,87,2
11/10/2017,27.4,84,2
12/10/2017,26,92,1
13/10/2017,27.2,81,1
14/10/2017,28.3,79,1
15/10/2017,28.8,77,2
16/10/2017,27.5,84,2
17/10/2017,29.3,74,2
18/10/2017,29.8,75,1
19/10/2017,28.5,77,0
20/10/2017,29.5,71,1
21/10/2017,29,80,1
22/10/2017,27.6,85,2
23/10/2017,27.4,84,1
24/10/2017,26.2,90,0
25/10/2017,28.2,81,1
26/10/2017,28.5,80,1
27/10/2017,27.2,85,1
28/10/2017,28.6,76,1
29/10/2017,27,84,1
30/10/2017,26.9,85,1
31/10/2017,25.3,94,1
01/11/2017,27.1,84,1
02/11/2017,27.3,84,1
03/11/2017,27.6,83,1
04/11/2017,28.2,81,2
05/11/2017,27.8,81,3
06/11/2017,27.6,85,0
07/11/2017,25.9,93,1
08/11/2017,26.3,87,1
09/11/2017,26.4,86,1
10/11/2017,25.9,88,1
11/11/2017,25.3,93,1
12/11/2017,27.3,84,2
13/11/2017,27.8,85,1
14/11/2017,24.9,96,1
15/11/2017,26.9,84,0
16/11/2017,28.4,79,3
17/11/2017,26.6,84,2
18/11/2017,27.9,81,1
19/11/2017,28.3,78,1
20/11/2017,26.9,85,1
21/11/2017,24.8,93,0
22/11/2017,28.1,82,2
23/11/2017,26.2,89,1
24/11/2017,26.4,87,1
25/11/2017,27.6,85,1
26/11/2017,27.4,83,1
27/11/2017,26,89,1
28/11/2017,27.8,79,2
29/11/2017,27.6,81,4
30/11/2017,28.1,77,3
01/12/2017,28.8,76,2
02/12/2017,28.7,81,2
03/12/2017,29.1,82,1
04/12/2017,27.4,88,1
05/12/2017,27.4,85,2
06/12/2017,28.3,81,2
07/12/2017,27,86,1
08/12/2017,27.4,79,3
09/12/2017,26.4,85,2
10/12/2017,28.2,76,2
11/12/2017,27.7,78,2
12/12/2017,26.2,88,1
13/12/2017,26.3,87,2
14/12/2017,27.8,82,2
15/12/2017,27.6,82,2
16/12/2017,27.8,76,3
17/12/2017,28.1,74,4
18/12/2017,28.1,71,5
19/12/2017,27.1,78,4
20/12/2017,27.5,76,3
21/12/2017,28,74,3
22/12/2017,27.5,77,2
23/12/2017,27.9,78,2
24/12/2017,26.6,85,2
25/12/2017,26.9,83,2
26/12/2017,26.9,84,2
27/12/2017,27,83,2
28/12/2017,27.8,83,4
29/12/2017,28,82,4
30/12/2017,27.5,84,4
31/12/2017,25.4,94,3
01/01/2018,25.1,93,1
02/01/2018,26.2,87,3
03/01/2018,27,86,2
04/01/2018,26.1,90,1
05/01/2018,26,88,1
06/01/2018,27.3,84,2
07/01/2018,26,90,2
08/01/2018,27.2,83,2
09/01/2018,26.9,86,1
10/01/2018,24.1,93,1
11/01/2018,23.8,91,3
12/01/2018,23.4,93,3
13/01/2018,22.9,94,2
14/01/2018,23.8,86,2
15/01/2018,25.6,84,3
16/01/2018,26.3,83,2
17/01/2018,27.1,82,3
18/01/2018,27.1,80,3
19/01/2018,27.4,82,2
20/01/2018,26.8,86,2
21/01/2018,27.7,82,2
22/01/2018,27.5,83,2
23/01/2018,26.2,89,2
24/01/2018,26.4,86,2
25/01/2018,26.8,86,1
26/01/2018,26.6,86,2
27/01/2018,27.4,83,2
28/01/2018,26.5,84,2
29/01/2018,28,78,1
30/01/2018,27.4,82,3
31/01/2018,27.4,82,3
01/02/2018,28.2,80,3
02/02/2018,25.7,90,3
03/02/2018,27.8,76,5
04/02/2018,27.5,74,6
05/02/2018,27.4,74,4
06/02/2018,27.1,77,4
07/02/2018,26.5,80,4
08/02/2018,26.7,69,5
09/02/2018,26.6,70,5
10/02/2018,26.8,70,4
11/02/2018,27.1,70,4
12/02/2018,27.2,71,4
13/02/2018,27.2,78,3
14/02/2018,27.3,79,4
15/02/2018,27.2,79,4
16/02/2018,27.3,79,3
17/02/2018,27.5,77,4
18/02/2018,27.3,76,4
19/02/2018,27.5,77,4
20/02/2018,27.8,76,4
21/02/2018,27.9,77,4
22/02/2018,27.9,78,4
23/02/2018,27.9,81,3
24/02/2018,26.2,85,3
25/02/2018,27.3,82,3
26/02/2018,27.4,79,4
27/02/2018,27.8,79,4
28/02/2018,27.9,81,3
01/03/2018,27.9,80,3
02/03/2018,28.1,79,4
03/03/2018,27.9,79,2
04/03/2018,28.6,78,4
05/03/2018,28.4,77,4
06/03/2018,28.8,76,2
07/03/2018,26.3,87,2
08/03/2018,26.6,88,2
09/03/2018,28.2,79,5
10/03/2018,27.3,81,5
11/03/2018,28,79,4
12/03/2018,27.8,80,3
13/03/2018,27.7,80,3
14/03/2018,28,77,4
15/03/2018,28.6,76,3
16/03/2018,28.8,76,5
17/03/2018,28.7,75,4
18/03/2018,28.5,76,4
19/03/2018,28.8,74,4
20/03/2018,28.4,76,3
21/03/2018,28.7,76,2
22/03/2018,29.1,73,5
23/03/2018,28.5,73,4
24/03/2018,28.7,76,4
25/03/2018,26.2,90,1
26/03/2018,28,81,3
27/03/2018,24.6,93,2
28/03/2018,27.3,83,2
29/03/2018,26.5,86,1
30/03/2018,26.6,86,1
31/03/2018,28.7,79,3
01/04/2018,28.5,78,2
02/04/2018,28.6,78,2
03/04/2018,28.6,73,4
04/04/2018,28.3,74,3
05/04/2018,28.6,75,3
06/04/2018,28.6,76,3
07/04/2018,28.8,73,3
08/04/2018,29.2,74,5
09/04/2018,29.1,75,5
10/04/2018,27.9,81,2
11/04/2018,28.4,78,3
12/04/2018,29.2,76,2
13/04/2018,29,79,4
14/04/2018,27.5,87,1
15/04/2018,26.9,87,1
16/04/2018,26.3,91,1
17/04/2018,28.5,80,2
18/04/2018,28.5,80,3
19/04/2018,28.2,82,2
20/04/2018,28.3,81,2
21/04/2018,27.5,84,1
22/04/2018,28.5,81,2
23/04/2018,26.8,90,1
24/04/2018,27.9,82,1
25/04/2018,29.4,75,1
26/04/2018,27.9,85,1
27/04/2018,26.2,89,1
28/04/2018,27.8,88,1
29/04/2018,29.4,81,3
30/04/2018,28.7,83,2
01/05/2018,26.7,87,1
02/05/2018,28.7,78,2
03/05/2018,28.7,79,2
04/05/2018,29.2,76,1
05/05/2018,28.4,82,1
06/05/2018,29.3,77,2
07/05/2018,29.2,77,2
08/05/2018,29.9,73,4
09/05/2018,28.9,80,2
10/05/2018,28.5,81,2
11/05/2018,29,77,1
12/05/2018,28.8,80,1
13/05/2018,27.5,85,1
14/05/2018,27.3,87,1
15/05/2018,28.2,83,1
16/05/2018,27.5,84,1
17/05/2018,28.1,84,1
18/05/2018,27.7,84,1
19/05/2018,27.4,87,0
20/05/2018,26.1,92,0
21/05/2018,27.8,85,0
22/05/2018,27.3,87,1
23/05/2018,26.3,91,2
24/05/2018,27.9,79,2
25/05/2018,28.5,80,1
26/05/2018,27,88,1
27/05/2018,27.8,83,2
28/05/2018,27.1,88,1
29/05/2018,27.3,86,1
30/05/2018,26.9,87,1
31/05/2018,26.5,91,1
01/06/2018,27.5,85,2
02/06/2018,26.7,86,0
03/06/2018,28.8,80,1
04/06/2018,28.7,79,2
05/06/2018,29.4,81,2
06/06/2018,29.7,80,2
07/06/2018,29.5,81,2
08/06/2018,28.1,80,2
09/06/2018,28.8,80,2
10/06/2018,29.2,81,3
11/06/2018,28.7,80,2
12/06/2018,28.9,81,1
13/06/2018,27.2,84,1
14/06/2018,27.9,85,1
15/06/2018,25.5,92,2
16/06/2018,28.7,82,2
17/06/2018,29,80,3
18/06/2018,26.8,90,2
19/06/2018,27.9,84,3
20/06/2018,27.1,85,1
21/06/2018,27.8,85,1
22/06/2018,28.1,82,2
23/06/2018,26.6,88,1
24/06/2018,26.1,89,2
25/06/2018,25.6,89,2
26/06/2018,25.7,91,0
27/06/2018,24.8,94,1
28/06/2018,27.5,80,2
29/06/2018,25.3,91,1
30/06/2018,27.4,82,2
01/07/2018,25.6,91,2
02/07/2018,26.6,90,0
03/07/2018,26.6,90,1
04/07/2018,27.6,83,2
05/07/2018,28.2,79,3
06/07/2018,28.3,76,3
07/07/2018,27.4,86,2
08/07/2018,28.5,81,3
09/07/2018,27.6,85,2
10/07/2018,26.3,88,2
11/07/2018,28,77,2
12/07/2018,28.7,80,4
13/07/2018,28.9,78,3
14/07/2018,28.1,79,2
15/07/2018,26.5,88,2
16/07/2018,28.6,78,3
17/07/2018,29.2,76,3
18/07/2018,28.6,81,3
19/07/2018,28.1,83,3
20/07/2018,28.6,82,2
21/07/2018,27.6,83,2
22/07/2018,29.1,80,3
23/07/2018,29,78,3
24/07/2018,29.3,78,3
25/07/2018,26.1,85,2
26/07/2018,28.5,76,3
27/07/2018,29.2,74,3
28/07/2018,29.1,77,2
29/07/2018,27.9,84,2
30/07/2018,25.6,92,1
31/07/2018,26.3,90,1
01/08/2018,25.1,93,1
02/08/2018,27.7,81,2
03/08/2018,28.4,78,3
04/08/2018,27.5,84,3
05/08/2018,28.3,80,3
06/08/2018,28.1,81,3
07/08/2018,27.3,82,3
08/08/2018,26.5,88,2
09/08/2018,28.3,81,3
10/08/2018,28.8,80,3
11/08/2018,27.4,86,2
12/08/2018,29.2,78,3
13/08/2018,29.3,79,5
14/08/2018,29.3,78,4
15/08/2018,29.1,77,4
16/08/2018,29,78,4
17/08/2018,28.9,77,4
18/08/2018,28.7,77,5
19/08/2018,29.1,73,4
20/08/2018,29.2,74,3
21/08/2018,29.1,77,4
22/08/2018,27,88,2
23/08/2018,28.4,80,2
24/08/2018,27.5,92,1
25/08/2018,26.6,85,2
26/08/2018,28.7,78,3
27/08/2018,28.4,81,2
28/08/2018,26.6,86,1
29/08/2018,26.8,82,2
30/08/2018,28.2,80,3
31/08/2018,26.4,84,1
01/09/2018,27,81,1
02/09/2018,25.4,90,1
03/09/2018,27,83,2
04/09/2018,24.6,92,1
05/09/2018,26.7,82,2
06/09/2018,27.5,82,1
07/09/2018,26,90,2
08/09/2018,26.1,87,2
09/09/2018,26.9,85,2
10/09/2018,25.7,87,2
11/09/2018,25.6,89,1
12/09/2018,26.7,82,2
13/09/2018,27.9,76,2
14/09/2018,29,72,3
15/09/2018,28.4,75,3
16/09/2018,28.7,71,3
17/09/2018,28.4,74,2
18/09/2018,26.5,84,1
19/09/2018,26.4,87,1
20/09/2018,26,85,2
21/09/2018,27,83,2
22/09/2018,26.3,86,1
23/09/2018,28.2,78,2
24/09/2018,28.6,75,2
25/09/2018,28.7,75,2
26/09/2018,27.9,82,2
27/09/2018,28.9,78,2
28/09/2018,28.9,75,2
29/09/2018,29.1,74,3
30/09/2018,29.1,76,2
01/10/2018,29.1,76,2
02/10/2018,29.2,76,2
03/10/2018,29.5,74,2
04/10/2018,29.2,75,2
05/10/2018,29.6,71,3
06/10/2018,27.3,85,1
07/10/2018,27.1,85,1
08/10/2018,27.2,87,1
09/10/2018,26.1,89,1
10/10/2018,26.7,85,1
11/10/2018,26.6,84,1
12/10/2018,26.6,85,2
13/10/2018,25.3,91,1
14/10/2018,25.1,93,0
15/10/2018,28.2,79,1
16/10/2018,26.3,87,1
17/10/2018,27,85,1
18/10/2018,26.3,84,2
19/10/2018,28.3,77,1
20/10/2018,28.8,77,2
21/10/2018,27.6,83,1
22/10/2018,28.5,79,1
23/10/2018,27.3,80,2
24/10/2018,28.1,78,2
25/10/2018,27.5,83,1
26/10/2018,28.1,80,1
27/10/2018,27.7,82,2
28/10/2018,26.9,87,1
29/10/2018,28.5,81,1
30/10/2018,28.5,81,2
31/10/2018,27.3,82,2
01/11/2018,25.3,94,2
02/11/2018,26.5,88,1
03/11/2018,27.4,84,1
04/11/2018,27.4,85,2
05/11/2018,27,87,1
06/11/2018,27.7,80,1
07/11/2018,27.8,81,2
08/11/2018,28.9,77,1
09/11/2018,28.4,94,0
10/11/2018,27.8,83,1
11/11/2018,26.5,90,1
12/11/2018,27.8,82,2
13/11/2018,26.7,89,1
14/11/2018,27.9,80,1
15/11/2018,25.4,93,1
16/11/2018,27.7,85,1
17/11/2018,27,85,1
18/11/2018,25.5,93,0
19/11/2018,26.7,86,1
20/11/2018,26.9,87,1
21/11/2018,25.4,90,1
22/11/2018,26.4,88,1
23/11/2018,27.8,81,2
24/11/2018,28.2,81,1
25/11/2018,26.9,85,0
26/11/2018,28.5,78,2
27/11/2018,26.1,90,0
28/11/2018,28,81,2
29/11/2018,28.3,83,3
30/11/2018,27.1,88,1
01/12/2018,27,87,1
02/12/2018,27.6,85,2
03/12/2018,26.2,92,0
04/12/2018,27.7,84,1
05/12/2018,27.3,88,1
06/12/2018,27,89,1
07/12/2018,27,87,1
08/12/2018,27.7,84,2
09/12/2018,28,85,1
10/12/2018,27.8,84,1
11/12/2018,26.3,90,1
12/12/2018,26.7,89,1
13/12/2018,26.4,90,1
14/12/2018,26.6,86,2
15/12/2018,26.6,87,1
16/12/2018,26.9,85,1
17/12/2018,27.3,79,2
18/12/2018,27.6,83,2
19/12/2018,28.1,81,1
20/12/2018,27.8,83,2
21/12/2018,27.8,83,1
22/12/2018,28,80,2
23/12/2018,27.6,80,1
24/12/2018,28.1,80,1
25/12/2018,27.9,80,1
26/12/2018,28.2,78,1
27/12/2018,27.2,84,1
28/12/2018,28.5,76,2
29/12/2018,27.7,84,1
30/12/2018,28,82,1
31/12/2018,26.6,88,1
01/01/2019,28.3,75,2
02/01/2019,29,75,3
03/01/2019,29.3,76,3
04/01/2019,28.2,80,1
05/01/2019,28.8,80,3
06/01/2019,28.6,78,4
07/01/2019,28.6,79,4
08/01/2019,27.9,83,3
09/01/2019,28.4,79,3
10/01/2019,28.4,77,3
11/01/2019,27.5,80,3
12/01/2019,28.1,77,3
13/01/2019,28.4,77,3
14/01/2019,27.5,82,2
15/01/2019,27.9,77,1
16/01/2019,27.7,79,2
17/01/2019,26.5,88,2
18/01/2019,26.2,86,2
19/01/2019,27.6,79,2
20/01/2019,28.2,78,2
21/01/2019,27.8,77,3
22/01/2019,27.7,77,3
23/01/2019,28.3,72,5
24/01/2019,27.8,73,3
25/01/2019,27.5,75,3
26/01/2019,27.6,76,3
27/01/2019,28.2,75,4
28/01/2019,26.6,87,3
29/01/2019,27.9,78,3
30/01/2019,27.8,78,2
31/01/2019,27.8,77,3
01/02/2019,28.4,77,4
02/02/2019,28.3,78,4
03/02/2019,27.9,82,2
04/02/2019,28.2,80,2
05/02/2019,27.7,77,2
06/02/2019,27.6,76,3
07/02/2019,28.1,76,3
08/02/2019,28.4,78,2
09/02/2019,28.6,77,2
10/02/2019,28.2,76,4
11/02/2019,27.4,70,2
12/02/2019,28.7,73,3
13/02/2019,28.7,77,4
14/02/2019,28.2,76,3
15/02/2019,28.1,74,3
16/02/2019,28.3,74,3
17/02/2019,28.1,77,2
18/02/2019,27.2,80,2
19/02/2019,28.3,77,3
20/02/2019,28.4,76,2
21/02/2019,28.4,76,3
22/02/2019,28.5,76,3
23/02/2019,28.1,72,3
24/02/2019,28.1,73,3
25/02/2019,29,76,4
26/02/2019,28.6,77,4
27/02/2019,28.5,74,4
28/02/2019,28.6,74,3
01/03/2019,28.4,71,4
02/03/2019,28.2,69,3
03/03/2019,27.8,72,2
04/03/2019,27.8,74,2
05/03/2019,28.8,74,2
06/03/2019,28.4,80,2
07/03/2019,28.8,75,2
08/03/2019,29,74,2
09/03/2019,28.9,76,2
10/03/2019,28.5,78,1
11/03/2019,27.9,79,1
12/03/2019,28.5,75,1
13/03/2019,29,74,2
14/03/2019,28.6,72,2
15/03/2019,28.1,69,2
16/03/2019,28.9,72,3
17/03/2019,28.4,69,2
18/03/2019,28.7,66,2
19/03/2019,29.1,70,3
20/03/2019,29.1,71,3
21/03/2019,28.2,77,2
22/03/2019,28.9,76,1
23/03/2019,29,76,2
24/03/2019,29.2,75,2
25/03/2019,29.6,74,3
26/03/2019,29.6,74,4
27/03/2019,29.7,72,3
28/03/2019,28.1,78,1
29/03/2019,29.8,72,1
30/03/2019,25.9,91,0
31/03/2019,27.5,85,1
01/04/2019,27.6,85,1
02/04/2019,27.8,80,1
03/04/2019,27,81,1
04/04/2019,28.8,78,2
05/04/2019,28.7,73,2
06/04/2019,28.3,71,2
07/04/2019,29,71,3
08/04/2019,29.3,73,3
09/04/2019,29.8,72,2
10/04/2019,28.3,84,1
11/04/2019,26.7,91,0
12/04/2019,27.4,86,0
13/04/2019,28.9,82,1
14/04/2019,26.2,90,1
15/04/2019,28.9,79,1
16/04/2019,29.5,75,1
17/04/2019,29.3,76,2
18/04/2019,29.8,73,1
19/04/2019,28.9,80,1
20/04/2019,27.4,89,1
21/04/2019,29.2,78,1
22/04/2019,27.7,86,1
23/04/2019,28.3,84,1
24/04/2019,27.6,90,0
25/04/2019,28,88,0
26/04/2019,27.6,92,1
27/04/2019,27.1,84,2
28/04/2019,29.5,77,1
29/04/2019,29.4,83,2
30/04/2019,27.8,86,1
01/05/2019,29.4,78,1
02/05/2019,29.7,79,1
03/05/2019,28.8,84,2
04/05/2019,28.3,82,1
05/05/2019,28.9,79,3
06/05/2019,29.5,72,2
07/05/2019,29,79,2
08/05/2019,25.8,94,1
09/05/2019,28.9,79,1
10/05/2019,28.8,79,1
11/05/2019,27.3,90,1
12/05/2019,28.5,84,1
13/05/2019,28.1,85,1
14/05/2019,28.3,83,2
15/05/2019,28.8,82,1
16/05/2019,28,83,1
17/05/2019,27.4,85,1
18/05/2019,27.4,90,1
19/05/2019,26.4,92,2
20/05/2019,27.7,84,1
21/05/2019,27.2,87,1
22/05/2019,27.5,86,1
23/05/2019,28.5,81,2
24/05/2019,28.5,80,2
25/05/2019,27.9,86,1
26/05/2019,28.3,84,1
27/05/2019,28.4,85,1
28/05/2019,28.3,85,2
29/05/2019,28.3,85,1
30/05/2019,27.6,86,1
31/05/2019,26.9,90,1
01/06/2019,26.5,90,1
02/06/2019,28,82,1
03/06/2019,26.4,91,1
04/06/2019,27.4,88,1
05/06/2019,28,86,2
06/06/2019,25.5,95,2
07/06/2019,25.4,93,1
08/06/2019,26.6,90,1
09/06/2019,27.8,84,1
10/06/2019,29.4,79,2
11/06/2019,28.4,80,2
12/06/2019,27.5,87,2
13/06/2019,27.9,88,2
14/06/2019,28.5,82,1
15/06/2019,27.4,88,1
16/06/2019,28.7,83,2
17/06/2019,27.8,87,2
18/06/2019,26.1,93,1
19/06/2019,27.5,87,1
20/06/2019,28.4,82,2
21/06/2019,27.3,85,2
22/06/2019,26,90,2
23/06/2019,28.3,81,2
24/06/2019,28.2,83,2
25/06/2019,29.2,77,3
26/06/2019,26.6,88,1
27/06/2019,28.7,80,2
28/06/2019,29.5,77,4
29/06/2019,28.2,82,2
30/06/2019,27.9,82,2
01/07/2019,29.2,75,3
02/07/2019,29.4,78,4
03/07/2019,29.2,80,2
04/07/2019,28.2,82,1
05/07/2019,29,80,2
06/07/2019,28.8,80,2
07/07/2019,28.6,80,2
08/07/2019,27.1,85,2
09/07/2019,27.2,84,2
10/07/2019,28.6,76,3
11/07/2019,28.9,73,3
12/07/2019,28.2,79,2
13/07/2019,28.8,77,2
14/07/2019,29.2,76,3
15/07/2019,28.7,87,2
16/07/2019,28.2,76,2
17/07/2019,28.8,71,3
18/07/2019,28.3,72,2
19/07/2019,27.9,81,2
20/07/2019,28.4,77,2
21/07/2019,27.9,80,2
22/07/2019,26.9,84,1
23/07/2019,27.7,82,1
24/07/2019,28.3,78,2
25/07/2019,27.9,76,1
26/07/2019,28.4,75,2
27/07/2019,28.6,77,2
28/07/2019,28.6,79,3
29/07/2019,28.9,78,2
30/07/2019,28.8,75,3
31/07/2019,28.4,72,3
01/08/2019,29.1,68,2
02/08/2019,29.1,72,2
03/08/2019,29,76,2
04/08/2019,28.8,76,3
05/08/2019,29.1,73,3
06/08/2019,28.5,77,2
07/08/2019,28.8,75,2
08/08/2019,28.5,76,2
09/08/2019,28.9,74,2
10/08/2019,28.9,76,3
11/08/2019,29.1,76,4
12/08/2019,29.1,76,2
13/08/2019,29.2,76,2
14/08/2019,29.1,77,2
15/08/2019,28.8,77,2
16/08/2019,29.5,72,2
17/08/2019,29.2,73,3
18/08/2019,28.7,73,2
19/08/2019,29.4,71,2
20/08/2019,29.3,72,3
21/08/2019,29.1,75,2
22/08/2019,28.8,76,2
23/08/2019,28.7,75,2
24/08/2019,29.2,70,2
25/08/2019,28.2,80,1
26/08/2019,28.4,78,1
27/08/2019,25.6,91,1
28/08/2019,25.9,87,1
29/08/2019,28.4,79,2
30/08/2019,28.3,73,2
31/08/2019,28.4,70,3
01/09/2019,29.1,77,2
02/09/2019,29,77,2
03/09/2019,29,78,2
04/09/2019,28.9,74,2
05/09/2019,28.9,75,3
06/09/2019,29.1,75,3
07/09/2019,29.1,72,3
08/09/2019,28.9,74,2
09/09/2019,28.8,77,2
10/09/2019,28.4,78,3
11/09/2019,28.5,78,2
12/09/2019,28.6,78,2
13/09/2019,28.8,77,2
14/09/2019,28.1,79,2
15/09/2019,28.3,73,2
16/09/2019,28.6,75,2
17/09/2019,29.1,76,2
18/09/2019,28.9,76,3
19/09/2019,28.8,75,2
20/09/2019,28.5,77,3
21/09/2019,28.5,73,3
22/09/2019,28.9,75,3
23/09/2019,27.5,82,1
24/09/2019,28.5,79,1
25/09/2019,25.8,91,1
26/09/2019,27.9,81,1
27/09/2019,28,78,1
28/09/2019,28.1,77,1
29/09/2019,27.7,80,1
30/09/2019,26.2,88,0
01/10/2019,26.6,87,1
02/10/2019,25.2,84,1
03/10/2019,27.1,81,0
04/10/2019,27.5,80,0
05/10/2019,26.2,86,1
06/10/2019,27,83,1
07/10/2019,26.7,85,1
08/10/2019,27.3,81,0
09/10/2019,27.2,84,0
10/10/2019,27.7,82,0
11/10/2019,28.3,80,1
12/10/2019,28.7,76,1
13/10/2019,28.5,77,1
14/10/2019,28.3,79,1
15/10/2019,28.3,78,1
16/10/2019,28.2,80,1
17/10/2019,27.8,81,1
18/10/2019,27.3,83,1
19/10/2019,27.5,83,0
20/10/2019,26.4,90,0
21/10/2019,26.9,87,0
22/10/2019,25,96,0
23/10/2019,26.9,89,0
24/10/2019,27.2,86,0
25/10/2019,28.3,79,1
26/10/2019,26.9,86,0
27/10/2019,27.4,81,1
28/10/2019,26.3,90,0
29/10/2019,28.7,77,1
30/10/2019,27,86,1
31/10/2019,27.9,80,1
01/11/2019,27.7,78,1
02/11/2019,28.8,75,0
03/11/2019,27.1,80,0
04/11/2019,27.7,83,0
05/11/2019,26.7,90,0
06/11/2019,28.6,81,1
07/11/2019,29.6,76,1
08/11/2019,27.6,76,1
09/11/2019,28.5,77,1
10/11/2019,28.7,74,0
11/11/2019,27.6,82,1
12/11/2019,27.7,83,0
13/11/2019,28.8,76,1
14/11/2019,26.6,90,1
15/11/2019,27.3,84,0
16/11/2019,28.1,79,1
17/11/2019,28,79,1
18/11/2019,29,76,2
19/11/2019,28,82,1
20/11/2019,27.2,94,1
21/11/2019,26.4,91,1
22/11/2019,27.5,84,1
23/11/2019,26.7,88,1
24/11/2019,27.1,86,1
25/11/2019,27.8,81,1
26/11/2019,28.4,80,1
27/11/2019,26.9,91,1
28/11/2019,28.6,81,1
29/11/2019,27,88,1
30/11/2019,28.4,84,1
01/12/2019,28.5,81,1
02/12/2019,27.1,84,2
03/12/2019,28.2,75,3
04/12/2019,28.5,72,3
05/12/2019,28.1,75,3
06/12/2019,28.4,72,3
07/12/2019,27.7,76,3
08/12/2019,25.1,91,3
09/12/2019,25,94,2
10/12/2019,24.5,96,2
11/12/2019,24.5,92,1
12/12/2019,27.8,74,3
13/12/2019,26.1,92,2
14/12/2019,24.3,98,1
15/12/2019,24.7,95,1
16/12/2019,25.9,90,1
17/12/2019,24.8,97,1
18/12/2019,26.2,91,2
19/12/2019,26.9,86,2
20/12/2019,27.7,84,3
21/12/2019,27.2,85,3
22/12/2019,27,85,3
23/12/2019,27.8,83,4
24/12/2019,28,80,4
25/12/2019,27.6,80,3
26/12/2019,27.2,79,3
27/12/2019,27.9,75,4
28/12/2019,28.1,77,5
29/12/2019,28.2,77,5
30/12/2019,28.1,77,3
31/12/2019,28.1,76,4
01/01/2020,28.3,78,4
02/01/2020,28,79,4
03/01/2020,28.2,80,4
04/01/2020,27.3,82,3
05/01/2020,27.9,77,4
06/01/2020,26.1,87,4
07/01/2020,26.5,87,4
08/01/2020,28,79,5
09/01/2020,27.6,82,4
10/01/2020,27.6,81,3
11/01/2020,27.6,80,3
12/01/2020,27.7,78,4
13/01/2020,27.8,76,4
14/01/2020,27.9,76,4
15/01/2020,28.1,76,4
16/01/2020,27.4,81,3
17/01/2020,28.3,76,4
18/01/2020,28.3,80,4
19/01/2020,28.6,77,5
20/01/2020,28,81,6
21/01/2020,27.2,87,4
22/01/2020,28.4,79,4
23/01/2020,28.3,78,4
24/01/2020,28.1,72,5
25/01/2020,28,75,4
26/01/2020,28.5,74,4
27/01/2020,28.5,77,4
28/01/2020,28.8,76,3
29/01/2020,28.3,87,3
30/01/2020,27.8,79,4
31/01/2020,28.7,72,6
01/02/2020,28.7,76,6
02/02/2020,27.9,76,5
03/02/2020,27.9,73,4
04/02/2020,27.6,74,4
05/02/2020,28.3,73,4
06/02/2020,28.3,74,5
07/02/2020,28.1,70,4
08/02/2020,27.8,71,3
09/02/2020,25.9,88,2
10/02/2020,27.8,81,3
11/02/2020,28.1,83,4
12/02/2020,28.3,81,4
13/02/2020,28.1,80,4
14/02/2020,28.1,78,4
15/02/2020,28.4,75,3
16/02/2020,28.3,78,3
17/02/2020,28.4,74,3
18/02/2020,27.8,77,4
19/02/2020,28.1,77,5
20/02/2020,28.2,76,4
21/02/2020,28.2,78,5
22/02/2020,28.6,73,5
23/02/2020,28.2,76,5
24/02/2020,27,84,5
25/02/2020,28.3,76,5
26/02/2020,28.6,75,4
27/02/2020,28.4,76,4
28/02/2020,28.3,75,5
29/02/2020,28,74,4
01/03/2020,28.2,74,4
02/03/2020,28.3,76,4
03/03/2020,28.6,76,4
04/03/2020,29,75,4
05/03/2020,27.7,83,2
06/03/2020,28.6,80,3
07/03/2020,28.1,85,3
08/03/2020,27.9,81,2
09/03/2020,28.7,78,3
10/03/2020,29.2,76,4
11/03/2020,29,76,4
12/03/2020,29.1,73,4
13/03/2020,29.4,73,4
14/03/2020,29.4,74,4
15/03/2020,29.4,76,5
16/03/2020,29.3,72,5
17/03/2020,29.1,70,5
18/03/2020,29.1,72,4
19/03/2020,28.7,69,4
20/03/2020,28.8,71,4
21/03/2020,27.9,81,3
22/03/2020,29.2,76,3
23/03/2020,26.4,93,1
24/03/2020,28.8,78,3
25/03/2020,29.2,77,4
26/03/2020,29.2,78,4
27/03/2020,29.2,77,3
28/03/2020,29.2,74,3
29/03/2020,29,71,4
30/03/2020,29.3,73,4
31/03/2020,29.1,72,3
01/04/2020,29.8,73,3
02/04/2020,30.2,72,4
03/04/2020,29.6,74,3
04/04/2020,29.4,77,3
05/04/2020,29.9,74,3
06/04/2020,28,82,2
07/04/2020,27.8,83,2
08/04/2020,29.5,75,3
09/04/2020,28.8,75,3
10/04/2020,29.4,73,3
11/04/2020,28.5,80,2
12/04/2020,29.2,78,3
13/04/2020,29.5,77,4
14/04/2020,29.6,72,3
15/04/2020,30.1,70,4
16/04/2020,29.2,74,4
17/04/2020,29.3,74,2
18/04/2020,29.6,73,3
19/04/2020,30.1,70,4
20/04/2020,30.1,74,4
21/04/2020,29.4,76,2
22/04/2020,29.7,76,2
23/04/2020,28.3,82,1
24/04/2020,28.2,83,1
25/04/2020,28.6,81,2
26/04/2020,28.5,80,1
27/04/2020,27.1,88,2
28/04/2020,28,86,2
29/04/2020,27.8,87,1
30/04/2020,26.9,92,1
01/05/2020,27.2,89,2
02/05/2020,28.4,85,1
03/05/2020,28.6,85,1
04/05/2020,27.3,92,1
05/05/2020,28.6,84,1
06/05/2020,28.1,86,2
07/05/2020,29,82,2
08/05/2020,29,79,3
09/05/2020,30.5,76,3
10/05/2020,29.5,82,3
11/05/2020,28.2,87,2
12/05/2020,29.2,84,2
13/05/2020,26.6,86,2
14/05/2020,28.8,80,2
15/05/2020,29.7,76,2
16/05/2020,29.2,82,2
17/05/2020,27.8,86,2
18/05/2020,29.1,82,2
19/05/2020,29.8,80,2
20/05/2020,27.6,82,2
21/05/2020,29.1,79,1
22/05/2020,28.4,84,2
23/05/2020,27.5,85,1
24/05/2020,28.9,82,2
25/05/2020,29.4,79,2
26/05/2020,28.5,79,1
27/05/2020,27.5,89,1
28/05/2020,29.3,81,2
29/05/2020,28.4,82,1
30/05/2020,29,80,2
31/05/2020,28.5,81,1
01/06/2020,26.6,90,2
02/06/2020,27.8,88,1
03/06/2020,28,84,2
04/06/2020,27.6,85,3
05/06/2020,26.6,89,3
06/06/2020,26.9,91,1
07/06/2020,28.5,83,1
08/06/2020,28,85,1
09/06/2020,29.5,80,3
10/06/2020,28.2,80,3
11/06/2020,29.3,79,2
12/06/2020,27.3,89,1
13/06/2020,25.1,95,1
14/06/2020,28.2,86,3
15/06/2020,29.1,81,2
16/06/2020,27.7,87,1
17/06/2020,26.8,89,1
18/06/2020,27.1,86,1
19/06/2020,26.8,91,2
20/06/2020,26.5,93,2
21/06/2020,25.6,96,2
22/06/2020,26.3,93,2
23/06/2020,25.8,92,2
24/06/2020,25.6,94,2
25/06/2020,27.2,85,2
26/06/2020,28.9,82,3
27/06/2020,28.4,84,2
28/06/2020,29.2,78,3
29/06/2020,28.1,83,3
30/06/2020,28.2,82,3
01/07/2020,27.9,85,2
02/07/2020,28.9,78,3
03/07/2020,29.1,78,3
04/07/2020,28.7,80,2
05/07/2020,28,81,1
06/07/2020,29.2,76,3
07/07/2020,26.5,86,2
08/07/2020,26.2,91,2
09/07/2020,25.6,92,3
10/07/2020,27.2,83,1
11/07/2020,27.1,89,2
12/07/2020,28.4,79,2
13/07/2020,25.3,94,2
14/07/2020,26.4,88,2
15/07/2020,27.3,85,2
16/07/2020,27.9,82,2
17/07/2020,28.6,78,2
18/07/2020,26.9,87,1
19/07/2020,28.6,79,2
20/07/2020,28.5,79,2
21/07/2020,28.3,81,2
22/07/2020,27.4,85,2
23/07/2020,27.6,81,1
24/07/2020,26.9,87,2
25/07/2020,26.7,91,2
26/07/2020,27.2,88,3
27/07/2020,27.1,87,2
28/07/2020,26.9,85,2
29/07/2020,25.6,96,1
30/07/2020,28.6,80,3
31/07/2020,27.9,80,3
01/08/2020,27.5,83,3
02/08/2020,28.8,75,4
03/08/2020,28.9,79,3
04/08/2020,27,82,2
05/08/2020,28.7,83,3
06/08/2020,28.7,81,2
07/08/2020,28.9,83,3
08/08/2020,29.4,80,3
09/08/2020,29.4,81,3
10/08/2020,29.8,77,4
11/08/2020,29.8,77,3
12/08/2020,26.9,89,1
13/08/2020,28.2,77,2
14/08/2020,25.5,90,1
15/08/2020,27.8,86,1
16/08/2020,26.7,89,2
17/08/2020,27.3,84,1
18/08/2020,26.6,86,2
19/08/2020,28.4,80,2
20/08/2020,27.7,83,2
21/08/2020,29,74,3
22/08/2020,26.9,85,2
23/08/2020,24.6,98,1
24/08/2020,26.9,87,2
25/08/2020,26,92,2
26/08/2020,25.7,89,2
27/08/2020,26.9,82,2
28/08/2020,28.4,81,2
29/08/2020,26.5,90,2
30/08/2020,28.3,83,3
31/08/2020,28.4,81,3
01/09/2020,27.8,84,2
02/09/2020,27.3,88,1
03/09/2020,26.8,88,2
04/09/2020,27,86,2
05/09/2020,24.7,93,2
06/09/2020,25.9,90,2
07/09/2020,27.8,82,2
08/09/2020,27.8,87,2
09/09/2020,27.2,87,1
10/09/2020,27.3,82,2
11/09/2020,27.5,83,2
12/09/2020,24.9,93,1
13/09/2020,24.4,95,2
14/09/2020,24.7,96,1
15/09/2020,26.8,84,3
16/09/2020,26.7,82,2
17/09/2020,26.1,91,2
18/09/2020,28.4,80,3
19/09/2020,28.2,81,2
20/09/2020,28.4,81,3
21/09/2020,25.3,93,1
22/09/2020,27.3,85,2
23/09/2020,28.2,82,2
24/09/2020,27.8,83,2
25/09/2020,27.8,80,2
26/09/2020,26,86,2
27/09/2020,26.7,85,2
28/09/2020,27.6,83,2
29/09/2020,26.3,90,2
30/09/2020,27.1,86,2
01/10/2020,26.6,87,2
02/10/2020,27.8,84,3
03/10/2020,27.5,78,3
04/10/2020,27.5,85,2
05/10/2020,28.6,79,1
06/10/2020,27.5,82,3
07/10/2020,27.6,81,2
08/10/2020,26.7,85,3
09/10/2020,27.2,86,2
10/10/2020,26.4,88,3
11/10/2020,27.4,80,3
12/10/2020,27.6,81,3
13/10/2020,28.3,77,2
14/10/2020,28.4,79,3
15/10/2020,28,80,2
16/10/2020,28.8,78,2
17/10/2020,29.5,78,3
18/10/2020,27.3,84,2
19/10/2020,28.4,79,2
20/10/2020,27.6,88,1
21/10/2020,27.8,81,2
22/10/2020,27.1,83,4
23/10/2020,27,86,1
24/10/2020,26.6,90,2
25/10/2020,28.3,75,3
26/10/2020,26.4,92,1
27/10/2020,29.4,77,2
28/10/2020,26.6,92,1
29/10/2020,27.2,84,2
30/10/2020,28,82,1
31/10/2020,27.1,82,2
01/11/2020,28.3,79,3
02/11/2020,27,84,2
03/11/2020,27.3,88,2
04/11/2020,25.5,88,1
05/11/2020,27.5,81,1
06/11/2020,28.5,81,2
07/11/2020,25.3,93,1
08/11/2020,26.8,85,2
09/11/2020,26.4,89,2
10/11/2020,26.6,88,1
11/11/2020,28.5,79,2
12/11/2020,29.1,78,3
13/11/2020,28.8,80,3
14/11/2020,27.9,84,3
15/11/2020,26.2,88,2
16/11/2020,28,83,3
17/11/2020,26.7,87,1
18/11/2020,28.2,81,2
19/11/2020,27.6,84,2
20/11/2020,27.6,84,2
21/11/2020,26.4,88,2
22/11/2020,26.7,86,2
23/11/2020,25.7,89,2
24/11/2020,26.6,85,2
25/11/2020,26.6,86,2
26/11/2020,26,91,1
27/11/2020,27.2,86,2
28/11/2020,26.1,87,1
29/11/2020,27.7,80,2
30/11/2020,26.9,88,1
01/12/2020,28.7,79,2
02/12/2020,27.9,84,2
03/12/2020,26.7,86,3
04/12/2020,26.9,86,3
05/12/2020,26.9,85,4
06/12/2020,28.2,79,4
07/12/2020,27.8,80,3
08/12/2020,27.7,82,3
09/12/2020,27.7,82,3
10/12/2020,26.5,84,2
11/12/2020,28.3,77,2
12/12/2020,26,87,2
13/12/2020,27.8,78,2
14/12/2020,26.5,86,2
15/12/2020,26.5,88,2
16/12/2020,25.9,91,1
17/12/2020,25.8,88,2
18/12/2020,25.4,88,2
19/12/2020,26.7,80,2
20/12/2020,26.9,82,3
21/12/2020,27.2,83,2
22/12/2020,27.9,78,3
23/12/2020,27.8,82,3
24/12/2020,26.1,91,1
25/12/2020,28.3,80,4
26/12/2020,27.7,81,3
27/12/2020,27.7,82,4
28/12/2020,28,79,4
29/12/2020,26.6,84,2
30/12/2020,27.8,77,4
31/12/2020,26.9,83,4
01/01/2021,25,95,3
02/01/2021,23.2,93,2
03/01/2021,24.4,94,2
04/01/2021,25.6,87,2
05/01/2021,26.6,87,3
06/01/2021,26.5,82,3
07/01/2021,25.9,92,2
08/01/2021,25.3,92,2
09/01/2021,25.2,94,3
10/01/2021,25.5,97,4
11/01/2021,25.8,89,4
12/01/2021,25.8,86,6
13/01/2021,25.3,85,4
14/01/2021,26.1,81,3
15/01/2021,26.9,80,4
16/01/2021,27.2,79,5
17/01/2021,27.1,73,6
18/01/2021,26.4,72,6
19/01/2021,26.6,75,4
20/01/2021,26.4,78,3
21/01/2021,26.8,79,4
22/01/2021,26.9,79,4
23/01/2021,26.2,80,4
24/01/2021,27.2,81,4
25/01/2021,27.3,79,4
26/01/2021,26.9,77,4
27/01/2021,26.7,83,3
28/01/2021,26.8,81,4
29/01/2021,27.2,75,4
30/01/2021,27.1,76,5
31/01/2021,26.9,82,4
01/02/2021,27.2,80,4
02/02/2021,27,80,4
03/02/2021,27.1,75,5
04/02/2021,26.9,72,4
05/02/2021,27.3,78,5
06/02/2021,27.4,77,5
07/02/2021,27.6,77,4
08/02/2021,27.6,78,5
09/02/2021,27.5,78,4
10/02/2021,27.4,79,4
11/02/2021,27.5,78,5
12/02/2021,28,76,5
13/02/2021,27.8,75,5
14/02/2021,27.2,74,6
15/02/2021,27.4,70,5
16/02/2021,27,71,5
17/02/2021,26.8,71,5
18/02/2021,27.3,69,6
19/02/2021,27.3,72,6
20/02/2021,27.5,75,6
21/02/2021,27.2,75,5
22/02/2021,27.1,72,5
23/02/2021,27.1,73,5
24/02/2021,26.7,76,4
25/02/2021,27.3,78,4
26/02/2021,27.6,80,3
27/02/2021,28.1,79,3
28/02/2021,28.1,76,4
01/03/2021,27.8,78,4
02/03/2021,28,75,4
03/03/2021,28.2,76,4
04/03/2021,28.5,78,5
05/03/2021,28.6,79,5
06/03/2021,28.5,77,6
07/03/2021,28.1,87,2
08/03/2021,27.8,77,4
09/03/2021,27.8,74,5
10/03/2021,28.2,74,4
11/03/2021,28.3,76,5
12/03/2021,27.4,81,3
13/03/2021,28.2,78,4
14/03/2021,28.4,77,5
15/03/2021,28.4,77,5
16/03/2021,28.3,78,4
17/03/2021,28.1,79,4
18/03/2021,28.7,76,4
19/03/2021,28.8,75,4
20/03/2021,28.8,76,4
21/03/2021,28.9,76,4
22/03/2021,28.6,77,5
23/03/2021,28.2,79,4
24/03/2021,25.6,92,1
25/03/2021,26.5,89,2
26/03/2021,28.2,81,4
27/03/2021,28.6,86,1
28/03/2021,29,76,2
29/03/2021,26.7,88,1
30/03/2021,28.5,80,2
31/03/2021,28.4,75,2
01/04/2021,29.6,68,2
02/04/2021,28,82,3
03/04/2021,27.4,83,2
04/04/2021,27.4,87,1
05/04/2021,26.7,87,1
06/04/2021,28.6,77,4
07/04/2021,28.9,74,3
08/04/2021,28.3,78,2
09/04/2021,28.1,81,3
10/04/2021,29.3,74,3
11/04/2021,28.7,79,3
12/04/2021,28.3,75,2
13/04/2021,28.2,80,2
14/04/2021,28.3,78,1
15/04/2021,26.6,87,1
16/04/2021,27.6,82,1
17/04/2021,25.5,92,2
18/04/2021,28.2,77,2
19/04/2021,27.6,80,1
20/04/2021,27.8,82,2
21/04/2021,29.1,78,2
22/04/2021,28.9,90,2
23/04/2021,28.6,77,2
24/04/2021,25.1,92,1
25/04/2021,28.5,81,2
26/04/2021,27.5,85,2
27/04/2021,27.4,87,1
28/04/2021,28.2,81,1
29/04/2021,28.9,79,2
30/04/2021,27.6,84,2
01/05/2021,28.3,81,3
02/05/2021,29.2,78,3
03/05/2021,29.1,78,2
04/05/2021,29.4,78,2
05/05/2021,27.4,85,2
06/05/2021,26.9,87,1
07/05/2021,28.4,82,2
08/05/2021,27.6,86,1
09/05/2021,27.5,87,1
10/05/2021,29.1,81,2
11/05/2021,28.5,85,2
12/05/2021,27.4,89,1
13/05/2021,28.3,86,2
14/05/2021,28.1,88,1
15/05/2021,27,89,1
16/05/2021,28.2,87,2
17/05/2021,26.7,94,1
18/05/2021,26.2,92,2
19/05/2021,27.3,88,1
20/05/2021,29.2,79,2
21/05/2021,27.6,86,2
22/05/2021,27.2,83,3
23/05/2021,29.3,79,2
24/05/2021,29.5,80,3
25/05/2021,29.8,79,3
26/05/2021,29.6,78,2
27/05/2021,28,86,2
28/05/2021,27.7,85,1
29/05/2021,27.1,89,1
30/05/2021,27.7,87,1
31/05/2021,27.4,88,2
01/06/2021,28.5,84,2
02/06/2021,28.4,84,2
03/06/2021,29.2,84,2
04/06/2021,29.1,84,2
05/06/2021,28.6,82,2
06/06/2021,29.4,78,3
07/06/2021,28.7,81,2
08/06/2021,28.7,80,2
09/06/2021,27.4,87,1
10/06/2021,27.7,81,2
11/06/2021,28.6,80,2
12/06/2021,28.9,78,3
13/06/2021,27.7,84,2
14/06/2021,28.2,83,1
15/06/2021,27.3,86,2
16/06/2021,27.7,84,2
17/06/2021,28.6,80,2
18/06/2021,26.1,90,1
19/06/2021,26.6,86,1
20/06/2021,26.6,84,2
21/06/2021,28.3,80,2
22/06/2021,27.4,84,2
23/06/2021,27.5,80,1
24/06/2021,27.6,83,1
25/06/2021,26.3,88,1
26/06/2021,27.9,80,2
27/06/2021,26,92,1
28/06/2021,27.5,86,1
29/06/2021,27.2,83,2
30/06/2021,28.6,77,2
01/07/2021,28.6,79,3
02/07/2021,27.8,83,1
03/07/2021,27.9,84,2
04/07/2021,25.7,91,1
05/07/2021,26.8,88,2
06/07/2021,26.2,88,2
07/07/2021,27.2,87,2
08/07/2021,28.7,78,2
09/07/2021,28,83,2
10/07/2021,25.7,92,1
11/07/2021,26.3,88,2
12/07/2021,27.1,83,3
13/07/2021,25,88,4
14/07/2021,26.7,83,1
15/07/2021,28.6,79,2
16/07/2021,28.8,79,3
17/07/2021,28.8,80,3
18/07/2021,28.9,78,3
19/07/2021,28.6,81,2
20/07/2021,28.7,80,2
21/07/2021,29.4,76,4
22/07/2021,29.4,76,3
23/07/2021,29,76,3
24/07/2021,29.2,74,4
25/07/2021,29.5,77,4
26/07/2021,29,76,3
27/07/2021,29.1,73,4
28/07/2021,29.3,73,4
29/07/2021,29.9,72,4
30/07/2021,30,74,4
31/07/2021,28.3,85,2
01/08/2021,26.7,84,2
02/08/2021,28.1,80,3
03/08/2021,28,83,2
04/08/2021,25.9,93,2
05/08/2021,28.9,81,3
06/08/2021,29.3,79,3
07/08/2021,28.7,82,2
08/08/2021,26.4,88,2
09/08/2021,28.1,82,1
10/08/2021,28.2,83,2
11/08/2021,28.2,80,2
12/08/2021,28.6,77,2
13/08/2021,27.7,83,2
14/08/2021,26.7,86,2
15/08/2021,26.5,87,2
16/08/2021,27.2,83,2
17/08/2021,25.9,89,2
18/08/2021,25.2,92,2
19/08/2021,27.5,79,3
20/08/2021,25.2,91,1
21/08/2021,27.1,83,3
22/08/2021,25.6,90,2
23/08/2021,26.9,87,2
24/08/2021,24.4,95,1
25/08/2021,25.4,88,2
26/08/2021,26.6,86,1
27/08/2021,26.7,87,3
28/08/2021,27.7,84,3
29/08/2021,26.8,87,2
30/08/2021,25.6,92,2
31/08/2021,26.6,86,2
01/09/2021,27.1,83,4
02/09/2021,25.1,92,2
03/09/2021,27.9,78,2
04/09/2021,28.6,79,3
05/09/2021,28.6,79,2
06/09/2021,27.9,81,2
07/09/2021,27.6,82,4
08/09/2021,28,78,4
09/09/2021,28.3,78,3
10/09/2021,26.1,86,2
11/09/2021,28.3,81,2
12/09/2021,28.1,81,2
13/09/2021,26.1,90,2
14/09/2021,27.1,87,1
15/09/2021,28.2,82,3
16/09/2021,27.9,81,3
17/09/2021,28.5,80,2
18/09/2021,27.9,83,2
19/09/2021,26.8,86,3
20/09/2021,28.7,76,3
21/09/2021,28.6,78,3
22/09/2021,28.6,80,3
23/09/2021,28,81,2
24/09/2021,28.6,79,2
25/09/2021,28.1,83,1
26/09/2021,28.6,79,3
27/09/2021,26.5,90,1
28/09/2021,27.3,84,1
29/09/2021,27.6,83,2
30/09/2021,25.4,94,3
01/10/2021,26.4,88,3
02/10/2021,27.1,86,1
03/10/2021,28.2,80,2
04/10/2021,28.9,80,2
05/10/2021,26.8,88,2
06/10/2021,29.5,75,3
07/10/2021,27.8,85,3
08/10/2021,29.8,75,3
09/10/2021,29.6,75,3
10/10/2021,29.2,91,2
11/10/2021,28.9,78,2
12/10/2021,29.6,80,3
13/10/2021,28.7,81,3
14/10/2021,29.5,79,3
15/10/2021,29.4,80,3
16/10/2021,28.8,80,2
17/10/2021,26.8,88,2
18/10/2021,27.3,84,1
19/10/2021,28.7,80,2
20/10/2021,25.6,92,2
21/10/2021,27.9,80,2
22/10/2021,26.6,89,1
23/10/2021,26.9,87,1
24/10/2021,27.9,81,1
25/10/2021,27.9,84,1
26/10/2021,28.2,82,1
27/10/2021,29,77,2
28/10/2021,26.4,87,2
29/10/2021,27.9,84,2
30/10/2021,27.9,83,2
31/10/2021,27.2,84,1
01/11/2021,26.1,92,1
02/11/2021,26.5,87,2
03/11/2021,26.7,88,1
04/11/2021,27.5,82,1
05/11/2021,26.3,90,2
06/11/2021,27.8,87,1
07/11/2021,26.4,92,2
08/11/2021,26.6,92,1
09/11/2021,27,87,2
10/11/2021,25.5,91,3
11/11/2021,27.1,84,3
12/11/2021,27.9,80,2
13/11/2021,25.9,90,2
14/11/2021,27.9,84,1
15/11/2021,26,92,2
16/11/2021,28.5,80,2
17/11/2021,27.6,86,2
18/11/2021,27,83,2
19/11/2021,28.4,81,2
20/11/2021,26.8,87,1
21/11/2021,26.8,88,2
22/11/2021,27.9,85,1
23/11/2021,26.6,90,2
24/11/2021,25.8,90,1
25/11/2021,28,80,2
26/11/2021,28.4,76,2
27/11/2021,27.8,79,1
28/11/2021,28.1,80,2
29/11/2021,28.5,74,3
30/11/2021,29,73,2
01/12/2021,29.2,75,3
02/12/2021,25.6,89,1
03/12/2021,27.4,79,3
04/12/2021,27.8,80,4
05/12/2021,27.1,81,3
06/12/2021,27.8,77,4
07/12/2021,28.3,76,4
08/12/2021,28,78,5
09/12/2021,28.4,76,4
10/12/2021,27.4,85,3
11/12/2021,26.7,91,3
12/12/2021,26.6,85,3
13/12/2021,27,82,4
14/12/2021,28,77,3
15/12/2021,27.1,85,2
16/12/2021,28.6,77,3
17/12/2021,27.5,83,3
18/12/2021,27.2,82,2
19/12/2021,27.3,81,3
20/12/2021,27.7,82,2
21/12/2021,28.3,80,4
22/12/2021,28,82,2
23/12/2021,26.7,90,1
24/12/2021,27.7,84,3
25/12/2021,28,81,4
26/12/2021,28.2,80,4
27/12/2021,28.1,78,4
28/12/2021,28.1,77,4
29/12/2021,27.8,82,3
30/12/2021,28,82,3
31/12/2021,25.5,91,3
01/01/2022,25.9,89,2
02/01/2022,24.5,95,2
03/01/2022,26.8,83,2
04/01/2022,27.1,83,3
05/01/2022,27.9,79,3
06/01/2022,27.8,79,4
07/01/2022,28.1,81,4
08/01/2022,27.9,82,4
09/01/2022,28.1,78,5
10/01/2022,27.7,77,4
11/01/2022,27.3,80,4
12/01/2022,27.6,75,5
13/01/2022,27.6,74,4
14/01/2022,27.4,75,4
15/01/2022,27.9,76,5
16/01/2022,28.2,77,5
17/01/2022,27.6,80,5
18/01/2022,27.8,74,4
19/01/2022,27,80,4
20/01/2022,27.3,77,4
21/01/2022,27.7,76,5
22/01/2022,27.5,78,4
23/01/2022,27.5,78,4
24/01/2022,27.3,79,4
25/01/2022,27.8,77,4
26/01/2022,27.5,77,3
27/01/2022,27.5,76,3
28/01/2022,27.8,76,4
29/01/2022,27.7,77,4
30/01/2022,27.8,77,4
31/01/2022,28.2,76,4
01/02/2022,28.1,77,5
02/02/2022,28.2,77,4
03/02/2022,28.5,79,6
04/02/2022,28.6,77,6
05/02/2022,27.8,81,5
06/02/2022,25.5,93,2
07/02/2022,26.1,87,3
08/02/2022,26.5,85,2
09/02/2022,26.2,88,2
10/02/2022,24.1,93,2
11/02/2022,25.4,89,2
12/02/2022,27.4,78,4
13/02/2022,27.8,80,4
14/02/2022,28,82,4
15/02/2022,28,84,3
16/02/2022,28.1,84,2
17/02/2022,28.1,79,4
18/02/2022,28.5,78,4
19/02/2022,27.8,82,2
20/02/2022,27.2,86,3
21/02/2022,28.1,79,4
22/02/2022,28,78,4
23/02/2022,26.9,83,3
24/02/2022,25.8,83,2
25/02/2022,27.7,79,2
26/02/2022,26.4,87,3
27/02/2022,28.1,80,5
28/02/2022,28.2,79,5
01/03/2022,27.6,83,3
02/03/2022,27.5,84,4
03/03/2022,26.9,86,2
04/03/2022,27.6,82,3
05/03/2022,27.8,80,2
06/03/2022,27.1,86,2
07/03/2022,27.7,83,4
08/03/2022,28.2,78,3
09/03/2022,28.3,82,4
10/03/2022,27,84,4
11/03/2022,28,80,4
12/03/2022,27.8,79,3
13/03/2022,28.8,79,4
14/03/2022,28.6,80,3
15/03/2022,28.2,86,2
16/03/2022,27.9,81,2
17/03/2022,27.5,84,2
18/03/2022,28.2,80,2
19/03/2022,29.1,76,3
20/03/2022,27,82,2
21/03/2022,28.7,77,1
22/03/2022,28.2,85,2
23/03/2022,29,80,2
24/03/2022,29.5,80,4
25/03/2022,29.5,76,4
26/03/2022,28.4,80,2
27/03/2022,28.8,78,2
28/03/2022,28.1,82,3
29/03/2022,28.9,79,3
30/03/2022,29.8,75,3
31/03/2022,27.1,83,2
01/04/2022,29.5,76,2
02/04/2022,27.8,84,1
03/04/2022,26.8,86,2
04/04/2022,28.9,75,2
05/04/2022,27.8,82,2
06/04/2022,28.2,78,2
07/04/2022,25.8,90,1
08/04/2022,27.9,79,3
09/04/2022,25.9,89,1
10/04/2022,27.3,85,1
11/04/2022,26.9,87,1
12/04/2022,27.9,84,1
13/04/2022,26.4,88,2
14/04/2022,28.7,80,2
15/04/2022,27.3,85,2
16/04/2022,28.2,83,2
17/04/2022,28.5,82,3
18/04/2022,27.2,86,2
19/04/2022,27.9,84,2
20/04/2022,28.3,83,2
21/04/2022,25.9,90,1
22/04/2022,28.9,80,4
23/04/2022,29.5,76,2
24/04/2022,28.6,81,2
25/04/2022,27.8,85,1
26/04/2022,28.5,84,1
27/04/2022,27.1,92,2
28/04/2022,28.4,84,2
29/04/2022,28.1,85,2
30/04/2022,28.9,80,2
01/05/2022,28.4,84,2
02/05/2022,27.6,84,4
03/05/2022,28,84,2
04/05/2022,27.7,86,2
05/05/2022,28.3,84,2
06/05/2022,29.5,80,2
07/05/2022,27.4,88,2
08/05/2022,28.3,84,3
09/05/2022,29.9,81,4
10/05/2022,29.4,79,3
11/05/2022,27.2,87,1
12/05/2022,29.6,73,3
13/05/2022,30,78,3
14/05/2022,29.9,81,2
15/05/2022,28.1,83,2
16/05/2022,28.4,82,2
17/05/2022,29.5,79,2
18/05/2022,30.1,75,2
19/05/2022,27.3,89,1
20/05/2022,27.2,89,1
21/05/2022,28.9,81,2
22/05/2022,29.3,77,2
23/05/2022,29.3,81,2
24/05/2022,29.3,81,2
25/05/2022,27.7,83,2
26/05/2022,28.7,79,2
27/05/2022,29.4,76,2
28/05/2022,28.4,78,2
29/05/2022,29.2,71,2
30/05/2022,30.2,72,2
31/05/2022,29.6,77,1
01/06/2022,28.2,87,1
02/06/2022,26.8,89,2
03/06/2022,27.6,86,1
04/06/2022,28,80,2
05/06/2022,27.1,83,2
06/06/2022,28,83,2
07/06/2022,26.4,89,1
08/06/2022,27.6,82,2
09/06/2022,27.3,86,2
10/06/2022,28.1,82,2
11/06/2022,26.8,88,2
12/06/2022,26.3,89,2
13/06/2022,27.5,85,1
14/06/2022,28.2,80,2
15/06/2022,28.4,80,2
16/06/2022,25.1,93,2
17/06/2022,27.5,83,1
18/06/2022,27.3,84,1
19/06/2022,27.2,86,1
20/06/2022,25.2,95,2
21/06/2022,25.8,92,2
22/06/2022,26.8,86,2
23/06/2022,26.4,88,2
24/06/2022,27,86,2
25/06/2022,26.2,90,2
26/06/2022,27.9,83,2
27/06/2022,28.3,82,2
28/06/2022,26.5,88,2
29/06/2022,27.8,81,4
30/06/2022,26.7,85,3
01/07/2022,28.1,79,2
02/07/2022,27.7,80,2
03/07/2022,28,81,2
04/07/2022,29,82,2
05/07/2022,26.5,89,2
06/07/2022,28.3,83,2
07/07/2022,29,77,3
08/07/2022,27.3,83,3
09/07/2022,28.8,81,2
10/07/2022,27.1,81,2
11/07/2022,28.1,82,2
12/07/2022,28.2,77,2
13/07/2022,28.4,82,2
14/07/2022,28.9,82,2
15/07/2022,28.6,82,3
16/07/2022,29.6,77,4
17/07/2022,29.7,78,3
18/07/2022,29.4,81,3
19/07/2022,30,78,4
20/07/2022,29.2,84,2
21/07/2022,28.4,82,2
22/07/2022,28.1,83,2
23/07/2022,28.3,81,1
24/07/2022,27.1,84,2
25/07/2022,26.4,87,2
26/07/2022,26.6,87,2
27/07/2022,28.6,82,3
28/07/2022,28.9,81,3
29/07/2022,27.6,83,3
30/07/2022,28.5,80,4
31/07/2022,29.1,78,3
01/08/2022,28.3,84,2
02/08/2022,26.1,91,2
03/08/2022,27.6,81,3
04/08/2022,26.6,87,2
05/08/2022,26.6,82,2
06/08/2022,28.8,74,3
07/08/2022,28.9,79,3
08/08/2022,29,77,3
09/08/2022,28.7,79,3
10/08/2022,29.1,79,3
11/08/2022,29.7,79,3
12/08/2022,28.4,82,2
13/08/2022,26.7,84,2
14/08/2022,28.5,79,2
15/08/2022,28,82,2
16/08/2022,26.6,89,1
17/08/2022,28.6,81,3
18/08/2022,29.2,76,4
19/08/2022,27.4,87,2
20/08/2022,27.2,86,2
21/08/2022,26.5,86,3
22/08/2022,28.6,76,3
23/08/2022,25.9,91,2
24/08/2022,27.4,86,3
25/08/2022,27.2,88,3
26/08/2022,25.4,93,1
27/08/2022,25.6,91,2
28/08/2022,26.9,87,1
29/08/2022,26.8,88,1
30/08/2022,25.8,90,2
31/08/2022,27.9,81,2
01/09/2022,27.3,84,1
02/09/2022,25.7,91,2
03/09/2022,27.7,82,3
04/09/2022,27.1,89,2
05/09/2022,26.6,89,2
06/09/2022,27.6,83,2
07/09/2022,25.3,90,2
08/09/2022,27.9,82,1
09/09/2022,25.6,92,1
10/09/2022,28.2,81,3
11/09/2022,27,83,1
12/09/2022,28.2,77,1
13/09/2022,25.8,89,2
14/09/2022,25.6,87,3
15/09/2022,27.2,84,1
16/09/2022,27.9,82,2
17/09/2022,27.2,88,2
18/09/2022,27.1,95,2
19/09/2022,27.1,85,2
20/09/2022,26.7,88,1
21/09/2022,28.4,80,2
22/09/2022,25.7,86,2
23/09/2022,28,81,2
24/09/2022,27.2,84,2
25/09/2022,26.7,86,2
26/09/2022,27.4,84,2
27/09/2022,27.5,84,2
28/09/2022,28.1,81,2
29/09/2022,27.6,82,1
30/09/2022,28,84,1
01/10/2022,27.5,84,2
02/10/2022,27.2,84,2
03/10/2022,26.5,88,1
04/10/2022,26.3,90,2
05/10/2022,26.9,87,2
06/10/2022,26,91,2
07/10/2022,24.8,95,2
08/10/2022,27,86,2
09/10/2022,27.6,80,3
10/10/2022,26.3,86,2
11/10/2022,27.3,82,2
12/10/2022,26.2,83,2
13/10/2022,28.2,75,2
14/10/2022,27.5,83,2
15/10/2022,28.3,78,3
16/10/2022,26.9,84,2
17/10/2022,27.4,84,1
18/10/2022,28.5,79,2
19/10/2022,27.6,87,2
20/10/2022,28.6,81,2
21/10/2022,25.4,93,1
22/10/2022,27,84,2
23/10/2022,27,85,2
24/10/2022,27.3,85,2
25/10/2022,27.1,83,2
26/10/2022,26.3,87,2
27/10/2022,28.2,76,3
28/10/2022,28.3,77,2
29/10/2022,28.1,79,2
30/10/2022,27.2,85,3
31/10/2022,28.1,81,2
01/11/2022,26.6,89,2
02/11/2022,27.3,85,1
03/11/2022,27.2,86,2
04/11/2022,27.3,84,2
05/11/2022,24.9,94,1
06/11/2022,25.8,91,2
07/11/2022,26.7,85,2
08/11/2022,26.5,89,2
09/11/2022,26,90,2
10/11/2022,26.7,87,2
11/11/2022,26.8,89,2
12/11/2022,26,93,1
13/11/2022,26.2,90,2
14/11/2022,27.1,84,2
15/11/2022,28.1,79,2
16/11/2022,27.2,86,3
17/11/2022,27.8,82,2
18/11/2022,28.5,80,3
19/11/2022,28.1,89,2
20/11/2022,27.8,82,3
21/11/2022,28.7,77,2
22/11/2022,29.1,76,3
23/11/2022,26.1,91,2
24/11/2022,28,78,3
25/11/2022,27.8,83,2
26/11/2022,27.6,87,2
27/11/2022,25.1,92,1
28/11/2022,27.9,83,3
29/11/2022,26.9,88,1
30/11/2022,27.5,80,2
01/12/2022,27,85,2
02/12/2022,26.3,87,2
03/12/2022,27.4,82,2
04/12/2022,26.3,91,1
05/12/2022,26.4,90,2
06/12/2022,27.8,82,2
07/12/2022,27.3,87,2
08/12/2022,26.2,90,2
09/12/2022,26.4,88,2
10/12/2022,27.1,84,2
11/12/2022,25.2,94,2
12/12/2022,26.6,89,2
13/12/2022,26.1,92,3
14/12/2022,25.7,93,3
15/12/2022,25.6,91,3
16/12/2022,27.6,84,3
17/12/2022,27.7,84,3
18/12/2022,27.6,85,2
19/12/2022,25.8,90,3
20/12/2022,27.2,85,3
21/12/2022,27.4,83,3
22/12/2022,26,88,4
23/12/2022,26.8,84,3
24/12/2022,27.4,72,5
25/12/2022,27.6,76,4
26/12/2022,27.4,76,5
27/12/2022,27.1,80,3
28/12/2022,26.9,80,3
29/12/2022,26,87,3
30/12/2022,26.9,79,3
31/12/2022,27.3,79,4
01/01/2023,27,81,3
02/01/2023,27.4,81,3
03/01/2023,27,84,3
04/01/2023,26.4,86,3
05/01/2023,26.5,88,2
06/01/2023,27.9,79,2
07/01/2023,27.5,79,2
08/01/2023,28.3,77,3
09/01/2023,27.7,84,2
10/01/2023,26.7,90,2
11/01/2023,25.1,91,1
12/01/2023,27.5,82,2
13/01/2023,27.3,84,2
14/01/2023,27.5,86,2
15/01/2023,27.7,82,2
16/01/2023,27.7,76,4
17/01/2023,27.9,75,4
18/01/2023,27.5,80,4
19/01/2023,25.9,90,3
20/01/2023,25.7,95,3
21/01/2023,27.3,83,4
22/01/2023,27.3,87,4
23/01/2023,25.6,98,2
24/01/2023,24,97,2
25/01/2023,23.8,98,3
26/01/2023,25.1,91,3
27/01/2023,26.5,84,4
28/01/2023,23.9,97,4
29/01/2023,24.8,92,5
30/01/2023,26,89,5
31/01/2023,25,93,3
01/02/2023,26.7,85,4
02/02/2023,26.6,88,2
03/02/2023,26.1,89,3
04/02/2023,24.9,96,2
05/02/2023,26,91,2
06/02/2023,26.9,79,2
07/02/2023,27,86,4
08/02/2023,27.3,86,4
09/02/2023,27.3,84,3
10/02/2023,26.7,88,3
11/02/2023,27,87,3
12/02/2023,25,95,2
13/02/2023,27.2,86,3
14/02/2023,26.7,89,3
15/02/2023,25.4,87,4
16/02/2023,26.6,81,4
17/02/2023,27.6,82,5
18/02/2023,27.8,82,5
19/02/2023,27.8,80,5
20/02/2023,27.3,80,4
21/02/2023,27.7,76,5
22/02/2023,27.8,78,5
23/02/2023,27.8,75,4
24/02/2023,27.7,75,4
25/02/2023,27.5,75,5
26/02/2023,27.5,79,5
27/02/2023,27,85,5
28/02/2023,25.8,97,3
01/03/2023,24.5,95,2
02/03/2023,24.6,94,3
03/03/2023,24.3,98,2
04/03/2023,24.6,96,3
05/03/2023,25.3,91,3
06/03/2023,25.5,88,4
07/03/2023,26,88,4
08/03/2023,27.1,87,5
09/03/2023,27.6,86,5
10/03/2023,27.4,85,6
11/03/2023,27.4,82,5
12/03/2023,27.5,81,5
13/03/2023,27.1,78,5
14/03/2023,27.1,81,5
15/03/2023,27.3,78,5
16/03/2023,27.7,81,5
17/03/2023,27.8,81,6
18/03/2023,28,83,5
19/03/2023,27.9,86,4
20/03/2023,28.4,82,5
21/03/2023,27.5,82,3
22/03/2023,28.1,84,3
23/03/2023,28.2,84,3
24/03/2023,28.5,82,3
25/03/2023,28.4,91,2
26/03/2023,28.4,82,2
27/03/2023,25,96,2
28/03/2023,28.6,80,3
29/03/2023,28.7,80,4
30/03/2023,27.6,80,3
31/03/2023,28.3,80,3
01/04/2023,27.5,84,2
02/04/2023,28,82,2
03/04/2023,25.6,94,2
04/04/2023,28.9,74,2
05/04/2023,26.9,87,2
06/04/2023,28.1,77,2
07/04/2023,26.6,86,2
08/04/2023,28.5,81,3
09/04/2023,28.7,79,4
10/04/2023,28.7,80,3
11/04/2023,28.8,76,3
12/04/2023,29.2,79,2
13/04/2023,28.5,85,2
14/04/2023,29.2,81,3
15/04/2023,28.4,84,2
16/04/2023,28.2,81,3
17/04/2023,28.7,82,2
18/04/2023,29.7,76,3
19/04/2023,28.5,81,2
20/04/2023,27.2,88,2
21/04/2023,27.6,86,2
22/04/2023,28.5,83,2
23/04/2023,27.4,89,2
24/04/2023,28.9,79,3
25/04/2023,28.1,84,2
26/04/2023,29.3,78,2
27/04/2023,28.7,82,2
28/04/2023,28.6,81,2
29/04/2023,29.1,78,2
30/04/2023,29,78,2
01/05/2023,30,74,3
02/05/2023,29.9,77,3
03/05/2023,29.4,80,2
04/05/2023,28.6,83,2
05/05/2023,28.2,85,2
06/05/2023,28.4,83,3
07/05/2023,28.2,84,3
08/05/2023,28.7,77,3
09/05/2023,29.7,75,3
10/05/2023,30.2,73,3
11/05/2023,29.6,79,3
12/05/2023,29.6,79,2
13/05/2023,30.2,76,2
14/05/2023,30,77,2
15/05/2023,27.7,84,2
16/05/2023,25.3,94,2
17/05/2023,27.4,90,1
18/05/2023,29.2,79,2
19/05/2023,28.5,79,2
20/05/2023,29.4,78,3
21/05/2023,29.2,95,1
22/05/2023,29.1,80,2
23/05/2023,28,80,2
24/05/2023,29.9,72,3
25/05/2023,30.1,75,3
26/05/2023,27.7,86,2
27/05/2023,28.2,84,2
28/05/2023,28.2,82,3
29/05/2023,29,78,3
30/05/2023,28.8,80,3
31/05/2023,30,78,3
01/06/2023,29.4,94,3
02/06/2023,28.7,83,2
03/06/2023,28,88,1
04/06/2023,27.2,88,2
05/06/2023,28.9,80,2
06/06/2023,27.5,86,2
07/06/2023,27.9,85,2
08/06/2023,29,83,3
09/06/2023,29.2,81,3
10/06/2023,28.7,82,2
11/06/2023,27.6,86,2
12/06/2023,26.1,93,3
13/06/2023,27.6,87,2
14/06/2023,27.4,88,2
15/06/2023,28.5,84,2
16/06/2023,29.5,81,3
17/06/2023,30.2,77,3
18/06/2023,27.7,86,2
19/06/2023,29.2,80,2
20/06/2023,28.9,83,2
21/06/2023,29.3,79,3
22/06/2023,29.9,76,3
23/06/2023,29.5,78,2
24/06/2023,28.4,82,2
25/06/2023,28.3,83,2
26/06/2023,27.6,85,2
27/06/2023,26.9,89,2
28/06/2023,27.2,88,2
29/06/2023,28.7,82,3
30/06/2023,27,89,2
01/07/2023,26.8,84,3
02/07/2023,28.9,80,2
03/07/2023,28.5,83,2
04/07/2023,29,82,2
05/07/2023,28.5,78,2
06/07/2023,26.5,87,1
07/07/2023,28,80,2
08/07/2023,28.7,80,3
09/07/2023,27.3,87,1
10/07/2023,27.7,84,2
11/07/2023,24.4,96,2
12/07/2023,28.3,81,2
13/07/2023,29.2,78,2
14/07/2023,28.7,96,1
15/07/2023,28.2,81,2
16/07/2023,29.3,79,3
17/07/2023,28.1,85,3
18/07/2023,27,90,2
19/07/2023,27.5,87,2
20/07/2023,26.4,93,2
21/07/2023,28.6,82,3
22/07/2023,29.5,77,4
23/07/2023,28.4,81,2
24/07/2023,28.7,79,3
25/07/2023,29.4,77,3
26/07/2023,30,77,4
27/07/2023,29.9,78,4
28/07/2023,29.6,79,4
29/07/2023,29.1,76,5
30/07/2023,29.5,70,6
31/07/2023,29,74,4
01/08/2023,28.6,79,3
02/08/2023,29,81,4
03/08/2023,28.9,92,2
04/08/2023,28.9,80,3
05/08/2023,28.7,83,4
06/08/2023,28.9,80,3
07/08/2023,29.4,79,3
08/08/2023,29.1,80,4
09/08/2023,29.6,75,4
10/08/2023,29.2,76,3
11/08/2023,29.2,77,4
12/08/2023,28.5,81,4
13/08/2023,28.9,78,4
14/08/2023,27.9,88,3
15/08/2023,27,88,2
16/08/2023,28.4,84,3
17/08/2023,28.8,82,2
18/08/2023,26.8,90,2
19/08/2023,27.1,86,2
20/08/2023,28.6,82,3
21/08/2023,26.5,90,2
22/08/2023,28.8,77,4
23/08/2023,29.1,80,4
24/08/2023,28.1,84,2
25/08/2023,27.1,89,2
26/08/2023,26.8,87,2
27/08/2023,28.1,83,2
28/08/2023,28.3,83,3
29/08/2023,27.8,83,3
30/08/2023,27.7,86,2
31/08/2023,28.8,79,4
01/09/2023,28.7,77,3
02/09/2023,29.3,76,3
03/09/2023,29.3,76,5
04/09/2023,29,74,4
05/09/2023,29,76,4
06/09/2023,28.8,88,2
07/09/2023,28.6,80,2
08/09/2023,29.3,77,3
09/09/2023,27.7,88,1
10/09/2023,26.1,90,1
11/09/2023,28.4,82,3
12/09/2023,29,78,3
13/09/2023,29.2,79,3
14/09/2023,29,76,3
15/09/2023,29.3,76,4
16/09/2023,29.4,81,4
17/09/2023,28.2,84,2
18/09/2023,28.2,83,3
19/09/2023,28.4,83,2
20/09/2023,27.1,85,2
21/09/2023,27.1,86,2
22/09/2023,27.2,85,2
23/09/2023,27.7,86,2
24/09/2023,27.8,94,2
25/09/2023,27.8,84,2
26/09/2023,27.8,84,3
27/09/2023,28.9,79,4
28/09/2023,29.1,78,3
29/09/2023,28.8,82,2
30/09/2023,28.3,90,1
01/10/2023,27.8,86,2
02/10/2023,29.2,81,3
03/10/2023,26.1,88,2
04/10/2023,28.5,84,2
05/10/2023,29.1,81,2
06/10/2023,29.4,83,3
07/10/2023,29,83,2
08/10/2023,29,79,3
09/10/2023,29.1,81,2
10/10/2023,28.9,81,1
11/10/2023,29.1,81,2
12/10/2023,29.3,80,2
13/10/2023,29.5,78,2
14/10/2023,29.2,78,2
15/10/2023,29.8,75,3
16/10/2023,29.4,78,2
17/10/2023,30,76,2
18/10/2023,29.6,89,2
19/10/2023,29.2,79,3
20/10/2023,27.8,82,2
21/10/2023,27.2,90,2
22/10/2023,27.3,87,2
23/10/2023,27.6,85,2
24/10/2023,28.1,82,2
25/10/2023,26.1,93,1
26/10/2023,27.5,85,2
27/10/2023,28.3,83,2
28/10/2023,25.9,92,2
29/10/2023,28.2,82,1
30/10/2023,28.2,79,1
31/10/2023,28.4,82,2
01/11/2023,27.8,85,1
02/11/2023,28.9,79,2
03/11/2023,28.7,80,1
04/11/2023,26.9,89,1
05/11/2023,28.3,81,1
06/11/2023,27.8,85,2
07/11/2023,28.3,81,2
08/11/2023,27.4,88,1
09/11/2023,27.8,86,2
10/11/2023,28.1,84,2
11/11/2023,29.4,78,2
12/11/2023,28,85,2
13/11/2023,27.9,86,2
14/11/2023,26.8,91,2
15/11/2023,27.7,85,2
16/11/2023,28.1,85,2
17/11/2023,28.7,82,2
18/11/2023,29.3,79,4
19/11/2023,27.2,88,3
20/11/2023,28.4,83,3
21/11/2023,26.4,92,2
22/11/2023,26.7,89,2
23/11/2023,26.5,90,2
24/11/2023,27.9,83,3
25/11/2023,26.8,88,1
26/11/2023,26.7,89,2
27/11/2023,25.9,92,1
28/11/2023,27.4,88,2
29/11/2023,27.6,88,2
30/11/2023,26.9,88,2
01/12/2023,27.1,85,2
02/12/2023,28.1,82,2
03/12/2023,27,94,1
04/12/2023,25.9,92,1
05/12/2023,28,82,2
06/12/2023,26.8,86,2
07/12/2023,27.9,83,3
08/12/2023,28.4,82,3
09/12/2023,27.7,85,2
10/12/2023,27.9,83,2
11/12/2023,28.1,82,3
12/12/2023,26.8,88,2
13/12/2023,28.1,83,3
14/12/2023,27,87,2
15/12/2023,28.7,83,3
16/12/2023,28,84,3
17/12/2023,28.2,83,4
18/12/2023,28.2,81,3
19/12/2023,27.7,83,2
20/12/2023,27.5,86,3
21/12/2023,27.4,85,4
22/12/2023,27.7,81,5
23/12/2023,28,96,2
24/12/2023,28.4,82,4
25/12/2023,27.5,85,3
26/12/2023,27.5,85,4
27/12/2023,25.9,94,3
28/12/2023,26.6,93,2
29/12/2023,28.2,84,4
30/12/2023,28.3,86,3
31/12/2023,26.8,96,2
01/01/2024,25.3,95,2
02/01/2024,27.3,86,3
03/01/2024,27.1,87,3
04/01/2024,24.7,96,3
05/01/2024,27.4,87,5
06/01/2024,27.5,85,3
07/01/2024,24.1,97,2
08/01/2024,26.9,88,3
09/01/2024,27.1,88,3
10/01/2024,26.1,93,3
11/01/2024,27.5,86,4
12/01/2024,24.9,94,2
13/01/2024,26.7,87,2
14/01/2024,27.4,84,3
15/01/2024,27.6,86,4
16/01/2024,26.4,90,3
17/01/2024,27.7,83,4
18/01/2024,27.1,86,4
19/01/2024,25.9,92,3
20/01/2024,24.6,93,2
21/01/2024,27.3,83,3
22/01/2024,27.8,83,3
23/01/2024,27.5,85,3
24/01/2024,27.5,87,4
25/01/2024,27.2,87,4
26/01/2024,28.4,80,6
27/01/2024,28.4,79,5
28/01/2024,28.2,79,6
29/01/2024,28.2,78,5
30/01/2024,28.1,77,5
31/01/2024,27.8,81,4
01/02/2024,28.2,79,4
02/02/2024,28.5,80,5
03/02/2024,28.3,79,4
04/02/2024,28.2,77,4
05/02/2024,28.3,78,4
06/02/2024,28.1,80,4
07/02/2024,28.2,80,3
08/02/2024,28.6,80,4
09/02/2024,28.2,80,5
10/02/2024,28.1,78,4
11/02/2024,28.1,78,5
12/02/2024,26.6,86,5
13/02/2024,27.3,86,6
14/02/2024,27.8,85,5
15/02/2024,27.2,86,4
16/02/2024,28.2,80,4
17/02/2024,28.1,79,5
18/02/2024,28.4,78,5
19/02/2024,28.6,80,5
20/02/2024,28.7,80,4
21/02/2024,28.8,78,4
22/02/2024,28.5,78,4
23/02/2024,28.8,76,5
24/02/2024,28.5,76,5
25/02/2024,29,76,5
26/02/2024,29,76,6
27/02/2024,27.4,84,4
28/02/2024,28.7,75,5
29/02/2024,29,77,5
01/03/2024,29,81,4
02/03/2024,28.3,83,4
03/03/2024,27.3,89,3
04/03/2024,27.3,87,4
05/03/2024,26.6,90,2
06/03/2024,28.3,86,2
07/03/2024,29,82,3
08/03/2024,28.9,89,2
09/03/2024,28.7,81,4
10/03/2024,28.1,80,4
11/03/2024,28.9,75,3
12/03/2024,28.8,75,4
13/03/2024,29,73,4
14/03/2024,28.6,78,4
15/03/2024,28.6,75,4
16/03/2024,29,76,5
17/03/2024,29.1,75,5
18/03/2024,29.4,76,4
19/03/2024,29.6,75,6
20/03/2024,29.4,76,6
21/03/2024,29.2,76,5
22/03/2024,29.3,71,5
23/03/2024,29.3,75,4
24/03/2024,29.7,75,5
25/03/2024,29.9,74,4
26/03/2024,29.8,75,5
27/03/2024,29.7,76,4
28/03/2024,29.3,77,4
29/03/2024,29.5,79,3
30/03/2024,28.7,83,2
31/03/2024,29,79,2
01/04/2024,29.3,79,3
02/04/2024,30,76,2
03/04/2024,30,76,2
04/04/2024,29.4,79,2
05/04/2024,30.8,72,4
06/04/2024,30.2,74,4
07/04/2024,30.6,73,4
08/04/2024,28.7,82,2
09/04/2024,30.2,75,4
10/04/2024,28,86,3
11/04/2024,29.1,81,4
12/04/2024,26.1,91,2
13/04/2024,29.2,80,3
14/04/2024,28.5,84,2
15/04/2024,28.4,86,2
16/04/2024,27.1,91,2
17/04/2024,27.1,90,2
18/04/2024,28.6,81,1
19/04/2024,28.6,83,2
20/04/2024,27.4,90,2
21/04/2024,29.2,83,2
22/04/2024,29.4,82,2
23/04/2024,29.4,81,1
24/04/2024,29.5,79,2
25/04/2024,29,80,2
26/04/2024,30,77,2
27/04/2024,30.1,75,2
28/04/2024,28.7,84,2
29/04/2024,30,79,2
30/04/2024,29.7,82,2
01/05/2024,29.4,80,2
02/05/2024,28.3,88,2
03/05/2024,28.4,88,2
04/05/2024,28.8,91,2
05/05/2024,29.3,81,2
06/05/2024,29.3,82,2
07/05/2024,27,91,2
08/05/2024,27.1,89,1
09/05/2024,29.3,79,2
10/05/2024,29.2,81,2
11/05/2024,29.3,80,2
12/05/2024,28.1,88,2
13/05/2024,28.7,83,1
14/05/2024,29,82,2
15/05/2024,28.3,88,2
16/05/2024,26.8,93,2
17/05/2024,28.9,83,2
18/05/2024,28.3,85,2
19/05/2024,28.3,87,3
20/05/2024,26.7,92,2
21/05/2024,27.2,94,1
22/05/2024,26.6,94,1
23/05/2024,28.4,88,2
24/05/2024,27.6,88,1
25/05/2024,27.8,88,2
26/05/2024,29.2,85,2
27/05/2024,29.7,82,2
28/05/2024,29,87,2
29/05/2024,29.3,83,2
30/05/2024,28.3,85,2
31/05/2024,28.2,86,2
01/06/2024,26,93,2
02/06/2024,26.2,92,1
03/06/2024,28.9,82,2
04/06/2024,29.2,80,2
05/06/2024,29.6,80,2
06/06/2024,28.5,82,2
07/06/2024,28,87,1
08/06/2024,28.3,83,2
09/06/2024,29,81,3
10/06/2024,28.6,84,2
11/06/2024,29.3,80,2
12/06/2024,28.2,84,2
13/06/2024,29.5,78,2
14/06/2024,26.7,90,3
15/06/2024,27.6,87,2
16/06/2024,27.8,86,2
17/06/2024,26.9,89,2
18/06/2024,27.7,88,2
19/06/2024,27.7,87,2
20/06/2024,28.3,82,3
21/06/2024,26.4,88,3
22/06/2024,25.4,92,3
23/06/2024,28.3,81,3
24/06/2024,29.2,81,3
25/06/2024,29.3,80,3
26/06/2024,29.2,79,2
27/06/2024,27.9,85,2
28/06/2024,28.6,83,2
29/06/2024,28.2,82,2
30/06/2024,25.9,91,2
01/07/2024,27.2,89,1
02/07/2024,28.2,86,2
03/07/2024,28.6,80,4
04/07/2024,29,77,3
05/07/2024,28.9,75,2
06/07/2024,28,84,2
07/07/2024,26.8,90,2
08/07/2024,26.4,90.5,2
09/07/2024,26.1,91,3
10/07/2024,27.2,87,2
11/07/2024,28.3,84,4
12/07/2024,26.7,90,2
13/07/2024,28,86,3
14/07/2024,29,75,3
15/07/2024,28.3,82,3
16/07/2024,28.9,77,3
17/07/2024,28.8,83,3
18/07/2024,29.2,80,4
19/07/2024,29.3,77,5
20/07/2024,29.4,79,4
21/07/2024,29.7,75,4
22/07/2024,29.9,79,4
23/07/2024,29.4,83,4
24/07/2024,29.5,79,4
25/07/2024,29.2,79,4
26/07/2024,29.4,77,4
27/07/2024,30,75,5
28/07/2024,30,76,5
29/07/2024,30,74,4
30/07/2024,29.7,78,4
31/07/2024,29.9,76,3
01/08/2024,28.6,81,2
02/08/2024,28.5,82,2
03/08/2024,29,82,3
04/08/2024,27.3,88,2
05/08/2024,28.4,82,3
06/08/2024,28.6,77,3
07/08/2024,28.2,82,3
08/08/2024,29,82,3
09/08/2024,27.3,92,2
10/08/2024,25.7,96,2
11/08/2024,28.1,84,3
12/08/2024,27.1,91,3
13/08/2024,29.2,78,4
14/08/2024,28.4,81,2
15/08/2024,27.5,90,3
16/08/2024,27.2,90,3
17/08/2024,28.5,83,3
18/08/2024,28.6,83,2
19/08/2024,28,85,2
20/08/2024,26.8,90,2
21/08/2024,27.4,86,2
22/08/2024,28,82,2
23/08/2024,28.6,80,2
24/08/2024,25.6,91,2
25/08/2024,25.8,92,2
26/08/2024,27.8,84,2
27/08/2024,28.3,84,3
28/08/2024,27.8,81,2
29/08/2024,27.9,77,2
30/08/2024,29,77,3
31/08/2024,28.7,82,3
01/09/2024,29.6,82,3
02/09/2024,29.9,80,4
03/09/2024,29.6,81,3
04/09/2024,26.9,89,2
05/09/2024,27.9,83,2
06/09/2024,29,81,4
07/09/2024,30,77,4
08/09/2024,27.7,86,2
09/09/2024,26,95,2
10/09/2024,27.3,87,3
11/09/2024,26,92,2
12/09/2024,28,82,4
13/09/2024,28.2,83,3
14/09/2024,26.3,86,2
15/09/2024,27.2,86,2
16/09/2024,27.6,86,3
17/09/2024,28.9,80,4
18/09/2024,28.4,76,3
19/09/2024,28.8,82,3
20/09/2024,29.3,81,3
21/09/2024,27,89,1
22/09/2024,28.2,86,2
23/09/2024,28.5,82,2
24/09/2024,27.7,88,1
25/09/2024,26.9,91,2
26/09/2024,26.6,86,2
27/09/2024,28.4,83,2
28/09/2024,28.2,88,2
29/09/2024,27.6,87,2
30/09/2024,27.9,84,2
01/10/2024,26.5,93,1
02/10/2024,27.8,86,2
03/10/2024,27.3,81,2
04/10/2024,26.5,89,2
05/10/2024,26.6,90,1
06/10/2024,26.7,86,2
07/10/2024,27.5,85,2
08/10/2024,27.6,88,2
09/10/2024,26.6,92,2
10/10/2024,27.2,91,1
11/10/2024,28.2,87,2
12/10/2024,26.9,93,1
13/10/2024,28.4,83,2
14/10/2024,25.8,94,1
15/10/2024,28.2,81,2
16/10/2024,27.8,84,2
17/10/2024,28.5,84,2
18/10/2024,28,85,1
19/10/2024,27.3,89,2
20/10/2024,27.3,85,2
21/10/2024,29.9,79,2
22/10/2024,29.8,79,2
23/10/2024,29.3,83,2
24/10/2024,28.6,87,1
25/10/2024,28.7,81,2
26/10/2024,29.3,81,2
27/10/2024,30.2,78,2
28/10/2024,29.6,82,2
29/10/2024,30.4,79,2
30/10/2024,30.1,77,1
31/10/2024,29,80,3
01/11/2024,29.4,78,2
02/11/2024,27,91,2
03/11/2024,28.1,87,1
04/11/2024,27.8,85,2
05/11/2024,27.2,86,1
06/11/2024,27.6,82,1
07/11/2024,27.4,88,2
08/11/2024,28,84,2
09/11/2024,26.6,91,1
10/11/2024,28,83,2
11/11/2024,27.8,87,2
12/11/2024,28.1,85,1
13/11/2024,27.9,85,1
14/11/2024,27.7,87,2
15/11/2024,28,86,2
16/11/2024,27.4,88,1
17/11/2024,28.2,84,2
18/11/2024,27.4,88,2
19/11/2024,26.2,94,1
20/11/2024,27.1,88,2
21/11/2024,27.3,89,1
22/11/2024,27.5,87,2
23/11/2024,27.5,86,2
24/11/2024,27.6,88,2
25/11/2024,27.3,92,2
26/11/2024,27.6,87,2
27/11/2024,26.2,94,2
28/11/2024,26.4,91,1
29/11/2024,25.6,93,2
30/11/2024,27.6,84,2
01/12/2024,28.8,79,3
02/12/2024,27.9,83,2
03/12/2024,27,88,1
04/12/2024,28,83,2
05/12/2024,29.1,74,3
06/12/2024,29.6,79,2
07/12/2024,29.7,74,2
08/12/2024,28.7,79,3
09/12/2024,27.8,77,3
10/12/2024,27.8,74,3
11/12/2024,29.5,73,3
12/12/2024,27.5,90,2
13/12/2024,27.1,86,1
14/12/2024,28.8,76,2
15/12/2024,29.1,84,3
16/12/2024,28.5,85,3
17/12/2024,28.1,85,3
18/12/2024,26.9,87,4
19/12/2024,26.9,87,4
20/12/2024,27.4,81,4
21/12/2024,27.7,82,4
22/12/2024,28.1,76,5
23/12/2024,28.2,77,4
24/12/2024,27.3,87,4
25/12/2024,27.8,76,3
26/12/2024,27.9,78,2
27/12/2024,28.3,79,4
28/12/2024,28.7,80,5
29/12/2024,28.2,83,5
30/12/2024,26.9,87,3
31/12/2024,27.5,85,3
01/01/2025,27.4,84,3
02/01/2025,28.4,80,4
03/01/2025,28.5,78,4
04/01/2025,28.1,82,4
05/01/2025,28.1,82,5
06/01/2025,28.4,79,5
07/01/2025,28.5,76,4
08/01/2025,28.6,79,5
09/01/2025,28.5,75,4
10/01/2025,25.3,91,4
11/01/2025,24.4,95,5
12/01/2025,25.5,95,5
13/01/2025,24.2,96,2
14/01/2025,26.6,88,4
15/01/2025,25.8,88,1
16/01/2025,27.2,86,5
17/01/2025,27.4,84,6
18/01/2025,27.1,85,5
19/01/2025,26.2,90,4
20/01/2025,27.1,82,4
21/01/2025,26.1,85,4
22/01/2025,26.4,86,3
23/01/2025,26.2,90,3
24/01/2025,25.9,93,2
25/01/2025,27,86,3
26/01/2025,27.4,84,3
27/01/2025,25.2,93,4
28/01/2025,27.2,78,7
29/01/2025,26.9,76,5
30/01/2025,26.9,72,5
31/01/2025,27,73,4
01/02/2025,27.4,76,5
02/02/2025,27.4,82,4
03/02/2025,27.8,78,4
04/02/2025,27.2,83,5
05/02/2025,24.9,90,3
06/02/2025,27.1,75,5
07/02/2025,27.4,79,5
08/02/2025,27.4,78,5
09/02/2025,27.2,80,5
10/02/2025,27.4,75,6
11/02/2025,27.5,77,6
12/02/2025,27.2,80,5
13/02/2025,27.9,80,5
14/02/2025,28,79,4
15/02/2025,27.7,81,4
16/02/2025,27.6,80,3
17/02/2025,28,81,4
18/02/2025,27.2,83,4
19/02/2025,27.5,82,4
20/02/2025,28.2,79,4
21/02/2025,27.9,80,5
22/02/2025,28.2,80,4
23/02/2025,26.8,85,2
24/02/2025,27.9,82,4
25/02/2025,27.9,81,5
26/02/2025,28.4,80,6
27/02/2025,28,80,5
28/02/2025,28.4,80,4
01/03/2025,28.5,81,5
02/03/2025,28.3,78,5
03/03/2025,28.4,76,4
04/03/2025,28.4,80,4
05/03/2025,27.4,85,2
06/03/2025,25.7,90,2
07/03/2025,27.5,83,3
08/03/2025,28.6,83,5
09/03/2025,26.3,93,3
10/03/2025,28.6,81,5
11/03/2025,28.5,81,4
12/03/2025,28,82,3
13/03/2025,26.4,89,3
14/03/2025,28.8,78,4
15/03/2025,28.5,83,3
16/03/2025,28.2,84,4
17/03/2025,28.5,77,4
18/03/2025,29,73,4
19/03/2025,25.6,92,3
20/03/2025,23.7,97,3
21/03/2025,26.7,86,4
22/03/2025,28,84,5
23/03/2025,26,84,4
24/03/2025,27.9,84,4
25/03/2025,28.2,79,4
26/03/2025,28.4,79,4
27/03/2025,28.5,81,3
28/03/2025,27.7,83,2
29/03/2025,28.2,84,3
30/03/2025,29,80,3
31/03/2025,28,86,2
01/04/2025,28.8,80,3
02/04/2025,27.6,74,3
03/04/2025,28.2,77,3
04/04/2025,27.9,87,3
05/04/2025,28.4,79,2
06/04/2025,28.4,84,3
07/04/2025,26.9,87,2
08/04/2025,27,86,2
09/04/2025,28.4,84,3
10/04/2025,28.3,85,2
11/04/2025,27.6,82,3
12/04/2025,29,81,2
13/04/2025,26.3,92,2
14/04/2025,27.9,83,3
15/04/2025,28.2,84,2
16/04/2025,28,85,3
17/04/2025,27.4,79,1
18/04/2025,28.9,80,2
19/04/2025,28.7,86,2
20/04/2025,27.8,83,1
21/04/2025,27.6,88,2
22/04/2025,28.2,86,2
23/04/2025,26.2,91,1
24/04/2025,27.9,87,1
25/04/2025,28.9,82,3
26/04/2025,29,80,2
27/04/2025,28.8,83,2
28/04/2025,29,82,3
29/04/2025,26.4,90,2
30/04/2025,29.7,74,3
01/05/2025,27.7,90,1
02/05/2025,27.8,89,2
03/05/2025,28.3,84,3
04/05/2025,28,83,2
05/05/2025,26.2,94,1
06/05/2025,28.7,88,2
07/05/2025,29,86,2
08/05/2025,29.7,81,1
09/05/2025,28.6,85,1
10/05/2025,27.5,90,2
11/05/2025,27.6,83,2
12/05/2025,28.7,86,1
13/05/2025,28.7,84,2
14/05/2025,27,86,1
15/05/2025,26.9,91,2
16/05/2025,27.9,81,2
17/05/2025,28.9,82,2
18/05/2025,27.6,88,1
19/05/2025,28.1,86,2
20/05/2025,29.1,85,2
21/05/2025,29.9,82,2
22/05/2025,28.9,78,1
23/05/2025,29.6,75,2
24/05/2025,29.1,85,2
25/05/2025,28.6,82,3
26/05/2025,29.7,77,2
27/05/2025,29.9,79,2
28/05/2025,30.1,79,3
29/05/2025,25.7,92,2
30/05/2025,27.9,85,2
31/05/2025,29.2,83,2
01/06/2025,29.6,79,3
02/06/2025,29.3,75,2
03/06/2025,27.8,87,2
04/06/2025,29.3,81,2
05/06/2025,29.3,82,3
06/06/2025,26.5,86,2
07/06/2025,29.5,79,3
08/06/2025,28.1,82,1
09/06/2025,28.1,87,2
10/06/2025,27,83,2
11/06/2025,28.9,81,1
12/06/2025,29.2,83,2
13/06/2025,29.7,80,3
14/06/2025,29.7,77,3
15/06/2025,30,80,2
16/06/2025,28.6,84,2
17/06/2025,27.2,89,2
18/06/2025,27.9,83,2
19/06/2025,28.5,78,2
20/06/2025,26.6,90,1
21/06/2025,28.6,84,3
22/06/2025,29.4,79,2
23/06/2025,27.5,87,2
24/06/2025,29.2,80,3
25/06/2025,29.9,76,3
26/06/2025,29.7,81,3
27/06/2025,28.8,85,3
28/06/2025,27.6,86,3
29/06/2025,28,79,2
30/06/2025,28.5,82,2
01/07/2025,29.2,78,3
02/07/2025,26.7,88,1
03/07/2025,27.9,84,2
04/07/2025,26.6,88,2
05/07/2025,28,83,3
06/07/2025,29.1,76,3
07/07/2025,29.2,74,3
08/07/2025,29.4,79,2
09/07/2025,28.8,81,3
10/07/2025,29,79,3
11/07/2025,27.6,87,3
12/07/2025,25.3,91,2
13/07/2025,27.9,84,2
14/07/2025,27.3,88,3
15/07/2025,27.7,80,3
16/07/2025,29.3,82,3
17/07/2025,29.4,80,2
18/07/2025,29.3,78,3
19/07/2025,29.8,77,3
20/07/2025,29.3,78,3
21/07/2025,28.7,82,3
22/07/2025,28.9,82,3
23/07/2025,29.1,79,3
24/07/2025,29.1,79,3
25/07/2025,29.4,79,3
26/07/2025,27.9,86,2
27/07/2025,28.6,83,3
28/07/2025,29.3,81,3
29/07/2025,29.7,78,4
30/07/2025,29,83,3
31/07/2025,29.2,83,3
01/08/2025,28.9,82,3
02/08/2025,29.5,75,3
03/08/2025,27.3,87,2
04/08/2025,26.5,89,3
05/08/2025,26.7,84,2
06/08/2025,28.8,81,3
07/08/2025,29,80,2
08/08/2025,29.4,79,2
09/08/2025,29.4,79,2
10/08/2025,27.2,85,2
11/08/2025,25.5,90,2
12/08/2025,27.5,78,4
13/08/2025,27.4,76,3
14/08/2025,28,82,2
15/08/2025,25.4,85,2
16/08/2025,27.8,83,2
17/08/2025,28.7,80,3
18/08/2025,27.5,85,2
19/08/2025,25.9,89,2
20/08/2025,26.8,82,2
21/08/2025,28.1,77,1
22/08/2025,28.5,80,3
23/08/2025,28,72,2
24/08/2025,26.8,85,3
25/08/2025,28.9,77,3
26/08/2025,28.4,85,3
27/08/2025,28.8,81,3
28/08/2025,27.7,83,2
29/08/2025,28.4,80,3
30/08/2025,26.7,83,2
31/08/2025,28.8,82,3
