TANGGAL,FF_AVG
01/03/1994,11
02/03/1994,10
03/03/1994,9
04/03/1994,5
05/03/1994,3
06/03/1994,6
07/03/1994,3
08/03/1994,3
09/03/1994,1
10/03/1994,2
11/03/1994,4
12/03/1994,4
13/03/1994,2
14/03/1994,4
15/03/1994,1
16/03/1994,4
17/03/1994,2
18/03/1994,1
19/03/1994,6
20/03/1994,3
21/03/1994,2
22/03/1994,4
23/03/1994,3
24/03/1994,3
25/03/1994,4
26/03/1994,5
27/03/1994,5
28/03/1994,5
29/03/1994,5
30/03/1994,6
31/03/1994,5
01/04/1994,7
02/04/1994,6
03/04/1994,6
04/04/1994,6
05/04/1994,5
06/04/1994,2
07/04/1994,3
08/04/1994,4
09/04/1994,5
10/04/1994,3
11/04/1994,2
12/04/1994,2
13/04/1994,3
14/04/1994,5
15/04/1994,3
16/04/1994,3
17/04/1994,2
18/04/1994,3
19/04/1994,2
20/04/1994,2
21/04/1994,1
22/04/1994,1
23/04/1994,2
24/04/1994,2
25/04/1994,2
26/04/1994,2
27/04/1994,3
28/04/1994,2
29/04/1994,2
30/04/1994,2
01/05/1994,4
02/05/1994,3
03/05/1994,3
04/05/1994,3
05/05/1994,2
06/05/1994,4
07/05/1994,3
08/05/1994,5
09/05/1994,4
10/05/1994,2
11/05/1994,3
12/05/1994,4
13/05/1994,2
14/05/1994,4
15/05/1994,4
16/05/1994,2
17/05/1994,3
18/05/1994,5
19/05/1994,3
20/05/1994,3
21/05/1994,1
22/05/1994,2
23/05/1994,4
24/05/1994,5
25/05/1994,4
26/05/1994,2
27/05/1994,4
28/05/1994,4
29/05/1994,3
30/05/1994,4
31/05/1994,3
01/06/1994,3
02/06/1994,2
03/06/1994,3
04/06/1994,7
05/06/1994,7
06/06/1994,4
07/06/1994,5
08/06/1994,6
09/06/1994,6
10/06/1994,5
11/06/1994,6
12/06/1994,5
13/06/1994,5
14/06/1994,6
15/06/1994,4
16/06/1994,2
17/06/1994,6
18/06/1994,4
19/06/1994,4
20/06/1994,4
21/06/1994,3
22/06/1994,6
23/06/1994,3
24/06/1994,6
25/06/1994,2
26/06/1994,4
27/06/1994,4
28/06/1994,5
29/06/1994,5
30/06/1994,4
01/07/1994,3
02/07/1994,6
03/07/1994,3
04/07/1994,3
05/07/1994,6
06/07/1994,4
07/07/1994,6
08/07/1994,7
09/07/1994,5
10/07/1994,5
11/07/1994,6
12/07/1994,4
13/07/1994,6
14/07/1994,6
15/07/1994,8
16/07/1994,8
17/07/1994,9
18/07/1994,9
19/07/1994,8
20/07/1994,7
21/07/1994,6
22/07/1994,5
23/07/1994,6
24/07/1994,8
25/07/1994,7
26/07/1994,7
27/07/1994,9
28/07/1994,6
29/07/1994,6
30/07/1994,8
31/07/1994,5
01/08/1994,7
02/08/1994,6
03/08/1994,6
04/08/1994,4
05/08/1994,4
06/08/1994,8
07/08/1994,6
08/08/1994,5
09/08/1994,6
10/08/1994,7
11/08/1994,6
12/08/1994,5
13/08/1994,6
14/08/1994,4
15/08/1994,4
16/08/1994,7
17/08/1994,8
18/08/1994,7
19/08/1994,6
20/08/1994,7
21/08/1994,6
22/08/1994,7
23/08/1994,7
24/08/1994,6
25/08/1994,4
26/08/1994,6
27/08/1994,5
28/08/1994,3
29/08/1994,3
30/08/1994,6
31/08/1994,4
01/09/1994,7
02/09/1994,7
03/09/1994,5
04/09/1994,5
05/09/1994,6
06/09/1994,4
07/09/1994,8
08/09/1994,5
09/09/1994,7
10/09/1994,6
11/09/1994,6
12/09/1994,5
13/09/1994,5
14/09/1994,6
15/09/1994,7
16/09/1994,6
17/09/1994,6
18/09/1994,4
19/09/1994,4
20/09/1994,6
21/09/1994,6
22/09/1994,6
23/09/1994,3
24/09/1994,3
25/09/1994,4
26/09/1994,4
27/09/1994,4
28/09/1994,2
29/09/1994,4
30/09/1994,3
01/10/1994,4
02/10/1994,2
03/10/1994,5
04/10/1994,4
05/10/1994,5
06/10/1994,3
07/10/1994,4
08/10/1994,4
09/10/1994,7
10/10/1994,2
11/10/1994,5
12/10/1994,3
13/10/1994,3
14/10/1994,3
15/10/1994,5
16/10/1994,4
17/10/1994,3
18/10/1994,3
19/10/1994,5
20/10/1994,4
21/10/1994,3
22/10/1994,3
23/10/1994,2
24/10/1994,3
25/10/1994,2
26/10/1994,2
27/10/1994,5
28/10/1994,2
29/10/1994,3
30/10/1994,3
31/10/1994,5
01/11/1994,2
02/11/1994,3
03/11/1994,3
04/11/1994,5
05/11/1994,1
06/11/1994,3
07/11/1994,3
08/11/1994,4
09/11/1994,4
10/11/1994,3
11/11/1994,5
12/11/1994,3
13/11/1994,6
14/11/1994,7
15/11/1994,5
16/11/1994,3
17/11/1994,3
18/11/1994,3
19/11/1994,2
20/11/1994,5
21/11/1994,6
22/11/1994,3
23/11/1994,4
24/11/1994,4
25/11/1994,5
26/11/1994,5
27/11/1994,3
28/11/1994,4
29/11/1994,4
30/11/1994,5
01/12/1994,4
02/12/1994,5
03/12/1994,4
04/12/1994,4
05/12/1994,4
06/12/1994,6
07/12/1994,7
08/12/1994,5
09/12/1994,2
10/12/1994,3
11/12/1994,4
12/12/1994,4
13/12/1994,8
14/12/1994,6
15/12/1994,5
16/12/1994,5
17/12/1994,3
18/12/1994,4
19/12/1994,4
20/12/1994,7
21/12/1994,6
22/12/1994,8
23/12/1994,6
24/12/1994,6
25/12/1994,6
26/12/1994,5
27/12/1994,7
28/12/1994,8
29/12/1994,8
30/12/1994,7
31/12/1994,8
01/01/1995,7
02/01/1995,7
03/01/1995,7
04/01/1995,5
05/01/1995,8
06/01/1995,8
07/01/1995,4
08/01/1995,6
09/01/1995,7
10/01/1995,4
11/01/1995,3
12/01/1995,5
13/01/1995,6
14/01/1995,8
15/01/1995,7
16/01/1995,7
17/01/1995,7
18/01/1995,4
19/01/1995,3
20/01/1995,7
21/01/1995,5
22/01/1995,4
23/01/1995,3
24/01/1995,4
25/01/1995,4
26/01/1995,5
27/01/1995,6
28/01/1995,7
29/01/1995,8
30/01/1995,9
31/01/1995,8
01/02/1995,11
02/02/1995,10
03/02/1995,6
04/02/1995,4
05/02/1995,3
06/02/1995,4
07/02/1995,7
08/02/1995,6
09/02/1995,7
10/02/1995,9
11/02/1995,7
12/02/1995,5
13/02/1995,4
14/02/1995,6
15/02/1995,5
16/02/1995,7
17/02/1995,4
18/02/1995,5
19/02/1995,5
20/02/1995,4
21/02/1995,3
22/02/1995,6
23/02/1995,6
24/02/1995,7
25/02/1995,2
26/02/1995,5
27/02/1995,5
28/02/1995,6
01/03/1995,5
02/03/1995,2
03/03/1995,3
04/03/1995,4
05/03/1995,6
06/03/1995,6
07/03/1995,7
08/03/1995,7
09/03/1995,7
10/03/1995,5
11/03/1995,7
12/03/1995,4
13/03/1995,7
14/03/1995,8
15/03/1995,6
16/03/1995,7
17/03/1995,6
18/03/1995,4
19/03/1995,6
20/03/1995,6
21/03/1995,4
22/03/1995,5
23/03/1995,3
24/03/1995,4
25/03/1995,3
26/03/1995,3
27/03/1995,2
28/03/1995,3
29/03/1995,2
30/03/1995,3
31/03/1995,3
01/04/1995,3
02/04/1995,5
03/04/1995,7
04/04/1995,4
05/04/1995,7
06/04/1995,3
07/04/1995,3
08/04/1995,5
09/04/1995,7
10/04/1995,3
11/04/1995,3
12/04/1995,1
13/04/1995,3
14/04/1995,3
15/04/1995,2
16/04/1995,2
17/04/1995,3
18/04/1995,4
19/04/1995,4
20/04/1995,3
21/04/1995,4
22/04/1995,3
23/04/1995,2
24/04/1995,2
25/04/1995,3
26/04/1995,4
27/04/1995,1
28/04/1995,2
29/04/1995,3
30/04/1995,2
01/05/1995,1
02/05/1995,3
03/05/1995,2
04/05/1995,2
05/05/1995,5
06/05/1995,3
07/05/1995,2
08/05/1995,2
09/05/1995,2
10/05/1995,4
11/05/1995,0
12/05/1995,4
13/05/1995,5
14/05/1995,6
15/05/1995,4
16/05/1995,3
17/05/1995,3
18/05/1995,3
19/05/1995,4
20/05/1995,3
21/05/1995,3
22/05/1995,4
23/05/1995,5
24/05/1995,5
25/05/1995,4
26/05/1995,4
27/05/1995,5
28/05/1995,3
29/05/1995,3
30/05/1995,3
31/05/1995,3
01/06/1995,4
02/06/1995,5
03/06/1995,5
04/06/1995,3
05/06/1995,2
06/06/1995,4
07/06/1995,4
08/06/1995,5
09/06/1995,4
10/06/1995,3
11/06/1995,4
12/06/1995,3
13/06/1995,4
14/06/1995,2
15/06/1995,4
16/06/1995,2
17/06/1995,3
18/06/1995,2
19/06/1995,3
20/06/1995,2
21/06/1995,2
22/06/1995,3
23/06/1995,3
24/06/1995,2
25/06/1995,2
26/06/1995,2
27/06/1995,2
28/06/1995,2
29/06/1995,5
30/06/1995,4
01/07/1995,3
02/07/1995,2
03/07/1995,4
04/07/1995,2
05/07/1995,3
06/07/1995,3
07/07/1995,3
08/07/1995,5
09/07/1995,4
10/07/1995,3
11/07/1995,3
12/07/1995,4
13/07/1995,4
14/07/1995,5
15/07/1995,4
16/07/1995,2
17/07/1995,4
18/07/1995,3
19/07/1995,5
20/07/1995,5
21/07/1995,4
22/07/1995,3
23/07/1995,5
24/07/1995,4
25/07/1995,5
26/07/1995,3
27/07/1995,3
28/07/1995,4
29/07/1995,6
30/07/1995,7
31/07/1995,4
01/08/1995,5
02/08/1995,2
03/08/1995,3
04/08/1995,3
05/08/1995,4
06/08/1995,5
07/08/1995,4
08/08/1995,3
09/08/1995,2
10/08/1995,4
11/08/1995,3
12/08/1995,2
13/08/1995,5
14/08/1995,3
15/08/1995,4
16/08/1995,3
17/08/1995,5
18/08/1995,5
19/08/1995,5
20/08/1995,3
21/08/1995,4
22/08/1995,4
23/08/1995,7
24/08/1995,5
25/08/1995,3
26/08/1995,5
27/08/1995,6
28/08/1995,6
29/08/1995,5
30/08/1995,5
31/08/1995,4
01/09/1995,4
02/09/1995,3
03/09/1995,4
04/09/1995,5
05/09/1995,6
06/09/1995,3
07/09/1995,5
08/09/1995,0
09/09/1995,5
10/09/1995,6
11/09/1995,5
12/09/1995,5
13/09/1995,5
14/09/1995,4
15/09/1995,5
16/09/1995,7
17/09/1995,5
18/09/1995,5
19/09/1995,6
20/09/1995,3
21/09/1995,4
22/09/1995,4
23/09/1995,3
24/09/1995,2
25/09/1995,2
26/09/1995,4
27/09/1995,3
28/09/1995,3
29/09/1995,5
30/09/1995,4
01/10/1995,5
02/10/1995,2
03/10/1995,4
04/10/1995,3
05/10/1995,3
06/10/1995,5
07/10/1995,4
08/10/1995,4
09/10/1995,2
10/10/1995,2
11/10/1995,5
12/10/1995,4
13/10/1995,3
14/10/1995,3
15/10/1995,2
16/10/1995,4
17/10/1995,3
18/10/1995,4
19/10/1995,2
20/10/1995,5
21/10/1995,3
22/10/1995,3
23/10/1995,5
24/10/1995,5
25/10/1995,4
26/10/1995,4
27/10/1995,2
28/10/1995,4
29/10/1995,2
30/10/1995,3
31/10/1995,4
01/11/1995,5
02/11/1995,3
03/11/1995,3
04/11/1995,3
05/11/1995,3
06/11/1995,2
07/11/1995,2
08/11/1995,2
09/11/1995,1
10/11/1995,3
11/11/1995,2
12/11/1995,0
13/11/1995,1
14/11/1995,3
15/11/1995,4
16/11/1995,2
17/11/1995,2
18/11/1995,2
19/11/1995,2
20/11/1995,3
21/11/1995,2
22/11/1995,0
23/11/1995,3
24/11/1995,6
25/11/1995,4
26/11/1995,3
27/11/1995,2
28/11/1995,4
29/11/1995,4
30/11/1995,3
01/12/1995,5
02/12/1995,5
03/12/1995,6
04/12/1995,6
05/12/1995,5
06/12/1995,5
07/12/1995,6
08/12/1995,4
09/12/1995,4
10/12/1995,7
11/12/1995,6
12/12/1995,6
13/12/1995,4
14/12/1995,6
15/12/1995,3
16/12/1995,4
17/12/1995,6
18/12/1995,5
19/12/1995,3
20/12/1995,3
21/12/1995,4
22/12/1995,4
23/12/1995,6
24/12/1995,4
25/12/1995,5
26/12/1995,4
27/12/1995,5
28/12/1995,4
29/12/1995,6
30/12/1995,8
31/12/1995,9
01/01/1996,7
02/01/1996,6
03/01/1996,7
04/01/1996,7
05/01/1996,5
06/01/1996,7
07/01/1996,6
08/01/1996,7
09/01/1996,5
10/01/1996,5
11/01/1996,3
12/01/1996,7
13/01/1996,6
14/01/1996,5
15/01/1996,5
16/01/1996,6
17/01/1996,6
18/01/1996,5
19/01/1996,5
20/01/1996,4
21/01/1996,4
22/01/1996,4
23/01/1996,6
24/01/1996,5
25/01/1996,4
26/01/1996,5
27/01/1996,5
28/01/1996,4
29/01/1996,4
30/01/1996,4
31/01/1996,4
01/02/1996,3
02/02/1996,5
03/02/1996,6
04/02/1996,6
05/02/1996,7
06/02/1996,9
07/02/1996,8
08/02/1996,7
09/02/1996,8
10/02/1996,7
11/02/1996,5
12/02/1996,4
13/02/1996,7
14/02/1996,5
15/02/1996,5
16/02/1996,7
17/02/1996,8
18/02/1996,8
19/02/1996,8
20/02/1996,5
21/02/1996,6
22/02/1996,10
23/02/1996,10
24/02/1996,9
25/02/1996,7
26/02/1996,8
27/02/1996,9
28/02/1996,9
29/02/1996,8
01/03/1996,6
02/03/1996,8
03/03/1996,8
04/03/1996,8
05/03/1996,7
06/03/1996,7
07/03/1996,7
08/03/1996,8
09/03/1996,6
10/03/1996,8
11/03/1996,7
12/03/1996,8
13/03/1996,6
14/03/1996,6
15/03/1996,7
16/03/1996,7
17/03/1996,3
18/03/1996,4
19/03/1996,4
20/03/1996,3
21/03/1996,3
22/03/1996,4
23/03/1996,4
24/03/1996,6
25/03/1996,7
26/03/1996,7
27/03/1996,5
28/03/1996,5
29/03/1996,3
30/03/1996,4
31/03/1996,2
01/04/1996,4
02/04/1996,3
03/04/1996,5
04/04/1996,4
05/04/1996,3
06/04/1996,3
07/04/1996,4
08/04/1996,1
09/04/1996,2
10/04/1996,3
11/04/1996,4
12/04/1996,4
13/04/1996,6
14/04/1996,4
15/04/1996,4
16/04/1996,2
17/04/1996,3
18/04/1996,2
19/04/1996,3
20/04/1996,4
21/04/1996,1
22/04/1996,2
23/04/1996,0
24/04/1996,3
25/04/1996,3
26/04/1996,3
27/04/1996,1
28/04/1996,1
29/04/1996,3
30/04/1996,4
01/05/1996,3
02/05/1996,2
03/05/1996,3
04/05/1996,3
05/05/1996,4
06/05/1996,4
07/05/1996,2
08/05/1996,3
09/05/1996,2
10/05/1996,2
11/05/1996,2
12/05/1996,6
13/05/1996,3
14/05/1996,3
15/05/1996,3
16/05/1996,4
17/05/1996,4
18/05/1996,4
19/05/1996,5
20/05/1996,5
21/05/1996,3
22/05/1996,2
23/05/1996,3
24/05/1996,2
25/05/1996,3
26/05/1996,3
27/05/1996,3
28/05/1996,2
29/05/1996,2
30/05/1996,3
31/05/1996,3
01/06/1996,2
02/06/1996,2
03/06/1996,2
04/06/1996,2
05/06/1996,2
06/06/1996,3
07/06/1996,1
08/06/1996,3
09/06/1996,3
10/06/1996,3
11/06/1996,3
12/06/1996,3
13/06/1996,3
14/06/1996,3
15/06/1996,3
16/06/1996,4
17/06/1996,3
18/06/1996,4
19/06/1996,4
20/06/1996,5
21/06/1996,5
22/06/1996,5
23/06/1996,4
24/06/1996,4
25/06/1996,3
26/06/1996,3
27/06/1996,3
28/06/1996,3
29/06/1996,3
30/06/1996,2
01/07/1996,2
02/07/1996,3
03/07/1996,3
04/07/1996,2
05/07/1996,3
06/07/1996,2
07/07/1996,3
08/07/1996,6
09/07/1996,3
10/07/1996,4
11/07/1996,2
12/07/1996,3
13/07/1996,2
14/07/1996,2
15/07/1996,4
16/07/1996,3
17/07/1996,4
18/07/1996,5
19/07/1996,5
20/07/1996,5
21/07/1996,6
22/07/1996,5
23/07/1996,6
24/07/1996,5
25/07/1996,4
26/07/1996,3
27/07/1996,5
28/07/1996,5
29/07/1996,5
30/07/1996,5
31/07/1996,4
01/08/1996,4
02/08/1996,4
03/08/1996,4
04/08/1996,4
05/08/1996,6
06/08/1996,4
07/08/1996,3
08/08/1996,3
09/08/1996,4
10/08/1996,2
11/08/1996,2
12/08/1996,2
13/08/1996,3
14/08/1996,3
15/08/1996,2
16/08/1996,2
17/08/1996,1
18/08/1996,2
19/08/1996,4
20/08/1996,3
21/08/1996,1
22/08/1996,4
23/08/1996,3
24/08/1996,2
25/08/1996,3
26/08/1996,2
27/08/1996,3
28/08/1996,3
29/08/1996,1
30/08/1996,1
31/08/1996,2
01/09/1996,2
02/09/1996,3
03/09/1996,3
04/09/1996,3
05/09/1996,5
06/09/1996,3
07/09/1996,3
08/09/1996,1
09/09/1996,3
10/09/1996,3
11/09/1996,2
12/09/1996,5
13/09/1996,5
14/09/1996,4
15/09/1996,4
16/09/1996,5
17/09/1996,3
18/09/1996,4
19/09/1996,5
20/09/1996,5
21/09/1996,4
22/09/1996,4
23/09/1996,3
24/09/1996,3
25/09/1996,3
26/09/1996,3
27/09/1996,4
28/09/1996,3
29/09/1996,3
30/09/1996,3
01/10/1996,3
02/10/1996,4
03/10/1996,2
04/10/1996,3
05/10/1996,1
06/10/1996,3
07/10/1996,2
08/10/1996,2
09/10/1996,2
10/10/1996,1
11/10/1996,3
12/10/1996,3
13/10/1996,2
14/10/1996,2
15/10/1996,4
16/10/1996,3
17/10/1996,3
18/10/1996,4
19/10/1996,2
20/10/1996,2
21/10/1996,2
22/10/1996,3
23/10/1996,3
24/10/1996,4
25/10/1996,4
26/10/1996,3
27/10/1996,2
28/10/1996,6
29/10/1996,5
30/10/1996,3
31/10/1996,3
01/11/1996,3
02/11/1996,3
03/11/1996,5
04/11/1996,2
05/11/1996,3
06/11/1996,3
07/11/1996,5
08/11/1996,5
09/11/1996,6
10/11/1996,3
11/11/1996,3
12/11/1996,4
13/11/1996,2
14/11/1996,1
15/11/1996,3
16/11/1996,2
17/11/1996,3
18/11/1996,2
19/11/1996,3
20/11/1996,3
21/11/1996,3
22/11/1996,2
23/11/1996,2
24/11/1996,2
25/11/1996,3
26/11/1996,1
27/11/1996,2
28/11/1996,4
29/11/1996,3
30/11/1996,5
01/12/1996,5
02/12/1996,2
03/12/1996,2
04/12/1996,1
05/12/1996,2
06/12/1996,0
07/12/1996,2
08/12/1996,2
09/12/1996,3
10/12/1996,2
11/12/1996,2
12/12/1996,3
13/12/1996,6
14/12/1996,6
15/12/1996,6
16/12/1996,4
17/12/1996,4
18/12/1996,3
19/12/1996,4
20/12/1996,3
21/12/1996,7
22/12/1996,6
23/12/1996,4
24/12/1996,4
25/12/1996,4
26/12/1996,4
27/12/1996,4
28/12/1996,5
29/12/1996,6
30/12/1996,5
31/12/1996,6
01/01/1997,6
02/01/1997,5
03/01/1997,6
04/01/1997,7
05/01/1997,5
06/01/1997,6
07/01/1997,7
08/01/1997,5
09/01/1997,4
10/01/1997,6
11/01/1997,5
12/01/1997,6
13/01/1997,5
14/01/1997,6
15/01/1997,4
16/01/1997,5
17/01/1997,6
18/01/1997,7
19/01/1997,5
20/01/1997,6
21/01/1997,6
22/01/1997,6
23/01/1997,4
24/01/1997,6
25/01/1997,6
26/01/1997,8
27/01/1997,6
28/01/1997,7
29/01/1997,7
30/01/1997,6
31/01/1997,6
01/02/1997,5
02/02/1997,5
03/02/1997,4
04/02/1997,4
05/02/1997,4
06/02/1997,5
07/02/1997,3
08/02/1997,3
09/02/1997,3
10/02/1997,3
11/02/1997,4
12/02/1997,1
13/02/1997,4
14/02/1997,3
15/02/1997,4
16/02/1997,5
17/02/1997,3
18/02/1997,5
19/02/1997,6
20/02/1997,5
21/02/1997,4
22/02/1997,3
23/02/1997,4
24/02/1997,3
25/02/1997,6
26/02/1997,6
27/02/1997,5
28/02/1997,6
01/03/1997,5
02/03/1997,5
03/03/1997,6
04/03/1997,5
05/03/1997,6
06/03/1997,6
07/03/1997,5
08/03/1997,5
09/03/1997,4
10/03/1997,6
11/03/1997,4
12/03/1997,4
13/03/1997,4
14/03/1997,4
15/03/1997,5
16/03/1997,4
17/03/1997,4
18/03/1997,3
19/03/1997,3
20/03/1997,4
21/03/1997,3
22/03/1997,4
23/03/1997,4
24/03/1997,4
25/03/1997,5
26/03/1997,6
27/03/1997,4
28/03/1997,6
29/03/1997,6
30/03/1997,6
31/03/1997,6
01/04/1997,3
02/04/1997,3
03/04/1997,3
04/04/1997,3
05/04/1997,3
06/04/1997,4
07/04/1997,3
08/04/1997,3
09/04/1997,2
10/04/1997,1
11/04/1997,2
12/04/1997,2
13/04/1997,4
14/04/1997,2
15/04/1997,2
16/04/1997,2
17/04/1997,2
18/04/1997,2
19/04/1997,3
20/04/1997,3
21/04/1997,4
22/04/1997,4
23/04/1997,3
24/04/1997,4
25/04/1997,3
26/04/1997,2
27/04/1997,2
28/04/1997,3
29/04/1997,2
30/04/1997,3
01/05/1997,3
02/05/1997,3
03/05/1997,3
04/05/1997,2
05/05/1997,2
06/05/1997,2
07/05/1997,4
08/05/1997,3
09/05/1997,3
10/05/1997,3
11/05/1997,1
12/05/1997,4
13/05/1997,3
14/05/1997,4
15/05/1997,2
16/05/1997,3
17/05/1997,2
18/05/1997,3
19/05/1997,4
20/05/1997,2
21/05/1997,3
22/05/1997,3
23/05/1997,3
24/05/1997,4
25/05/1997,3
26/05/1997,4
27/05/1997,3
28/05/1997,4
29/05/1997,4
30/05/1997,3
31/05/1997,3
01/06/1997,5
02/06/1997,5
03/06/1997,6
04/06/1997,4
05/06/1997,4
06/06/1997,3
07/06/1997,3
08/06/1997,3
09/06/1997,2
10/06/1997,2
11/06/1997,2
12/06/1997,2
13/06/1997,3
14/06/1997,4
15/06/1997,4
16/06/1997,4
17/06/1997,4
18/06/1997,3
19/06/1997,3
20/06/1997,4
21/06/1997,3
22/06/1997,3
23/06/1997,4
24/06/1997,5
25/06/1997,5
26/06/1997,4
27/06/1997,6
28/06/1997,5
29/06/1997,6
30/06/1997,3
01/07/1997,2
02/07/1997,2
03/07/1997,1
04/07/1997,3
05/07/1997,2
06/07/1997,5
07/07/1997,3
08/07/1997,5
09/07/1997,4
10/07/1997,5
11/07/1997,6
12/07/1997,5
13/07/1997,5
14/07/1997,6
15/07/1997,6
16/07/1997,6
17/07/1997,5
18/07/1997,6
19/07/1997,5
20/07/1997,7
21/07/1997,5
22/07/1997,5
23/07/1997,5
24/07/1997,5
25/07/1997,4
26/07/1997,5
27/07/1997,5
28/07/1997,6
29/07/1997,5
30/07/1997,6
31/07/1997,5
01/08/1997,5
02/08/1997,4
03/08/1997,4
04/08/1997,5
05/08/1997,4
06/08/1997,3
07/08/1997,5
08/08/1997,4
09/08/1997,5
10/08/1997,5
11/08/1997,4
12/08/1997,4
13/08/1997,5
14/08/1997,4
15/08/1997,4
16/08/1997,3
17/08/1997,4
18/08/1997,3
19/08/1997,4
20/08/1997,5
21/08/1997,3
22/08/1997,4
23/08/1997,3
24/08/1997,5
25/08/1997,5
26/08/1997,5
27/08/1997,4
28/08/1997,4
29/08/1997,5
30/08/1997,4
31/08/1997,2
01/09/1997,4
02/09/1997,5
03/09/1997,4
04/09/1997,4
05/09/1997,3
06/09/1997,3
07/09/1997,4
08/09/1997,3
09/09/1997,3
10/09/1997,4
11/09/1997,5
12/09/1997,5
13/09/1997,3
14/09/1997,4
15/09/1997,5
16/09/1997,4
17/09/1997,4
18/09/1997,4
19/09/1997,4
20/09/1997,3
21/09/1997,5
22/09/1997,5
23/09/1997,6
24/09/1997,3
25/09/1997,3
26/09/1997,4
27/09/1997,3
28/09/1997,2
29/09/1997,3
30/09/1997,2
01/10/1997,3
02/10/1997,0
03/10/1997,3
04/10/1997,4
05/10/1997,3
06/10/1997,3
07/10/1997,4
08/10/1997,2
09/10/1997,2
10/10/1997,2
11/10/1997,5
12/10/1997,3
13/10/1997,2
14/10/1997,2
15/10/1997,2
16/10/1997,3
17/10/1997,3
18/10/1997,2
19/10/1997,2
20/10/1997,2
21/10/1997,1
22/10/1997,0
23/10/1997,0
24/10/1997,2
25/10/1997,2
26/10/1997,2
27/10/1997,4
28/10/1997,2
29/10/1997,2
30/10/1997,1
31/10/1997,2
01/11/1997,2
02/11/1997,2
03/11/1997,3
04/11/1997,2
05/11/1997,2
06/11/1997,2
07/11/1997,3
08/11/1997,3
09/11/1997,4
10/11/1997,3
11/11/1997,1
12/11/1997,2
13/11/1997,3
14/11/1997,3
15/11/1997,2
16/11/1997,3
17/11/1997,1
18/11/1997,3
19/11/1997,2
20/11/1997,2
21/11/1997,1
22/11/1997,2
23/11/1997,3
24/11/1997,2
25/11/1997,2
26/11/1997,3
27/11/1997,3
28/11/1997,4
29/11/1997,5
30/11/1997,4
01/12/1997,5
02/12/1997,3
03/12/1997,2
04/12/1997,4
05/12/1997,3
06/12/1997,3
07/12/1997,4
08/12/1997,2
09/12/1997,4
10/12/1997,3
11/12/1997,2
12/12/1997,4
13/12/1997,5
14/12/1997,4
15/12/1997,5
16/12/1997,5
17/12/1997,2
18/12/1997,3
19/12/1997,2
20/12/1997,3
21/12/1997,2
22/12/1997,1
23/12/1997,3
24/12/1997,3
25/12/1997,3
26/12/1997,4
27/12/1997,5
28/12/1997,4
29/12/1997,4
30/12/1997,3
31/12/1997,5
01/01/1998,3
02/01/1998,4
03/01/1998,5
04/01/1998,4
05/01/1998,3
06/01/1998,2
07/01/1998,2
08/01/1998,3
09/01/1998,2
10/01/1998,5
11/01/1998,4
12/01/1998,5
13/01/1998,5
14/01/1998,4
15/01/1998,3
16/01/1998,3
17/01/1998,2
18/01/1998,2
19/01/1998,6
20/01/1998,6
21/01/1998,4
22/01/1998,5
23/01/1998,4
24/01/1998,5
25/01/1998,6
26/01/1998,5
27/01/1998,6
28/01/1998,4
29/01/1998,4
30/01/1998,5
31/01/1998,5
01/02/1998,5
02/02/1998,5
03/02/1998,5
04/02/1998,4
05/02/1998,4
06/02/1998,6
07/02/1998,5
08/02/1998,5
09/02/1998,4
10/02/1998,4
11/02/1998,5
12/02/1998,6
13/02/1998,5
14/02/1998,5
15/02/1998,4
16/02/1998,4
17/02/1998,4
18/02/1998,4
19/02/1998,4
20/02/1998,3
21/02/1998,2
22/02/1998,4
23/02/1998,6
24/02/1998,5
25/02/1998,5
26/02/1998,5
27/02/1998,5
28/02/1998,5
01/03/1998,4
02/03/1998,4
03/03/1998,4
04/03/1998,4
05/03/1998,5
06/03/1998,4
07/03/1998,3
08/03/1998,2
09/03/1998,2
10/03/1998,2
11/03/1998,4
12/03/1998,4
13/03/1998,3
14/03/1998,4
15/03/1998,3
16/03/1998,3
17/03/1998,4
18/03/1998,4
19/03/1998,4
20/03/1998,5
21/03/1998,6
22/03/1998,4
23/03/1998,5
24/03/1998,5
25/03/1998,5
26/03/1998,5
27/03/1998,5
28/03/1998,4
29/03/1998,5
30/03/1998,3
31/03/1998,3
01/04/1998,3
02/04/1998,6
03/04/1998,5
04/04/1998,4
05/04/1998,3
06/04/1998,5
07/04/1998,4
08/04/1998,5
09/04/1998,5
10/04/1998,5
11/04/1998,3
12/04/1998,3
13/04/1998,3
14/04/1998,4
15/04/1998,3
16/04/1998,4
17/04/1998,4
18/04/1998,5
19/04/1998,5
20/04/1998,4
21/04/1998,3
22/04/1998,4
23/04/1998,3
24/04/1998,3
25/04/1998,3
26/04/1998,4
27/04/1998,4
28/04/1998,2
29/04/1998,3
30/04/1998,3
01/05/1998,4
02/05/1998,4
03/05/1998,3
04/05/1998,2
05/05/1998,3
06/05/1998,4
07/05/1998,3
08/05/1998,4
09/05/1998,3
10/05/1998,3
11/05/1998,4
12/05/1998,3
13/05/1998,3
14/05/1998,4
15/05/1998,3
16/05/1998,3
17/05/1998,3
18/05/1998,3
19/05/1998,3
20/05/1998,2
21/05/1998,2
22/05/1998,3
23/05/1998,2
24/05/1998,3
25/05/1998,3
26/05/1998,3
27/05/1998,4
28/05/1998,3
29/05/1998,4
30/05/1998,4
31/05/1998,2
01/06/1998,2
02/06/1998,1
03/06/1998,2
04/06/1998,1
05/06/1998,2
06/06/1998,2
07/06/1998,2
08/06/1998,2
09/06/1998,2
10/06/1998,2
11/06/1998,2
12/06/1998,1
13/06/1998,1
14/06/1998,0
15/06/1998,2
16/06/1998,2
17/06/1998,2
18/06/1998,2
19/06/1998,2
20/06/1998,2
21/06/1998,2
22/06/1998,2
23/06/1998,3
24/06/1998,2
25/06/1998,3
26/06/1998,4
27/06/1998,3
28/06/1998,2
29/06/1998,3
30/06/1998,3
01/07/1998,2
02/07/1998,2
03/07/1998,3
04/07/1998,1
05/07/1998,3
06/07/1998,4
07/07/1998,2
08/07/1998,2
09/07/1998,3
10/07/1998,3
11/07/1998,2
12/07/1998,2
13/07/1998,2
14/07/1998,2
15/07/1998,1
16/07/1998,2
17/07/1998,2
18/07/1998,1
19/07/1998,1
20/07/1998,2
21/07/1998,3
22/07/1998,3
23/07/1998,2
24/07/1998,2
25/07/1998,3
26/07/1998,2
27/07/1998,2
28/07/1998,1
29/07/1998,1
30/07/1998,2
31/07/1998,2
01/08/1998,1
02/08/1998,2
03/08/1998,1
04/08/1998,2
05/08/1998,2
06/08/1998,3
07/08/1998,2
08/08/1998,2
09/08/1998,2
10/08/1998,4
11/08/1998,3
12/08/1998,1
13/08/1998,2
14/08/1998,1
15/08/1998,1
16/08/1998,3
17/08/1998,2
18/08/1998,2
19/08/1998,3
20/08/1998,4
21/08/1998,2
22/08/1998,3
23/08/1998,1
24/08/1998,1
25/08/1998,1
26/08/1998,1
27/08/1998,3
28/08/1998,1
29/08/1998,3
30/08/1998,3
31/08/1998,2
01/09/1998,2
02/09/1998,2
03/09/1998,3
04/09/1998,2
05/09/1998,2
06/09/1998,1
07/09/1998,3
08/09/1998,2
09/09/1998,2
10/09/1998,2
11/09/1998,3
12/09/1998,2
13/09/1998,3
14/09/1998,3
15/09/1998,2
16/09/1998,3
17/09/1998,2
18/09/1998,3
19/09/1998,2
20/09/1998,3
21/09/1998,3
22/09/1998,3
23/09/1998,2
24/09/1998,2
25/09/1998,2
26/09/1998,2
27/09/1998,0
28/09/1998,3
29/09/1998,4
30/09/1998,2
01/10/1998,2
02/10/1998,3
03/10/1998,2
04/10/1998,2
05/10/1998,4
06/10/1998,2
07/10/1998,1
08/10/1998,2
09/10/1998,3
10/10/1998,3
11/10/1998,3
12/10/1998,2
13/10/1998,2
14/10/1998,2
15/10/1998,3
16/10/1998,0
17/10/1998,2
18/10/1998,4
19/10/1998,4
20/10/1998,3
21/10/1998,5
22/10/1998,2
23/10/1998,2
24/10/1998,2
25/10/1998,2
26/10/1998,2
27/10/1998,0
28/10/1998,1
29/10/1998,2
30/10/1998,1
31/10/1998,1
01/11/1998,0
02/11/1998,2
03/11/1998,1
04/11/1998,2
05/11/1998,3
06/11/1998,2
07/11/1998,3
08/11/1998,2
09/11/1998,2
10/11/1998,1
11/11/1998,2
12/11/1998,1
13/11/1998,2
14/11/1998,2
15/11/1998,2
16/11/1998,4
17/11/1998,3
18/11/1998,3
19/11/1998,2
20/11/1998,3
21/11/1998,5
22/11/1998,3
23/11/1998,2
24/11/1998,3
25/11/1998,4
26/11/1998,4
27/11/1998,1
28/11/1998,3
29/11/1998,2
30/11/1998,2
01/12/1998,1
02/12/1998,1
03/12/1998,0
04/12/1998,2
05/12/1998,3
06/12/1998,2
07/12/1998,2
08/12/1998,3
09/12/1998,2
10/12/1998,2
11/12/1998,2
12/12/1998,2
13/12/1998,2
14/12/1998,0
15/12/1998,2
16/12/1998,2
17/12/1998,2
18/12/1998,3
19/12/1998,2
20/12/1998,4
21/12/1998,2
22/12/1998,2
23/12/1998,2
24/12/1998,2
25/12/1998,3
26/12/1998,2
27/12/1998,1
28/12/1998,3
29/12/1998,3
30/12/1998,2
31/12/1998,2
01/01/1999,2
02/01/1999,3
03/01/1999,3
04/01/1999,2
05/01/1999,2
06/01/1999,3
07/01/1999,3
08/01/1999,4
09/01/1999,4
10/01/1999,1
11/01/1999,3
12/01/1999,4
13/01/1999,5
14/01/1999,4
15/01/1999,3
16/01/1999,5
17/01/1999,4
18/01/1999,3
19/01/1999,3
20/01/1999,2
21/01/1999,4
22/01/1999,2
23/01/1999,2
24/01/1999,3
25/01/1999,2
26/01/1999,2
27/01/1999,2
28/01/1999,2
29/01/1999,3
30/01/1999,2
31/01/1999,3
01/02/1999,3
02/02/1999,3
03/02/1999,3
04/02/1999,3
05/02/1999,3
06/02/1999,5
07/02/1999,4
08/02/1999,4
09/02/1999,4
10/02/1999,3
11/02/1999,4
12/02/1999,3
13/02/1999,2
14/02/1999,4
15/02/1999,6
16/02/1999,5
17/02/1999,5
18/02/1999,4
19/02/1999,5
20/02/1999,5
21/02/1999,6
22/02/1999,5
23/02/1999,5
24/02/1999,3
25/02/1999,6
26/02/1999,5
27/02/1999,4
28/02/1999,4
01/03/1999,3
02/03/1999,2
03/03/1999,3
04/03/1999,2
05/03/1999,3
06/03/1999,2
07/03/1999,2
08/03/1999,2
09/03/1999,2
10/03/1999,2
11/03/1999,1
12/03/1999,0
13/03/1999,1
14/03/1999,1
15/03/1999,2
16/03/1999,3
17/03/1999,3
18/03/1999,3
19/03/1999,1
20/03/1999,2
21/03/1999,2
22/03/1999,1
23/03/1999,2
24/03/1999,2
25/03/1999,2
26/03/1999,0
27/03/1999,2
28/03/1999,1
29/03/1999,2
30/03/1999,1
31/03/1999,2
01/04/1999,2
02/04/1999,1
03/04/1999,1
04/04/1999,2
05/04/1999,2
06/04/1999,3
07/04/1999,2
08/04/1999,3
09/04/1999,3
10/04/1999,2
11/04/1999,3
12/04/1999,2
13/04/1999,1
14/04/1999,3
15/04/1999,0
16/04/1999,2
17/04/1999,1
18/04/1999,2
19/04/1999,1
20/04/1999,1
21/04/1999,1
22/04/1999,3
23/04/1999,2
24/04/1999,1
25/04/1999,2
26/04/1999,2
27/04/1999,2
28/04/1999,2
29/04/1999,1
30/04/1999,2
01/05/1999,3
02/05/1999,2
03/05/1999,3
04/05/1999,2
05/05/1999,2
06/05/1999,2
07/05/1999,1
08/05/1999,1
09/05/1999,2
10/05/1999,2
11/05/1999,0
12/05/1999,2
13/05/1999,2
14/05/1999,2
15/05/1999,2
16/05/1999,2
17/05/1999,2
18/05/1999,1
19/05/1999,2
20/05/1999,1
21/05/1999,1
22/05/1999,2
23/05/1999,2
24/05/1999,3
25/05/1999,3
26/05/1999,2
27/05/1999,1
28/05/1999,2
29/05/1999,2
30/05/1999,3
31/05/1999,3
01/06/1999,3
02/06/1999,3
03/06/1999,4
04/06/1999,1
05/06/1999,2
06/06/1999,1
07/06/1999,2
08/06/1999,4
09/06/1999,2
10/06/1999,3
11/06/1999,3
12/06/1999,1
13/06/1999,1
14/06/1999,1
15/06/1999,2
16/06/1999,2
17/06/1999,3
18/06/1999,4
19/06/1999,3
20/06/1999,4
21/06/1999,3
22/06/1999,3
23/06/1999,1
24/06/1999,3
25/06/1999,2
26/06/1999,2
27/06/1999,0
28/06/1999,3
29/06/1999,2
30/06/1999,1
01/07/1999,3
02/07/1999,2
03/07/1999,1
04/07/1999,2
05/07/1999,2
06/07/1999,1
07/07/1999,2
08/07/1999,2
09/07/1999,2
10/07/1999,2
11/07/1999,3
12/07/1999,3
13/07/1999,3
14/07/1999,3
15/07/1999,2
16/07/1999,2
17/07/1999,3
18/07/1999,3
19/07/1999,4
20/07/1999,4
21/07/1999,4
22/07/1999,4
23/07/1999,4
24/07/1999,4
25/07/1999,5
26/07/1999,4
27/07/1999,4
28/07/1999,4
29/07/1999,3
30/07/1999,4
31/07/1999,4
01/08/1999,4
02/08/1999,3
03/08/1999,4
04/08/1999,4
05/08/1999,4
06/08/1999,4
07/08/1999,4
08/08/1999,2
09/08/1999,3
10/08/1999,3
11/08/1999,3
12/08/1999,1
13/08/1999,3
14/08/1999,3
15/08/1999,2
16/08/1999,2
17/08/1999,2
18/08/1999,2
19/08/1999,1
20/08/1999,4
21/08/1999,2
22/08/1999,2
23/08/1999,2
24/08/1999,2
25/08/1999,1
26/08/1999,1
27/08/1999,3
28/08/1999,2
29/08/1999,2
30/08/1999,2
31/08/1999,3
01/09/1999,3
02/09/1999,3
03/09/1999,2
04/09/1999,3
05/09/1999,3
06/09/1999,3
07/09/1999,4
08/09/1999,4
09/09/1999,2
10/09/1999,2
11/09/1999,3
12/09/1999,2
13/09/1999,4
14/09/1999,3
15/09/1999,3
16/09/1999,3
17/09/1999,4
18/09/1999,2
19/09/1999,2
20/09/1999,2
21/09/1999,3
22/09/1999,3
23/09/1999,3
24/09/1999,2
25/09/1999,2
26/09/1999,2
27/09/1999,1
28/09/1999,1
29/09/1999,1
30/09/1999,2
01/10/1999,1
02/10/1999,2
03/10/1999,2
04/10/1999,2
05/10/1999,2
06/10/1999,2
07/10/1999,2
08/10/1999,2
09/10/1999,1
10/10/1999,2
11/10/1999,1
12/10/1999,1
13/10/1999,1
14/10/1999,2
15/10/1999,2
16/10/1999,1
17/10/1999,2
18/10/1999,2
19/10/1999,3
20/10/1999,2
21/10/1999,2
22/10/1999,2
23/10/1999,5
24/10/1999,3
25/10/1999,1
26/10/1999,2
27/10/1999,2
28/10/1999,2
29/10/1999,2
30/10/1999,1
31/10/1999,2
01/11/1999,2
02/11/1999,0
03/11/1999,4
04/11/1999,4
05/11/1999,3
06/11/1999,2
07/11/1999,1
08/11/1999,3
09/11/1999,2
10/11/1999,0
11/11/1999,1
12/11/1999,0
13/11/1999,2
14/11/1999,1
15/11/1999,2
16/11/1999,2
17/11/1999,1
18/11/1999,1
19/11/1999,2
20/11/1999,1
21/11/1999,2
22/11/1999,3
23/11/1999,2
24/11/1999,3
25/11/1999,2
26/11/1999,2
27/11/1999,2
28/11/1999,0
29/11/1999,2
30/11/1999,2
01/12/1999,3
02/12/1999,2
03/12/1999,2
04/12/1999,1
05/12/1999,2
06/12/1999,3
07/12/1999,3
08/12/1999,3
09/12/1999,2
10/12/1999,3
11/12/1999,3
12/12/1999,4
13/12/1999,4
14/12/1999,3
15/12/1999,2
16/12/1999,3
17/12/1999,2
18/12/1999,2
19/12/1999,2
20/12/1999,4
21/12/1999,3
22/12/1999,7
23/12/1999,5
24/12/1999,4
25/12/1999,5
26/12/1999,4
27/12/1999,4
28/12/1999,3
29/12/1999,3
30/12/1999,5
31/12/1999,4
01/01/2000,4
02/01/2000,3
03/01/2000,5
04/01/2000,4
05/01/2000,0
06/01/2000,2
07/01/2000,3
08/01/2000,4
09/01/2000,3
10/01/2000,2
11/01/2000,0
12/01/2000,3
13/01/2000,1
14/01/2000,4
15/01/2000,3
16/01/2000,2
17/01/2000,2
18/01/2000,2
19/01/2000,4
20/01/2000,4
21/01/2000,4
22/01/2000,3
23/01/2000,3
24/01/2000,3
25/01/2000,2
26/01/2000,4
27/01/2000,5
28/01/2000,4
29/01/2000,4
30/01/2000,4
31/01/2000,5
01/02/2000,3
02/02/2000,4
03/02/2000,4
04/02/2000,3
05/02/2000,2
06/02/2000,4
07/02/2000,3
08/02/2000,2
09/02/2000,4
10/02/2000,3
11/02/2000,4
12/02/2000,3
13/02/2000,3
14/02/2000,3
15/02/2000,4
16/02/2000,5
17/02/2000,4
18/02/2000,4
19/02/2000,4
20/02/2000,3
21/02/2000,3
22/02/2000,3
23/02/2000,2
24/02/2000,2
25/02/2000,2
26/02/2000,3
27/02/2000,4
28/02/2000,4
29/02/2000,3
01/03/2000,4
02/03/2000,4
03/03/2000,5
04/03/2000,4
05/03/2000,4
06/03/2000,3
07/03/2000,2
08/03/2000,3
09/03/2000,4
10/03/2000,4
11/03/2000,3
12/03/2000,1
13/03/2000,2
14/03/2000,2
15/03/2000,2
16/03/2000,3
17/03/2000,2
18/03/2000,1
19/03/2000,3
20/03/2000,2
21/03/2000,2
22/03/2000,1
23/03/2000,2
24/03/2000,2
25/03/2000,3
26/03/2000,2
27/03/2000,2
28/03/2000,4
29/03/2000,2
30/03/2000,2
31/03/2000,2
01/04/2000,2
02/04/2000,1
03/04/2000,2
04/04/2000,0
05/04/2000,2
06/04/2000,1
07/04/2000,2
08/04/2000,2
09/04/2000,2
10/04/2000,2
11/04/2000,1
12/04/2000,3
13/04/2000,2
14/04/2000,3
15/04/2000,2
16/04/2000,1
17/04/2000,1
18/04/2000,0
19/04/2000,0
20/04/2000,2
21/04/2000,2
22/04/2000,2
23/04/2000,0
24/04/2000,0
25/04/2000,2
26/04/2000,0
27/04/2000,2
28/04/2000,2
29/04/2000,2
30/04/2000,2
01/05/2000,1
02/05/2000,1
03/05/2000,1
04/05/2000,1
05/05/2000,0
06/05/2000,0
07/05/2000,0
08/05/2000,0
09/05/2000,2
10/05/2000,2
11/05/2000,3
12/05/2000,6
13/05/2000,3
14/05/2000,3
15/05/2000,4
16/05/2000,3
17/05/2000,2
18/05/2000,1
19/05/2000,2
20/05/2000,3
21/05/2000,4
22/05/2000,4
23/05/2000,3
24/05/2000,2
25/05/2000,2
26/05/2000,1
27/05/2000,2
28/05/2000,2
29/05/2000,2
30/05/2000,2
31/05/2000,2
01/06/2000,2
02/06/2000,2
03/06/2000,1
04/06/2000,3
05/06/2000,2
06/06/2000,2
07/06/2000,2
08/06/2000,1
09/06/2000,2
10/06/2000,1
11/06/2000,2
12/06/2000,2
13/06/2000,2
14/06/2000,1
15/06/2000,2
16/06/2000,2
17/06/2000,3
18/06/2000,0
19/06/2000,2
20/06/2000,2
21/06/2000,2
22/06/2000,2
23/06/2000,2
24/06/2000,3
25/06/2000,3
26/06/2000,2
27/06/2000,2
28/06/2000,2
29/06/2000,2
30/06/2000,2
01/07/2000,3
02/07/2000,3
03/07/2000,4
04/07/2000,3
05/07/2000,2
06/07/2000,3
07/07/2000,2
08/07/2000,4
09/07/2000,3
10/07/2000,4
11/07/2000,3
12/07/2000,3
13/07/2000,3
14/07/2000,4
15/07/2000,4
16/07/2000,4
17/07/2000,3
18/07/2000,2
19/07/2000,2
20/07/2000,3
21/07/2000,2
22/07/2000,2
23/07/2000,2
24/07/2000,2
25/07/2000,3
26/07/2000,2
27/07/2000,3
28/07/2000,3
29/07/2000,2
30/07/2000,2
31/07/2000,3
01/08/2000,2
02/08/2000,3
03/08/2000,0
04/08/2000,2
05/08/2000,2
06/08/2000,2
07/08/2000,2
08/08/2000,2
09/08/2000,1
10/08/2000,1
11/08/2000,3
12/08/2000,1
13/08/2000,4
14/08/2000,2
15/08/2000,3
16/08/2000,2
17/08/2000,2
18/08/2000,2
19/08/2000,2
20/08/2000,3
21/08/2000,3
22/08/2000,3
23/08/2000,2
24/08/2000,5
25/08/2000,4
26/08/2000,3
27/08/2000,2
28/08/2000,3
29/08/2000,5
30/08/2000,2
31/08/2000,2
01/09/2000,3
02/09/2000,3
03/09/2000,3
04/09/2000,2
05/09/2000,2
06/09/2000,2
07/09/2000,2
08/09/2000,2
09/09/2000,2
10/09/2000,3
11/09/2000,4
12/09/2000,5
13/09/2000,2
14/09/2000,3
15/09/2000,4
16/09/2000,4
17/09/2000,2
18/09/2000,1
19/09/2000,3
20/09/2000,3
21/09/2000,2
22/09/2000,2
23/09/2000,2
24/09/2000,2
25/09/2000,2
26/09/2000,2
27/09/2000,2
28/09/2000,2
29/09/2000,1
30/09/2000,2
01/10/2000,2
02/10/2000,2
03/10/2000,1
04/10/2000,1
05/10/2000,2
06/10/2000,2
07/10/2000,1
08/10/2000,2
09/10/2000,3
10/10/2000,1
11/10/2000,3
12/10/2000,0
13/10/2000,3
14/10/2000,2
15/10/2000,1
16/10/2000,2
17/10/2000,2
18/10/2000,3
19/10/2000,2
20/10/2000,1
21/10/2000,2
22/10/2000,2
23/10/2000,2
24/10/2000,0
25/10/2000,2
26/10/2000,3
27/10/2000,2
28/10/2000,2
29/10/2000,5
30/10/2000,3
31/10/2000,3
01/11/2000,2
02/11/2000,1
03/11/2000,2
04/11/2000,0
05/11/2000,1
06/11/2000,1
07/11/2000,3
08/11/2000,2
09/11/2000,2
10/11/2000,1
11/11/2000,3
12/11/2000,1
13/11/2000,2
14/11/2000,2
15/11/2000,2
16/11/2000,1
17/11/2000,2
18/11/2000,3
19/11/2000,2
20/11/2000,2
21/11/2000,2
22/11/2000,2
23/11/2000,2
24/11/2000,4
25/11/2000,2
26/11/2000,3
27/11/2000,3
28/11/2000,2
29/11/2000,2
30/11/2000,3
01/12/2000,4
02/12/2000,2
03/12/2000,3
04/12/2000,3
05/12/2000,4
06/12/2000,3
07/12/2000,2
08/12/2000,2
09/12/2000,2
10/12/2000,3
11/12/2000,2
12/12/2000,3
13/12/2000,0
14/12/2000,2
15/12/2000,2
16/12/2000,2
17/12/2000,1
18/12/2000,3
19/12/2000,2
20/12/2000,3
21/12/2000,3
22/12/2000,1
23/12/2000,3
24/12/2000,2
25/12/2000,3
26/12/2000,3
27/12/2000,3
28/12/2000,3
29/12/2000,1
30/12/2000,2
31/12/2000,2
01/01/2001,4
02/01/2001,2
03/01/2001,3
04/01/2001,3
05/01/2001,3
06/01/2001,3
07/01/2001,2
08/01/2001,3
09/01/2001,2
10/01/2001,3
11/01/2001,2
12/01/2001,2
13/01/2001,2
14/01/2001,3
15/01/2001,4
16/01/2001,2
17/01/2001,2
18/01/2001,2
19/01/2001,3
20/01/2001,2
21/01/2001,4
22/01/2001,3
23/01/2001,3
24/01/2001,4
25/01/2001,3
26/01/2001,4
27/01/2001,3
28/01/2001,4
29/01/2001,3
30/01/2001,2
31/01/2001,3
01/02/2001,3
02/02/2001,2
03/02/2001,2
04/02/2001,3
05/02/2001,3
06/02/2001,4
07/02/2001,3
08/02/2001,3
09/02/2001,3
10/02/2001,3
11/02/2001,3
12/02/2001,2
13/02/2001,2
14/02/2001,5
15/02/2001,6
16/02/2001,5
17/02/2001,5
18/02/2001,5
19/02/2001,3
20/02/2001,2
21/02/2001,4
22/02/2001,4
23/02/2001,3
24/02/2001,2
25/02/2001,3
26/02/2001,6
27/02/2001,5
28/02/2001,4
01/03/2001,4
02/03/2001,4
03/03/2001,3
04/03/2001,2
05/03/2001,4
06/03/2001,3
07/03/2001,3
08/03/2001,3
09/03/2001,2
10/03/2001,2
11/03/2001,2
12/03/2001,4
13/03/2001,3
14/03/2001,3
15/03/2001,4
16/03/2001,4
17/03/2001,2
18/03/2001,3
19/03/2001,2
20/03/2001,3
21/03/2001,2
22/03/2001,2
23/03/2001,2
24/03/2001,1
25/03/2001,3
26/03/2001,3
27/03/2001,2
28/03/2001,2
29/03/2001,2
30/03/2001,2
31/03/2001,1
01/04/2001,2
02/04/2001,3
03/04/2001,2
04/04/2001,4
05/04/2001,1
06/04/2001,1
07/04/2001,0
08/04/2001,2
09/04/2001,2
10/04/2001,1
11/04/2001,2
12/04/2001,3
13/04/2001,1
14/04/2001,2
15/04/2001,3
16/04/2001,3
17/04/2001,2
18/04/2001,2
19/04/2001,1
20/04/2001,2
21/04/2001,2
22/04/2001,2
23/04/2001,1
24/04/2001,1
25/04/2001,1
26/04/2001,1
27/04/2001,2
28/04/2001,3
29/04/2001,2
30/04/2001,2
01/05/2001,1
02/05/2001,0
03/05/2001,2
04/05/2001,2
05/05/2001,3
06/05/2001,2
07/05/2001,2
08/05/2001,1
09/05/2001,2
10/05/2001,3
11/05/2001,2
12/05/2001,2
13/05/2001,2
14/05/2001,2
15/05/2001,3
16/05/2001,3
17/05/2001,3
18/05/2001,1
19/05/2001,2
20/05/2001,2
21/05/2001,3
22/05/2001,2
23/05/2001,2
24/05/2001,2
25/05/2001,2
26/05/2001,3
27/05/2001,2
28/05/2001,1
29/05/2001,2
30/05/2001,2
31/05/2001,2
01/06/2001,2
02/06/2001,1
03/06/2001,1
04/06/2001,1
05/06/2001,2
06/06/2001,0
07/06/2001,3
08/06/2001,1
09/06/2001,1
10/06/2001,2
11/06/2001,2
12/06/2001,2
13/06/2001,1
14/06/2001,2
15/06/2001,2
16/06/2001,2
17/06/2001,2
18/06/2001,2
19/06/2001,3
20/06/2001,2
21/06/2001,3
22/06/2001,2
23/06/2001,3
24/06/2001,2
25/06/2001,3
26/06/2001,2
27/06/2001,3
28/06/2001,2
29/06/2001,2
30/06/2001,2
01/07/2001,3
02/07/2001,3
03/07/2001,3
04/07/2001,3
05/07/2001,3
06/07/2001,4
07/07/2001,3
08/07/2001,3
09/07/2001,3
10/07/2001,4
11/07/2001,3
12/07/2001,1
13/07/2001,2
14/07/2001,3
15/07/2001,1
16/07/2001,1
17/07/2001,2
18/07/2001,0
19/07/2001,2
20/07/2001,2
21/07/2001,2
22/07/2001,1
23/07/2001,2
24/07/2001,2
25/07/2001,2
26/07/2001,2
27/07/2001,2
28/07/2001,2
29/07/2001,2
30/07/2001,2
31/07/2001,2
01/08/2001,0
02/08/2001,1
03/08/2001,0
04/08/2001,2
05/08/2001,2
06/08/2001,3
07/08/2001,4
08/08/2001,1
09/08/2001,2
10/08/2001,2
11/08/2001,0
12/08/2001,3
13/08/2001,2
14/08/2001,2
15/08/2001,3
16/08/2001,2
17/08/2001,2
18/08/2001,2
19/08/2001,2
20/08/2001,2
21/08/2001,2
22/08/2001,2
23/08/2001,2
24/08/2001,2
25/08/2001,3
26/08/2001,2
27/08/2001,2
28/08/2001,2
29/08/2001,3
30/08/2001,2
31/08/2001,1
01/09/2001,2
02/09/2001,2
03/09/2001,3
04/09/2001,1
05/09/2001,1
06/09/2001,1
07/09/2001,2
08/09/2001,2
09/09/2001,3
10/09/2001,2
11/09/2001,2
12/09/2001,2
13/09/2001,2
14/09/2001,2
15/09/2001,1
16/09/2001,1
17/09/2001,2
18/09/2001,2
19/09/2001,0
20/09/2001,1
21/09/2001,2
22/09/2001,2
23/09/2001,1
24/09/2001,2
25/09/2001,2
26/09/2001,3
27/09/2001,1
28/09/2001,2
29/09/2001,1
30/09/2001,1
01/10/2001,2
02/10/2001,3
03/10/2001,1
04/10/2001,2
05/10/2001,1
06/10/2001,0
07/10/2001,2
08/10/2001,1
09/10/2001,0
10/10/2001,1
11/10/2001,2
12/10/2001,2
13/10/2001,2
14/10/2001,2
15/10/2001,3
16/10/2001,2
17/10/2001,2
18/10/2001,2
19/10/2001,1
20/10/2001,2
21/10/2001,1
22/10/2001,1
23/10/2001,2
24/10/2001,2
25/10/2001,2
26/10/2001,1
27/10/2001,1
28/10/2001,2
29/10/2001,2
30/10/2001,1
31/10/2001,1
01/11/2001,0
02/11/2001,0
03/11/2001,1
04/11/2001,1
05/11/2001,1
06/11/2001,1
07/11/2001,2
08/11/2001,1
09/11/2001,0
10/11/2001,1
11/11/2001,1
12/11/2001,0
13/11/2001,0
14/11/2001,1
15/11/2001,0
16/11/2001,2
17/11/2001,3
18/11/2001,3
19/11/2001,2
20/11/2001,2
21/11/2001,3
22/11/2001,4
23/11/2001,3
24/11/2001,3
25/11/2001,3
26/11/2001,2
27/11/2001,4
28/11/2001,3
29/11/2001,3
30/11/2001,1
01/12/2001,1
02/12/2001,2
03/12/2001,1
04/12/2001,2
05/12/2001,2
06/12/2001,2
07/12/2001,2
08/12/2001,2
09/12/2001,2
10/12/2001,2
11/12/2001,2
12/12/2001,4
13/12/2001,3
14/12/2001,2
15/12/2001,3
16/12/2001,2
17/12/2001,0
18/12/2001,4
19/12/2001,2
20/12/2001,3
21/12/2001,2
22/12/2001,2
23/12/2001,2
24/12/2001,3
25/12/2001,2
26/12/2001,3
27/12/2001,6
28/12/2001,3
29/12/2001,6
30/12/2001,5
31/12/2001,3
01/01/2002,4
02/01/2002,4
03/01/2002,4
04/01/2002,3
05/01/2002,5
06/01/2002,6
07/01/2002,5
08/01/2002,6
09/01/2002,5
10/01/2002,4
11/01/2002,5
12/01/2002,5
13/01/2002,5
14/01/2002,4
15/01/2002,4
16/01/2002,5
17/01/2002,4
18/01/2002,4
19/01/2002,4
20/01/2002,4
21/01/2002,5
22/01/2002,6
23/01/2002,4
24/01/2002,3
25/01/2002,2
26/01/2002,3
27/01/2002,5
28/01/2002,7
29/01/2002,6
30/01/2002,5
31/01/2002,6
01/02/2002,4
02/02/2002,4
03/02/2002,5
04/02/2002,4
05/02/2002,5
06/02/2002,5
07/02/2002,5
08/02/2002,4
09/02/2002,6
10/02/2002,4
11/02/2002,4
12/02/2002,6
13/02/2002,4
14/02/2002,3
15/02/2002,4
16/02/2002,5
17/02/2002,5
18/02/2002,5
19/02/2002,5
20/02/2002,4
21/02/2002,3
22/02/2002,3
23/02/2002,5
24/02/2002,4
25/02/2002,4
26/02/2002,4
27/02/2002,4
28/02/2002,5
01/03/2002,5
02/03/2002,5
03/03/2002,5
04/03/2002,5
05/03/2002,4
06/03/2002,4
07/03/2002,4
08/03/2002,5
09/03/2002,5
10/03/2002,5
11/03/2002,5
12/03/2002,5
13/03/2002,4
14/03/2002,4
15/03/2002,3
16/03/2002,4
17/03/2002,3
18/03/2002,3
19/03/2002,5
20/03/2002,3
21/03/2002,2
22/03/2002,3
23/03/2002,3
24/03/2002,2
25/03/2002,3
26/03/2002,4
27/03/2002,4
28/03/2002,3
29/03/2002,3
30/03/2002,2
31/03/2002,2
01/04/2002,3
02/04/2002,3
03/04/2002,2
04/04/2002,2
05/04/2002,3
06/04/2002,2
07/04/2002,2
08/04/2002,1
09/04/2002,3
10/04/2002,2
11/04/2002,3
12/04/2002,4
13/04/2002,4
14/04/2002,3
15/04/2002,2
16/04/2002,2
17/04/2002,1
18/04/2002,4
19/04/2002,4
20/04/2002,4
21/04/2002,2
22/04/2002,2
23/04/2002,2
24/04/2002,2
25/04/2002,1
26/04/2002,2
27/04/2002,1
28/04/2002,2
29/04/2002,2
30/04/2002,1
01/05/2002,1
02/05/2002,1
03/05/2002,2
04/05/2002,2
05/05/2002,1
06/05/2002,2
07/05/2002,2
08/05/2002,2
09/05/2002,2
10/05/2002,3
11/05/2002,3
12/05/2002,1
13/05/2002,2
14/05/2002,2
15/05/2002,2
16/05/2002,4
17/05/2002,3
18/05/2002,3
19/05/2002,4
20/05/2002,4
21/05/2002,2
22/05/2002,2
23/05/2002,2
24/05/2002,2
25/05/2002,2
26/05/2002,2
27/05/2002,0
28/05/2002,2
29/05/2002,2
30/05/2002,2
31/05/2002,1
01/06/2002,2
02/06/2002,2
03/06/2002,2
04/06/2002,2
05/06/2002,3
06/06/2002,1
07/06/2002,1
08/06/2002,2
09/06/2002,3
10/06/2002,2
11/06/2002,2
12/06/2002,2
13/06/2002,1
14/06/2002,1
15/06/2002,2
16/06/2002,2
17/06/2002,0
18/06/2002,2
19/06/2002,4
20/06/2002,3
21/06/2002,3
22/06/2002,3
23/06/2002,2
24/06/2002,2
25/06/2002,3
26/06/2002,3
27/06/2002,3
28/06/2002,1
29/06/2002,2
30/06/2002,3
01/07/2002,1
02/07/2002,3
03/07/2002,4
04/07/2002,4
05/07/2002,3
06/07/2002,4
07/07/2002,3
08/07/2002,4
09/07/2002,4
10/07/2002,2
11/07/2002,3
12/07/2002,3
13/07/2002,2
14/07/2002,4
15/07/2002,5
16/07/2002,3
17/07/2002,3
18/07/2002,2
19/07/2002,2
20/07/2002,2
21/07/2002,2
22/07/2002,2
23/07/2002,2
24/07/2002,2
25/07/2002,2
26/07/2002,3
27/07/2002,2
28/07/2002,2
29/07/2002,2
30/07/2002,2
31/07/2002,2
01/08/2002,3
02/08/2002,2
03/08/2002,3
04/08/2002,3
05/08/2002,4
06/08/2002,4
07/08/2002,3
08/08/2002,2
09/08/2002,2
10/08/2002,3
11/08/2002,4
12/08/2002,1
13/08/2002,3
14/08/2002,4
15/08/2002,4
16/08/2002,4
17/08/2002,4
18/08/2002,4
19/08/2002,4
20/08/2002,4
21/08/2002,4
22/08/2002,3
23/08/2002,2
24/08/2002,2
25/08/2002,2
26/08/2002,1
27/08/2002,3
28/08/2002,2
29/08/2002,3
30/08/2002,2
31/08/2002,2
01/09/2002,2
02/09/2002,2
03/09/2002,2
04/09/2002,2
05/09/2002,3
06/09/2002,2
07/09/2002,2
08/09/2002,1
09/09/2002,3
10/09/2002,2
11/09/2002,1
12/09/2002,2
13/09/2002,2
14/09/2002,2
15/09/2002,3
16/09/2002,3
17/09/2002,2
18/09/2002,2
19/09/2002,3
20/09/2002,2
21/09/2002,2
22/09/2002,2
23/09/2002,2
24/09/2002,3
25/09/2002,2
26/09/2002,3
27/09/2002,1
28/09/2002,1
29/09/2002,0
30/09/2002,2
01/10/2002,2
02/10/2002,2
03/10/2002,1
04/10/2002,2
05/10/2002,2
06/10/2002,1
07/10/2002,1
08/10/2002,2
09/10/2002,3
10/10/2002,3
11/10/2002,2
12/10/2002,2
13/10/2002,2
14/10/2002,1
15/10/2002,2
16/10/2002,2
17/10/2002,2
18/10/2002,2
19/10/2002,2
20/10/2002,1
21/10/2002,1
22/10/2002,1
23/10/2002,1
24/10/2002,2
25/10/2002,0
26/10/2002,1
27/10/2002,0
28/10/2002,2
29/10/2002,2
30/10/2002,2
31/10/2002,1
01/11/2002,3
02/11/2002,1
03/11/2002,1
04/11/2002,0
05/11/2002,2
06/11/2002,2
07/11/2002,2
08/11/2002,1
09/11/2002,3
10/11/2002,2
11/11/2002,1
12/11/2002,2
13/11/2002,2
14/11/2002,1
15/11/2002,0
16/11/2002,2
17/11/2002,1
18/11/2002,2
19/11/2002,2
20/11/2002,2
21/11/2002,2
22/11/2002,0
23/11/2002,2
24/11/2002,2
25/11/2002,2
26/11/2002,2
27/11/2002,3
28/11/2002,2
29/11/2002,0
30/11/2002,0
01/12/2002,1
02/12/2002,2
03/12/2002,3
04/12/2002,4
05/12/2002,2
06/12/2002,2
07/12/2002,2
08/12/2002,3
09/12/2002,4
10/12/2002,4
11/12/2002,2
12/12/2002,2
13/12/2002,2
14/12/2002,5
15/12/2002,2
16/12/2002,3
17/12/2002,2
18/12/2002,3
19/12/2002,3
20/12/2002,2
21/12/2002,2
22/12/2002,2
23/12/2002,3
24/12/2002,2
25/12/2002,2
26/12/2002,2
27/12/2002,2
28/12/2002,3
29/12/2002,2
30/12/2002,2
31/12/2002,2
01/01/2003,3
02/01/2003,3
03/01/2003,2
04/01/2003,3
05/01/2003,4
06/01/2003,2
07/01/2003,2
08/01/2003,3
09/01/2003,4
10/01/2003,3
11/01/2003,2
12/01/2003,3
13/01/2003,4
14/01/2003,4
15/01/2003,4
16/01/2003,4
17/01/2003,5
18/01/2003,6
19/01/2003,4
20/01/2003,4
21/01/2003,4
22/01/2003,3
23/01/2003,4
24/01/2003,5
25/01/2003,4
26/01/2003,4
27/01/2003,5
28/01/2003,5
29/01/2003,4
30/01/2003,3
31/01/2003,4
01/02/2003,4
02/02/2003,4
03/02/2003,3
04/02/2003,3
05/02/2003,4
06/02/2003,5
07/02/2003,4
08/02/2003,4
09/02/2003,4
10/02/2003,4
11/02/2003,6
12/02/2003,6
13/02/2003,6
14/02/2003,3
15/02/2003,3
16/02/2003,2
17/02/2003,3
18/02/2003,4
19/02/2003,4
20/02/2003,5
21/02/2003,4
22/02/2003,3
23/02/2003,5
24/02/2003,3
25/02/2003,5
26/02/2003,5
27/02/2003,2
28/02/2003,4
01/03/2003,4
02/03/2003,4
03/03/2003,3
04/03/2003,2
05/03/2003,3
06/03/2003,3
07/03/2003,3
08/03/2003,3
09/03/2003,5
10/03/2003,6
11/03/2003,6
12/03/2003,5
13/03/2003,3
14/03/2003,4
15/03/2003,5
16/03/2003,4
17/03/2003,4
18/03/2003,4
19/03/2003,3
20/03/2003,3
21/03/2003,4
22/03/2003,4
23/03/2003,5
24/03/2003,4
25/03/2003,3
26/03/2003,2
27/03/2003,3
28/03/2003,1
29/03/2003,2
30/03/2003,2
31/03/2003,2
01/04/2003,1
02/04/2003,2
03/04/2003,2
04/04/2003,2
05/04/2003,2
06/04/2003,2
07/04/2003,2
08/04/2003,2
09/04/2003,1
10/04/2003,1
11/04/2003,1
12/04/2003,1
13/04/2003,1
14/04/2003,2
15/04/2003,0
16/04/2003,1
17/04/2003,1
18/04/2003,2
19/04/2003,1
20/04/2003,2
21/04/2003,1
22/04/2003,0
23/04/2003,0
24/04/2003,2
25/04/2003,2
26/04/2003,1
27/04/2003,3
28/04/2003,2
29/04/2003,2
30/04/2003,1
01/05/2003,2
02/05/2003,3
03/05/2003,2
04/05/2003,2
05/05/2003,1
06/05/2003,1
07/05/2003,2
08/05/2003,2
09/05/2003,1
10/05/2003,2
11/05/2003,2
12/05/2003,2
13/05/2003,2
14/05/2003,1
15/05/2003,2
16/05/2003,2
17/05/2003,3
18/05/2003,2
19/05/2003,2
20/05/2003,3
21/05/2003,3
22/05/2003,4
23/05/2003,4
24/05/2003,3
25/05/2003,3
26/05/2003,3
27/05/2003,4
28/05/2003,4
29/05/2003,4
30/05/2003,4
31/05/2003,2
01/06/2003,3
02/06/2003,4
03/06/2003,3
04/06/2003,3
05/06/2003,3
06/06/2003,3
07/06/2003,3
08/06/2003,3
09/06/2003,3
10/06/2003,3
11/06/2003,3
12/06/2003,2
13/06/2003,3
14/06/2003,2
15/06/2003,3
16/06/2003,3
17/06/2003,2
18/06/2003,2
19/06/2003,2
20/06/2003,2
21/06/2003,3
22/06/2003,2
23/06/2003,2
24/06/2003,1
25/06/2003,0
26/06/2003,1
27/06/2003,2
28/06/2003,3
29/06/2003,2
30/06/2003,2
01/07/2003,2
02/07/2003,2
03/07/2003,1
04/07/2003,2
05/07/2003,1
06/07/2003,3
07/07/2003,4
08/07/2003,2
09/07/2003,3
10/07/2003,1
11/07/2003,2
12/07/2003,3
13/07/2003,2
14/07/2003,2
15/07/2003,2
16/07/2003,3
17/07/2003,2
18/07/2003,2
19/07/2003,3
20/07/2003,3
21/07/2003,4
22/07/2003,4
23/07/2003,4
24/07/2003,4
25/07/2003,3
26/07/2003,2
27/07/2003,3
28/07/2003,3
29/07/2003,3
30/07/2003,4
31/07/2003,3
01/08/2003,4
02/08/2003,3
03/08/2003,2
04/08/2003,3
05/08/2003,2
06/08/2003,3
07/08/2003,3
08/08/2003,3
09/08/2003,4
10/08/2003,3
11/08/2003,3
12/08/2003,3
13/08/2003,3
14/08/2003,2
15/08/2003,2
16/08/2003,4
17/08/2003,3
18/08/2003,3
19/08/2003,4
20/08/2003,3
21/08/2003,3
22/08/2003,4
23/08/2003,2
24/08/2003,2
25/08/2003,2
26/08/2003,3
27/08/2003,3
28/08/2003,2
29/08/2003,2
30/08/2003,3
31/08/2003,2
01/09/2003,2
02/09/2003,2
03/09/2003,2
04/09/2003,3
05/09/2003,2
06/09/2003,2
07/09/2003,3
08/09/2003,4
09/09/2003,3
10/09/2003,2
11/09/2003,2
12/09/2003,2
13/09/2003,2
14/09/2003,1
15/09/2003,2
16/09/2003,2
17/09/2003,2
18/09/2003,0
19/09/2003,2
20/09/2003,1
21/09/2003,2
22/09/2003,2
23/09/2003,0
24/09/2003,3
25/09/2003,2
26/09/2003,3
27/09/2003,2
28/09/2003,2
29/09/2003,2
30/09/2003,1
01/10/2003,3
02/10/2003,2
03/10/2003,2
04/10/2003,3
05/10/2003,3
06/10/2003,2
07/10/2003,3
08/10/2003,1
09/10/2003,3
10/10/2003,2
11/10/2003,2
12/10/2003,2
13/10/2003,2
14/10/2003,2
15/10/2003,2
16/10/2003,2
17/10/2003,2
18/10/2003,1
19/10/2003,3
20/10/2003,3
21/10/2003,3
22/10/2003,3
23/10/2003,3
24/10/2003,3
25/10/2003,1
26/10/2003,2
27/10/2003,3
28/10/2003,1
29/10/2003,2
30/10/2003,2
31/10/2003,3
01/11/2003,2
02/11/2003,2
03/11/2003,1
04/11/2003,3
05/11/2003,2
06/11/2003,2
07/11/2003,2
08/11/2003,2
09/11/2003,2
10/11/2003,2
11/11/2003,1
12/11/2003,2
13/11/2003,2
14/11/2003,1
15/11/2003,2
16/11/2003,0
17/11/2003,2
18/11/2003,1
19/11/2003,2
20/11/2003,0
21/11/2003,0
22/11/2003,1
23/11/2003,2
24/11/2003,2
25/11/2003,1
26/11/2003,2
27/11/2003,3
28/11/2003,1
29/11/2003,2
30/11/2003,1
01/12/2003,2
02/12/2003,2
03/12/2003,3
04/12/2003,3
05/12/2003,2
06/12/2003,4
07/12/2003,3
08/12/2003,1
09/12/2003,1
10/12/2003,0
11/12/2003,3
12/12/2003,2
13/12/2003,2
14/12/2003,1
15/12/2003,3
16/12/2003,4
17/12/2003,1
18/12/2003,3
19/12/2003,3
20/12/2003,3
21/12/2003,3
22/12/2003,4
23/12/2003,4
24/12/2003,4
25/12/2003,5
26/12/2003,5
27/12/2003,6
28/12/2003,4
29/12/2003,5
30/12/2003,5
31/12/2003,4
01/01/2004,4
02/01/2004,4
03/01/2004,5
04/01/2004,4
05/01/2004,4
06/01/2004,4
07/01/2004,5
08/01/2004,4
09/01/2004,4
10/01/2004,5
11/01/2004,6
12/01/2004,6
13/01/2004,6
14/01/2004,5
15/01/2004,5
16/01/2004,5
17/01/2004,6
18/01/2004,4
19/01/2004,2
20/01/2004,4
21/01/2004,4
22/01/2004,6
23/01/2004,4
24/01/2004,2
25/01/2004,4
26/01/2004,4
27/01/2004,3
28/01/2004,4
29/01/2004,1
30/01/2004,3
31/01/2004,3
01/02/2004,3
02/02/2004,1
03/02/2004,2
04/02/2004,4
05/02/2004,4
06/02/2004,4
07/02/2004,5
08/02/2004,5
09/02/2004,4
10/02/2004,6
11/02/2004,5
12/02/2004,5
13/02/2004,6
14/02/2004,6
15/02/2004,6
16/02/2004,6
17/02/2004,6
18/02/2004,6
19/02/2004,6
20/02/2004,6
21/02/2004,5
22/02/2004,4
23/02/2004,5
24/02/2004,4
25/02/2004,4
26/02/2004,4
27/02/2004,4
28/02/2004,3
29/02/2004,5
01/03/2004,3
02/03/2004,4
03/03/2004,1
04/03/2004,3
05/03/2004,5
06/03/2004,4
07/03/2004,5
08/03/2004,3
09/03/2004,3
10/03/2004,3
11/03/2004,1
12/03/2004,2
13/03/2004,3
14/03/2004,3
15/03/2004,3
16/03/2004,2
17/03/2004,4
18/03/2004,3
19/03/2004,3
20/03/2004,4
21/03/2004,3
22/03/2004,3
23/03/2004,3
24/03/2004,2
25/03/2004,1
26/03/2004,2
27/03/2004,2
28/03/2004,3
29/03/2004,2
30/03/2004,2
31/03/2004,3
01/04/2004,2
02/04/2004,2
03/04/2004,2
04/04/2004,2
05/04/2004,2
06/04/2004,3
07/04/2004,2
08/04/2004,2
09/04/2004,2
10/04/2004,3
11/04/2004,2
12/04/2004,2
13/04/2004,3
14/04/2004,3
15/04/2004,2
16/04/2004,3
17/04/2004,3
18/04/2004,2
19/04/2004,2
20/04/2004,3
21/04/2004,3
22/04/2004,3
23/04/2004,2
24/04/2004,1
25/04/2004,2
26/04/2004,2
27/04/2004,2
28/04/2004,2
29/04/2004,2
30/04/2004,0
01/05/2004,1
02/05/2004,1
03/05/2004,1
04/05/2004,1
05/05/2004,1
06/05/2004,2
07/05/2004,0
08/05/2004,1
09/05/2004,3
10/05/2004,3
11/05/2004,2
12/05/2004,2
13/05/2004,1
14/05/2004,1
15/05/2004,2
16/05/2004,1
17/05/2004,1
18/05/2004,2
19/05/2004,2
20/05/2004,3
21/05/2004,2
22/05/2004,2
23/05/2004,2
24/05/2004,2
25/05/2004,1
26/05/2004,1
27/05/2004,2
28/05/2004,2
29/05/2004,2
30/05/2004,2
31/05/2004,2
01/06/2004,1
02/06/2004,1
03/06/2004,2
04/06/2004,2
05/06/2004,1
06/06/2004,3
07/06/2004,2
08/06/2004,2
09/06/2004,1
10/06/2004,2
11/06/2004,2
12/06/2004,3
13/06/2004,4
14/06/2004,4
15/06/2004,4
16/06/2004,4
17/06/2004,4
18/06/2004,3
19/06/2004,4
20/06/2004,3
21/06/2004,3
22/06/2004,2
23/06/2004,3
24/06/2004,3
25/06/2004,3
26/06/2004,3
27/06/2004,3
28/06/2004,2
29/06/2004,3
30/06/2004,3
01/07/2004,3
02/07/2004,2
03/07/2004,0
04/07/2004,2
05/07/2004,2
06/07/2004,1
07/07/2004,2
08/07/2004,1
09/07/2004,2
10/07/2004,2
11/07/2004,1
12/07/2004,1
13/07/2004,1
14/07/2004,1
15/07/2004,1
16/07/2004,2
17/07/2004,2
18/07/2004,3
19/07/2004,4
20/07/2004,5
21/07/2004,2
22/07/2004,3
23/07/2004,2
24/07/2004,3
25/07/2004,2
26/07/2004,2
27/07/2004,2
28/07/2004,1
29/07/2004,1
30/07/2004,1
31/07/2004,2
01/08/2004,3
02/08/2004,2
03/08/2004,4
04/08/2004,5
05/08/2004,4
06/08/2004,4
07/08/2004,4
08/08/2004,4
09/08/2004,4
10/08/2004,3
11/08/2004,4
12/08/2004,4
13/08/2004,3
14/08/2004,3
15/08/2004,2
16/08/2004,3
17/08/2004,4
18/08/2004,3
19/08/2004,4
20/08/2004,2
21/08/2004,3
22/08/2004,3
23/08/2004,2
24/08/2004,3
25/08/2004,2
26/08/2004,3
27/08/2004,4
28/08/2004,3
29/08/2004,5
30/08/2004,4
31/08/2004,4
01/09/2004,4
02/09/2004,4
03/09/2004,3
04/09/2004,2
05/09/2004,2
06/09/2004,2
07/09/2004,3
08/09/2004,4
09/09/2004,3
10/09/2004,2
11/09/2004,2
12/09/2004,1
13/09/2004,3
14/09/2004,2
15/09/2004,1
16/09/2004,1
17/09/2004,1
18/09/2004,2
19/09/2004,3
20/09/2004,2
21/09/2004,2
22/09/2004,1
23/09/2004,2
24/09/2004,2
25/09/2004,1
26/09/2004,1
27/09/2004,1
28/09/2004,1
29/09/2004,1
30/09/2004,2
01/10/2004,0
02/10/2004,1
03/10/2004,1
04/10/2004,2
05/10/2004,3
06/10/2004,3
07/10/2004,3
08/10/2004,2
09/10/2004,2
10/10/2004,2
11/10/2004,2
12/10/2004,2
13/10/2004,1
14/10/2004,3
15/10/2004,2
16/10/2004,1
17/10/2004,2
18/10/2004,1
19/10/2004,1
20/10/2004,2
21/10/2004,2
22/10/2004,1
23/10/2004,1
24/10/2004,1
25/10/2004,3
26/10/2004,2
27/10/2004,3
28/10/2004,1
29/10/2004,1
30/10/2004,1
31/10/2004,2
01/11/2004,1
02/11/2004,1
03/11/2004,2
04/11/2004,1
05/11/2004,2
06/11/2004,2
07/11/2004,2
08/11/2004,1
09/11/2004,2
10/11/2004,2
11/11/2004,2
12/11/2004,2
13/11/2004,2
14/11/2004,1
15/11/2004,1
16/11/2004,2
17/11/2004,4
18/11/2004,3
19/11/2004,4
20/11/2004,3
21/11/2004,3
22/11/2004,2
23/11/2004,2
24/11/2004,2
25/11/2004,2
26/11/2004,1
27/11/2004,4
28/11/2004,1
29/11/2004,2
30/11/2004,3
01/12/2004,3
02/12/2004,2
03/12/2004,2
04/12/2004,2
05/12/2004,4
06/12/2004,2
07/12/2004,2
08/12/2004,2
09/12/2004,2
10/12/2004,3
11/12/2004,4
12/12/2004,3
13/12/2004,5
14/12/2004,4
15/12/2004,4
16/12/2004,3
17/12/2004,5
18/12/2004,4
19/12/2004,4
20/12/2004,5
21/12/2004,5
22/12/2004,4
23/12/2004,5
24/12/2004,5
25/12/2004,4
26/12/2004,3
27/12/2004,3
28/12/2004,2
29/12/2004,3
30/12/2004,2
31/12/2004,3
01/01/2005,5
02/01/2005,4
03/01/2005,4
04/01/2005,3
05/01/2005,3
06/01/2005,4
07/01/2005,3
08/01/2005,3
09/01/2005,3
10/01/2005,2
11/01/2005,4
12/01/2005,4
13/01/2005,5
14/01/2005,5
15/01/2005,6
16/01/2005,6
17/01/2005,5
18/01/2005,5
19/01/2005,4
20/01/2005,4
21/01/2005,4
22/01/2005,5
23/01/2005,5
24/01/2005,5
25/01/2005,4
26/01/2005,4
27/01/2005,3
28/01/2005,4
29/01/2005,4
30/01/2005,3
31/01/2005,4
01/02/2005,5
02/02/2005,4
03/02/2005,6
04/02/2005,5
05/02/2005,5
06/02/2005,4
07/02/2005,5
08/02/2005,4
09/02/2005,5
10/02/2005,6
11/02/2005,7
12/02/2005,6
13/02/2005,5
14/02/2005,6
15/02/2005,5
16/02/2005,4
17/02/2005,4
18/02/2005,4
19/02/2005,4
20/02/2005,5
21/02/2005,5
22/02/2005,5
23/02/2005,5
24/02/2005,5
25/02/2005,4
26/02/2005,3
27/02/2005,2
28/02/2005,2
01/03/2005,5
02/03/2005,4
03/03/2005,3
04/03/2005,7
05/03/2005,7
06/03/2005,9
07/03/2005,7
08/03/2005,5
09/03/2005,5
10/03/2005,5
11/03/2005,3
12/03/2005,4
13/03/2005,5
14/03/2005,5
15/03/2005,6
16/03/2005,6
17/03/2005,7
18/03/2005,7
19/03/2005,5
20/03/2005,4
21/03/2005,5
22/03/2005,4
23/03/2005,2
24/03/2005,3
25/03/2005,6
26/03/2005,3
27/03/2005,2
28/03/2005,1
29/03/2005,2
30/03/2005,2
31/03/2005,0
01/04/2005,3
02/04/2005,1
03/04/2005,3
04/04/2005,1
05/04/2005,3
06/04/2005,3
07/04/2005,2
08/04/2005,2
09/04/2005,2
10/04/2005,3
11/04/2005,2
12/04/2005,3
13/04/2005,3
14/04/2005,3
15/04/2005,2
16/04/2005,3
17/04/2005,3
18/04/2005,2
19/04/2005,3
20/04/2005,3
21/04/2005,2
22/04/2005,2
23/04/2005,2
24/04/2005,2
25/04/2005,2
26/04/2005,3
27/04/2005,2
28/04/2005,2
29/04/2005,3
30/04/2005,2
01/05/2005,2
02/05/2005,2
03/05/2005,2
04/05/2005,3
05/05/2005,0
06/05/2005,1
07/05/2005,1
08/05/2005,2
09/05/2005,2
10/05/2005,3
11/05/2005,4
12/05/2005,1
13/05/2005,2
14/05/2005,2
15/05/2005,3
16/05/2005,0
17/05/2005,1
18/05/2005,3
19/05/2005,2
20/05/2005,2
21/05/2005,2
22/05/2005,2
23/05/2005,2
24/05/2005,2
25/05/2005,2
26/05/2005,1
27/05/2005,1
28/05/2005,2
29/05/2005,2
30/05/2005,2
31/05/2005,2
01/06/2005,2
02/06/2005,2
03/06/2005,2
04/06/2005,2
05/06/2005,2
06/06/2005,1
07/06/2005,3
08/06/2005,2
09/06/2005,4
10/06/2005,3
11/06/2005,1
12/06/2005,2
13/06/2005,1
14/06/2005,2
15/06/2005,2
16/06/2005,1
17/06/2005,2
18/06/2005,1
19/06/2005,1
20/06/2005,2
21/06/2005,0
22/06/2005,2
23/06/2005,3
24/06/2005,2
25/06/2005,3
26/06/2005,2
27/06/2005,2
28/06/2005,2
29/06/2005,2
30/06/2005,2
01/07/2005,2
02/07/2005,2
03/07/2005,2
04/07/2005,3
05/07/2005,3
06/07/2005,2
07/07/2005,2
08/07/2005,3
09/07/2005,2
10/07/2005,2
11/07/2005,1
12/07/2005,1
13/07/2005,2
14/07/2005,2
15/07/2005,2
16/07/2005,2
17/07/2005,2
18/07/2005,2
19/07/2005,1
20/07/2005,2
21/07/2005,2
22/07/2005,2
23/07/2005,2
24/07/2005,1
25/07/2005,3
26/07/2005,2
27/07/2005,2
28/07/2005,3
29/07/2005,3
30/07/2005,2
31/07/2005,2
01/08/2005,2
02/08/2005,1
03/08/2005,2
04/08/2005,1
05/08/2005,2
06/08/2005,3
07/08/2005,4
08/08/2005,2
09/08/2005,3
10/08/2005,2
11/08/2005,3
12/08/2005,3
13/08/2005,3
14/08/2005,2
15/08/2005,2
16/08/2005,2
17/08/2005,2
18/08/2005,2
19/08/2005,2
20/08/2005,1
21/08/2005,2
22/08/2005,2
23/08/2005,0
24/08/2005,1
25/08/2005,2
26/08/2005,2
27/08/2005,2
28/08/2005,3
29/08/2005,4
30/08/2005,2
31/08/2005,4
01/09/2005,3
02/09/2005,1
03/09/2005,3
04/09/2005,1
05/09/2005,3
06/09/2005,3
07/09/2005,4
08/09/2005,2
09/09/2005,3
10/09/2005,2
11/09/2005,2
12/09/2005,1
13/09/2005,2
14/09/2005,2
15/09/2005,2
16/09/2005,3
17/09/2005,3
18/09/2005,2
19/09/2005,2
20/09/2005,2
21/09/2005,2
22/09/2005,1
23/09/2005,2
24/09/2005,2
25/09/2005,3
26/09/2005,4
27/09/2005,2
28/09/2005,1
29/09/2005,2
30/09/2005,1
01/10/2005,2
02/10/2005,1
03/10/2005,2
04/10/2005,3
05/10/2005,1
06/10/2005,2
07/10/2005,2
08/10/2005,2
09/10/2005,2
10/10/2005,2
11/10/2005,3
12/10/2005,2
13/10/2005,1
14/10/2005,1
15/10/2005,1
16/10/2005,2
17/10/2005,0
18/10/2005,2
19/10/2005,2
20/10/2005,3
21/10/2005,3
22/10/2005,2
23/10/2005,2
24/10/2005,1
25/10/2005,1
26/10/2005,2
27/10/2005,1
28/10/2005,0
29/10/2005,1
30/10/2005,2
31/10/2005,2
01/11/2005,4
02/11/2005,2
03/11/2005,2
04/11/2005,0
05/11/2005,1
06/11/2005,1
07/11/2005,2
08/11/2005,2
09/11/2005,2
10/11/2005,2
11/11/2005,1
12/11/2005,1
13/11/2005,1
14/11/2005,1
15/11/2005,2
16/11/2005,2
17/11/2005,0
18/11/2005,1
19/11/2005,0
20/11/2005,3
21/11/2005,3
22/11/2005,2
23/11/2005,1
24/11/2005,2
25/11/2005,1
26/11/2005,2
27/11/2005,2
28/11/2005,2
29/11/2005,3
30/11/2005,2
01/12/2005,3
02/12/2005,4
03/12/2005,2
04/12/2005,2
05/12/2005,2
06/12/2005,2
07/12/2005,2
08/12/2005,2
09/12/2005,0
10/12/2005,2
11/12/2005,0
12/12/2005,2
13/12/2005,2
14/12/2005,3
15/12/2005,2
16/12/2005,2
17/12/2005,2
18/12/2005,2
19/12/2005,3
20/12/2005,1
21/12/2005,3
22/12/2005,1
23/12/2005,1
24/12/2005,3
25/12/2005,1
26/12/2005,2
27/12/2005,3
28/12/2005,3
29/12/2005,2
30/12/2005,2
31/12/2005,2
01/01/2006,1
02/01/2006,1
03/01/2006,2
04/01/2006,1
05/01/2006,3
06/01/2006,2
07/01/2006,2
08/01/2006,4
09/01/2006,4
10/01/2006,3
11/01/2006,3
12/01/2006,1
13/01/2006,4
14/01/2006,4
15/01/2006,3
16/01/2006,3
17/01/2006,2
18/01/2006,2
19/01/2006,2
20/01/2006,2
21/01/2006,3
22/01/2006,3
23/01/2006,4
24/01/2006,4
25/01/2006,3
26/01/2006,5
27/01/2006,4
28/01/2006,4
29/01/2006,4
30/01/2006,5
31/01/2006,4
01/02/2006,4
02/02/2006,5
03/02/2006,6
04/02/2006,5
05/02/2006,5
06/02/2006,4
07/02/2006,6
08/02/2006,5
09/02/2006,2
10/02/2006,2
11/02/2006,2
12/02/2006,4
13/02/2006,5
14/02/2006,5
15/02/2006,4
16/02/2006,4
17/02/2006,5
18/02/2006,3
19/02/2006,4
20/02/2006,5
21/02/2006,5
22/02/2006,4
23/02/2006,4
24/02/2006,5
25/02/2006,4
26/02/2006,2
27/02/2006,5
28/02/2006,4
01/03/2006,5
02/03/2006,6
03/03/2006,5
04/03/2006,6
05/03/2006,5
06/03/2006,4
07/03/2006,4
08/03/2006,6
09/03/2006,4
10/03/2006,4
11/03/2006,4
12/03/2006,4
13/03/2006,2
14/03/2006,3
15/03/2006,5
16/03/2006,4
17/03/2006,4
18/03/2006,4
19/03/2006,2
20/03/2006,4
21/03/2006,1
22/03/2006,2
23/03/2006,3
24/03/2006,2
25/03/2006,4
26/03/2006,3
27/03/2006,1
28/03/2006,2
29/03/2006,1
30/03/2006,2
31/03/2006,2
01/04/2006,1
02/04/2006,1
03/04/2006,2
04/04/2006,1
05/04/2006,2
06/04/2006,3
07/04/2006,1
08/04/2006,2
09/04/2006,1
10/04/2006,2
11/04/2006,1
12/04/2006,0
13/04/2006,1
14/04/2006,1
15/04/2006,2
16/04/2006,1
17/04/2006,2
18/04/2006,2
19/04/2006,1
20/04/2006,2
21/04/2006,2
22/04/2006,2
23/04/2006,1
24/04/2006,2
25/04/2006,2
26/04/2006,2
27/04/2006,1
28/04/2006,1
29/04/2006,1
30/04/2006,1
01/05/2006,1
02/05/2006,1
03/05/2006,1
04/05/2006,1
05/05/2006,1
06/05/2006,2
07/05/2006,2
08/05/2006,3
09/05/2006,3
10/05/2006,1
11/05/2006,1
12/05/2006,1
13/05/2006,1
14/05/2006,0
15/05/2006,2
16/05/2006,3
17/05/2006,2
18/05/2006,2
19/05/2006,2
20/05/2006,2
21/05/2006,1
22/05/2006,2
23/05/2006,1
24/05/2006,2
25/05/2006,2
26/05/2006,2
27/05/2006,1
28/05/2006,1
29/05/2006,2
30/05/2006,2
31/05/2006,2
01/06/2006,1
02/06/2006,2
03/06/2006,2
04/06/2006,2
05/06/2006,2
06/06/2006,1
07/06/2006,2
08/06/2006,1
09/06/2006,1
10/06/2006,2
11/06/2006,1
12/06/2006,2
13/06/2006,0
14/06/2006,1
15/06/2006,2
16/06/2006,2
17/06/2006,2
18/06/2006,1
19/06/2006,2
20/06/2006,2
21/06/2006,2
22/06/2006,1
23/06/2006,3
24/06/2006,2
25/06/2006,2
26/06/2006,3
27/06/2006,4
28/06/2006,3
29/06/2006,3
30/06/2006,4
01/07/2006,4
02/07/2006,4
03/07/2006,3
04/07/2006,4
05/07/2006,4
06/07/2006,2
07/07/2006,4
08/07/2006,4
09/07/2006,2
10/07/2006,2
11/07/2006,4
12/07/2006,3
13/07/2006,3
14/07/2006,3
15/07/2006,3
16/07/2006,4
17/07/2006,2
18/07/2006,2
19/07/2006,2
20/07/2006,2
21/07/2006,3
22/07/2006,2
23/07/2006,3
24/07/2006,2
25/07/2006,3
26/07/2006,3
27/07/2006,2
28/07/2006,1
29/07/2006,2
30/07/2006,2
31/07/2006,2
01/08/2006,3
02/08/2006,2
03/08/2006,4
04/08/2006,3
05/08/2006,3
06/08/2006,4
07/08/2006,4
08/08/2006,4
09/08/2006,3
10/08/2006,3
11/08/2006,2
12/08/2006,3
13/08/2006,3
14/08/2006,4
15/08/2006,3
16/08/2006,4
17/08/2006,3
18/08/2006,3
19/08/2006,2
20/08/2006,3
21/08/2006,3
22/08/2006,4
23/08/2006,4
24/08/2006,5
25/08/2006,4
26/08/2006,2
27/08/2006,3
28/08/2006,2
29/08/2006,2
30/08/2006,2
31/08/2006,1
01/09/2006,2
02/09/2006,2
03/09/2006,2
04/09/2006,2
05/09/2006,2
06/09/2006,1
07/09/2006,2
08/09/2006,2
09/09/2006,2
10/09/2006,1
11/09/2006,2
12/09/2006,2
13/09/2006,2
14/09/2006,2
15/09/2006,0
16/09/2006,1
17/09/2006,2
18/09/2006,2
19/09/2006,4
20/09/2006,3
21/09/2006,2
22/09/2006,2
23/09/2006,2
24/09/2006,2
25/09/2006,2
26/09/2006,2
27/09/2006,3
28/09/2006,3
29/09/2006,3
30/09/2006,2
01/10/2006,2
02/10/2006,2
03/10/2006,3
04/10/2006,4
05/10/2006,3
06/10/2006,2
07/10/2006,2
08/10/2006,2
09/10/2006,2
10/10/2006,2
11/10/2006,1
12/10/2006,2
13/10/2006,2
14/10/2006,3
15/10/2006,1
16/10/2006,2
17/10/2006,2
18/10/2006,2
19/10/2006,2
20/10/2006,2
21/10/2006,2
22/10/2006,1
23/10/2006,2
24/10/2006,2
25/10/2006,1
26/10/2006,1
27/10/2006,2
28/10/2006,0
29/10/2006,0
30/10/2006,0
31/10/2006,2
01/11/2006,2
02/11/2006,2
03/11/2006,1
04/11/2006,1
05/11/2006,2
06/11/2006,2
07/11/2006,2
08/11/2006,2
09/11/2006,2
10/11/2006,2
11/11/2006,1
12/11/2006,1
13/11/2006,1
14/11/2006,0
15/11/2006,0
16/11/2006,3
17/11/2006,2
18/11/2006,2
19/11/2006,2
20/11/2006,2
21/11/2006,2
22/11/2006,2
23/11/2006,3
24/11/2006,0
25/11/2006,2
26/11/2006,1
27/11/2006,2
28/11/2006,1
29/11/2006,2
30/11/2006,2
01/12/2006,2
02/12/2006,3
03/12/2006,1
04/12/2006,3
05/12/2006,2
06/12/2006,2
07/12/2006,2
08/12/2006,1
09/12/2006,2
10/12/2006,2
11/12/2006,2
12/12/2006,2
13/12/2006,2
14/12/2006,2
15/12/2006,2
16/12/2006,2
17/12/2006,4
18/12/2006,4
19/12/2006,3
20/12/2006,2
21/12/2006,7
22/12/2006,6
23/12/2006,4
24/12/2006,3
25/12/2006,2
26/12/2006,2
27/12/2006,3
28/12/2006,2
29/12/2006,3
30/12/2006,3
31/12/2006,2
01/01/2007,2
02/01/2007,2
03/01/2007,2
04/01/2007,1
05/01/2007,3
06/01/2007,2
07/01/2007,3
08/01/2007,1
09/01/2007,2
10/01/2007,4
11/01/2007,3
12/01/2007,2
13/01/2007,1
14/01/2007,2
15/01/2007,1
16/01/2007,3
17/01/2007,3
18/01/2007,2
19/01/2007,3
20/01/2007,4
21/01/2007,4
22/01/2007,4
23/01/2007,3
24/01/2007,4
25/01/2007,2
26/01/2007,4
27/01/2007,5
28/01/2007,7
29/01/2007,6
30/01/2007,6
31/01/2007,6
01/02/2007,6
02/02/2007,6
03/02/2007,5
04/02/2007,5
05/02/2007,6
06/02/2007,6
07/02/2007,6
08/02/2007,6
09/02/2007,5
10/02/2007,4
11/02/2007,3
12/02/2007,5
13/02/2007,5
14/02/2007,4
15/02/2007,4
16/02/2007,5
17/02/2007,3
18/02/2007,3
19/02/2007,1
20/02/2007,3
21/02/2007,3
22/02/2007,3
23/02/2007,3
24/02/2007,4
25/02/2007,3
26/02/2007,3
27/02/2007,3
28/02/2007,2
01/03/2007,1
02/03/2007,2
03/03/2007,3
04/03/2007,3
05/03/2007,3
06/03/2007,4
07/03/2007,4
08/03/2007,3
09/03/2007,4
10/03/2007,4
11/03/2007,4
12/03/2007,4
13/03/2007,2
14/03/2007,3
15/03/2007,2
16/03/2007,1
17/03/2007,1
18/03/2007,2
19/03/2007,1
20/03/2007,2
21/03/2007,2
22/03/2007,1
23/03/2007,1
24/03/2007,1
25/03/2007,1
26/03/2007,1
27/03/2007,2
28/03/2007,3
29/03/2007,2
30/03/2007,1
31/03/2007,2
01/04/2007,0
02/04/2007,2
03/04/2007,1
04/04/2007,6
05/04/2007,5
06/04/2007,3
07/04/2007,3
08/04/2007,4
09/04/2007,3
10/04/2007,3
11/04/2007,2
12/04/2007,2
13/04/2007,1
14/04/2007,2
15/04/2007,2
16/04/2007,2
17/04/2007,1
18/04/2007,2
19/04/2007,0
20/04/2007,2
21/04/2007,2
22/04/2007,1
23/04/2007,0
24/04/2007,0
25/04/2007,2
26/04/2007,0
27/04/2007,0
28/04/2007,0
29/04/2007,2
30/04/2007,2
01/05/2007,2
02/05/2007,1
03/05/2007,1
04/05/2007,2
05/05/2007,3
06/05/2007,2
07/05/2007,2
08/05/2007,2
09/05/2007,2
10/05/2007,2
11/05/2007,2
12/05/2007,2
13/05/2007,1
14/05/2007,2
15/05/2007,1
16/05/2007,1
17/05/2007,1
18/05/2007,1
19/05/2007,0
20/05/2007,2
21/05/2007,2
22/05/2007,2
23/05/2007,2
24/05/2007,2
25/05/2007,2
26/05/2007,2
27/05/2007,2
28/05/2007,2
29/05/2007,0
30/05/2007,1
31/05/2007,2
01/06/2007,1
02/06/2007,2
03/06/2007,1
04/06/2007,1
05/06/2007,2
06/06/2007,2
07/06/2007,1
08/06/2007,1
09/06/2007,2
10/06/2007,1
11/06/2007,2
12/06/2007,2
13/06/2007,2
14/06/2007,1
15/06/2007,2
16/06/2007,1
17/06/2007,3
18/06/2007,1
19/06/2007,3
20/06/2007,1
21/06/2007,2
22/06/2007,2
23/06/2007,2
24/06/2007,2
25/06/2007,3
26/06/2007,2
27/06/2007,2
28/06/2007,2
29/06/2007,2
30/06/2007,1
01/07/2007,1
02/07/2007,2
03/07/2007,2
04/07/2007,4
05/07/2007,2
06/07/2007,3
07/07/2007,2
08/07/2007,2
09/07/2007,3
10/07/2007,3
11/07/2007,2
12/07/2007,3
13/07/2007,3
14/07/2007,3
15/07/2007,2
16/07/2007,2
17/07/2007,2
18/07/2007,1
19/07/2007,1
20/07/2007,2
21/07/2007,1
22/07/2007,1
23/07/2007,2
24/07/2007,1
25/07/2007,0
26/07/2007,0
27/07/2007,1
28/07/2007,0
29/07/2007,0
30/07/2007,3
31/07/2007,2
01/08/2007,1
02/08/2007,2
03/08/2007,3
04/08/2007,4
05/08/2007,4
06/08/2007,4
07/08/2007,2
08/08/2007,3
09/08/2007,4
10/08/2007,4
11/08/2007,4
12/08/2007,4
13/08/2007,2
14/08/2007,2
15/08/2007,2
16/08/2007,2
17/08/2007,2
18/08/2007,0
19/08/2007,2
20/08/2007,3
21/08/2007,3
22/08/2007,2
23/08/2007,2
24/08/2007,2
25/08/2007,2
26/08/2007,1
27/08/2007,1
28/08/2007,2
29/08/2007,3
30/08/2007,3
31/08/2007,3
01/09/2007,4
02/09/2007,3
03/09/2007,3
04/09/2007,1
05/09/2007,2
06/09/2007,2
07/09/2007,1
08/09/2007,2
09/09/2007,2
10/09/2007,2
11/09/2007,2
12/09/2007,1
13/09/2007,3
14/09/2007,2
15/09/2007,2
16/09/2007,2
17/09/2007,3
18/09/2007,3
19/09/2007,2
20/09/2007,3
21/09/2007,3
22/09/2007,3
23/09/2007,2
24/09/2007,3
25/09/2007,3
26/09/2007,3
27/09/2007,1
28/09/2007,2
29/09/2007,2
30/09/2007,2
01/10/2007,2
02/10/2007,2
03/10/2007,4
04/10/2007,4
05/10/2007,3
06/10/2007,2
07/10/2007,0
08/10/2007,0
09/10/2007,2
10/10/2007,1
11/10/2007,1
12/10/2007,1
13/10/2007,1
14/10/2007,1
15/10/2007,0
16/10/2007,2
17/10/2007,1
18/10/2007,1
19/10/2007,1
20/10/2007,1
21/10/2007,2
22/10/2007,3
23/10/2007,2
24/10/2007,3
25/10/2007,2
26/10/2007,2
27/10/2007,1
28/10/2007,2
29/10/2007,1
30/10/2007,1
31/10/2007,2
01/11/2007,1
02/11/2007,1
03/11/2007,2
04/11/2007,3
05/11/2007,2
06/11/2007,2
07/11/2007,1
08/11/2007,3
09/11/2007,2
10/11/2007,1
11/11/2007,2
12/11/2007,1
13/11/2007,2
14/11/2007,1
15/11/2007,1
16/11/2007,1
17/11/2007,2
18/11/2007,2
19/11/2007,1
20/11/2007,2
21/11/2007,1
22/11/2007,1
23/11/2007,1
24/11/2007,3
25/11/2007,3
26/11/2007,1
27/11/2007,0
28/11/2007,1
29/11/2007,5
30/11/2007,5
01/12/2007,5
02/12/2007,4
03/12/2007,5
04/12/2007,3
05/12/2007,2
06/12/2007,0
07/12/2007,2
08/12/2007,3
09/12/2007,3
10/12/2007,1
11/12/2007,2
12/12/2007,1
13/12/2007,2
14/12/2007,2
15/12/2007,3
16/12/2007,3
17/12/2007,2
18/12/2007,1
19/12/2007,4
20/12/2007,2
21/12/2007,3
22/12/2007,2
23/12/2007,3
24/12/2007,2
25/12/2007,2
26/12/2007,2
27/12/2007,2
28/12/2007,2
29/12/2007,2
30/12/2007,2
31/12/2007,5
01/01/2008,4
02/01/2008,4
03/01/2008,4
04/01/2008,3
05/01/2008,4
06/01/2008,3
07/01/2008,3
08/01/2008,2
09/01/2008,2
10/01/2008,4
11/01/2008,3
12/01/2008,2
13/01/2008,3
14/01/2008,4
15/01/2008,3
16/01/2008,2
17/01/2008,2
18/01/2008,2
19/01/2008,4
20/01/2008,4
21/01/2008,4
22/01/2008,5
23/01/2008,4
24/01/2008,5
25/01/2008,5
26/01/2008,4
27/01/2008,5
28/01/2008,4
29/01/2008,4
30/01/2008,5
31/01/2008,6
01/02/2008,2
02/02/2008,1
03/02/2008,2
04/02/2008,3
05/02/2008,5
06/02/2008,6
07/02/2008,4
08/02/2008,4
09/02/2008,5
10/02/2008,5
11/02/2008,4
12/02/2008,5
13/02/2008,5
14/02/2008,5
15/02/2008,4
16/02/2008,5
17/02/2008,5
18/02/2008,5
19/02/2008,4
20/02/2008,5
21/02/2008,5
22/02/2008,4
23/02/2008,3
24/02/2008,4
25/02/2008,4
26/02/2008,3
27/02/2008,4
28/02/2008,2
29/02/2008,2
01/03/2008,3
02/03/2008,5
03/03/2008,2
04/03/2008,2
05/03/2008,3
06/03/2008,1
07/03/2008,4
08/03/2008,5
09/03/2008,3
10/03/2008,3
11/03/2008,4
12/03/2008,2
13/03/2008,1
14/03/2008,4
15/03/2008,4
16/03/2008,3
17/03/2008,4
18/03/2008,3
19/03/2008,2
20/03/2008,1
21/03/2008,3
22/03/2008,3
23/03/2008,2
24/03/2008,3
25/03/2008,3
26/03/2008,2
27/03/2008,5
28/03/2008,4
29/03/2008,5
30/03/2008,2
31/03/2008,2
01/04/2008,2
02/04/2008,2
03/04/2008,3
04/04/2008,1
05/04/2008,2
06/04/2008,2
07/04/2008,2
08/04/2008,2
09/04/2008,2
10/04/2008,2
11/04/2008,1
12/04/2008,1
13/04/2008,0
14/04/2008,2
15/04/2008,2
16/04/2008,1
17/04/2008,2
18/04/2008,1
19/04/2008,2
20/04/2008,2
21/04/2008,2
22/04/2008,2
23/04/2008,4
24/04/2008,2
25/04/2008,0
26/04/2008,2
27/04/2008,3
28/04/2008,3
29/04/2008,2
30/04/2008,2
01/05/2008,2
02/05/2008,2
03/05/2008,2
04/05/2008,2
05/05/2008,2
06/05/2008,2
07/05/2008,2
08/05/2008,2
09/05/2008,2
10/05/2008,2
11/05/2008,2
12/05/2008,3
13/05/2008,3
14/05/2008,1
15/05/2008,2
16/05/2008,3
17/05/2008,4
18/05/2008,4
19/05/2008,4
20/05/2008,3
21/05/2008,3
22/05/2008,3
23/05/2008,2
24/05/2008,2
25/05/2008,3
26/05/2008,2
27/05/2008,3
28/05/2008,3
29/05/2008,3
30/05/2008,3
31/05/2008,1
01/06/2008,2
02/06/2008,2
03/06/2008,2
04/06/2008,1
05/06/2008,1
06/06/2008,0
07/06/2008,2
08/06/2008,1
09/06/2008,2
10/06/2008,3
11/06/2008,0
12/06/2008,3
13/06/2008,2
14/06/2008,3
15/06/2008,3
16/06/2008,2
17/06/2008,3
18/06/2008,2
19/06/2008,2
20/06/2008,2
21/06/2008,4
22/06/2008,1
23/06/2008,3
24/06/2008,3
25/06/2008,3
26/06/2008,3
27/06/2008,2
28/06/2008,3
29/06/2008,3
30/06/2008,2
01/07/2008,2
02/07/2008,4
03/07/2008,3
04/07/2008,2
05/07/2008,4
06/07/2008,3
07/07/2008,3
08/07/2008,2
09/07/2008,2
10/07/2008,2
11/07/2008,2
12/07/2008,2
13/07/2008,3
14/07/2008,2
15/07/2008,3
16/07/2008,4
17/07/2008,3
18/07/2008,3
19/07/2008,2
20/07/2008,2
21/07/2008,0
22/07/2008,2
23/07/2008,2
24/07/2008,3
25/07/2008,2
26/07/2008,2
27/07/2008,2
28/07/2008,2
29/07/2008,3
30/07/2008,4
31/07/2008,4
01/08/2008,4
02/08/2008,3
03/08/2008,4
04/08/2008,5
05/08/2008,3
06/08/2008,4
07/08/2008,3
08/08/2008,4
09/08/2008,1
10/08/2008,2
11/08/2008,3
12/08/2008,2
13/08/2008,2
14/08/2008,3
15/08/2008,3
16/08/2008,3
17/08/2008,3
18/08/2008,2
19/08/2008,2
20/08/2008,2
21/08/2008,3
22/08/2008,1
23/08/2008,0
24/08/2008,2
25/08/2008,2
26/08/2008,2
27/08/2008,1
28/08/2008,3
29/08/2008,0
30/08/2008,2
31/08/2008,2
01/09/2008,2
02/09/2008,2
03/09/2008,2
04/09/2008,1
05/09/2008,2
06/09/2008,3
07/09/2008,2
08/09/2008,2
09/09/2008,2
10/09/2008,3
11/09/2008,2
12/09/2008,3
13/09/2008,2
14/09/2008,2
15/09/2008,3
16/09/2008,3
17/09/2008,3
18/09/2008,4
19/09/2008,4
20/09/2008,2
21/09/2008,2
22/09/2008,1
23/09/2008,2
24/09/2008,2
25/09/2008,1
26/09/2008,2
27/09/2008,3
28/09/2008,3
29/09/2008,2
30/09/2008,2
01/10/2008,2
02/10/2008,2
03/10/2008,1
04/10/2008,1
05/10/2008,1
06/10/2008,2
07/10/2008,1
08/10/2008,1
09/10/2008,2
10/10/2008,2
11/10/2008,1
12/10/2008,2
13/10/2008,0
14/10/2008,1
15/10/2008,2
16/10/2008,1
17/10/2008,1
18/10/2008,1
19/10/2008,1
20/10/2008,1
21/10/2008,2
22/10/2008,3
23/10/2008,2
24/10/2008,2
25/10/2008,2
26/10/2008,2
27/10/2008,1
28/10/2008,1
29/10/2008,2
30/10/2008,2
31/10/2008,3
01/11/2008,1
02/11/2008,2
03/11/2008,1
04/11/2008,2
05/11/2008,2
06/11/2008,2
07/11/2008,2
08/11/2008,2
09/11/2008,1
10/11/2008,1
11/11/2008,1
12/11/2008,2
13/11/2008,0
14/11/2008,2
15/11/2008,1
16/11/2008,2
17/11/2008,1
18/11/2008,2
19/11/2008,2
20/11/2008,2
21/11/2008,1
22/11/2008,2
23/11/2008,2
24/11/2008,2
25/11/2008,2
26/11/2008,2
27/11/2008,0
28/11/2008,2
29/11/2008,1
30/11/2008,1
01/12/2008,2
02/12/2008,3
03/12/2008,2
04/12/2008,2
05/12/2008,2
06/12/2008,2
07/12/2008,2
08/12/2008,4
09/12/2008,3
10/12/2008,3
11/12/2008,3
12/12/2008,3
13/12/2008,3
14/12/2008,3
15/12/2008,3
16/12/2008,2
17/12/2008,4
18/12/2008,5
19/12/2008,5
20/12/2008,5
21/12/2008,5
22/12/2008,5
23/12/2008,4
24/12/2008,2
25/12/2008,2
26/12/2008,2
27/12/2008,2
28/12/2008,2
29/12/2008,3
30/12/2008,2
31/12/2008,2
01/01/2009,2
02/01/2009,2
03/01/2009,3
04/01/2009,3
05/01/2009,3
06/01/2009,3
07/01/2009,4
08/01/2009,5
09/01/2009,5
10/01/2009,5
11/01/2009,4
12/01/2009,6
13/01/2009,7
14/01/2009,6
15/01/2009,6
16/01/2009,5
17/01/2009,5
18/01/2009,4
19/01/2009,6
20/01/2009,6
21/01/2009,5
22/01/2009,5
23/01/2009,5
24/01/2009,5
25/01/2009,5
26/01/2009,5
27/01/2009,4
28/01/2009,5
29/01/2009,4
30/01/2009,4
31/01/2009,5
01/02/2009,5
02/02/2009,4
03/02/2009,4
04/02/2009,3
05/02/2009,4
06/02/2009,5
07/02/2009,5
08/02/2009,5
09/02/2009,6
10/02/2009,5
11/02/2009,3
12/02/2009,2
13/02/2009,2
14/02/2009,1
15/02/2009,3
16/02/2009,4
17/02/2009,5
18/02/2009,5
19/02/2009,6
20/02/2009,3
21/02/2009,4
22/02/2009,2
23/02/2009,2
24/02/2009,2
25/02/2009,2
26/02/2009,2
27/02/2009,2
28/02/2009,2
01/03/2009,2
02/03/2009,5
03/03/2009,1
04/03/2009,3
05/03/2009,2
06/03/2009,1
07/03/2009,0
08/03/2009,3
09/03/2009,2
10/03/2009,2
11/03/2009,2
12/03/2009,2
13/03/2009,1
14/03/2009,2
15/03/2009,1
16/03/2009,1
17/03/2009,3
18/03/2009,3
19/03/2009,1
20/03/2009,3
21/03/2009,2
22/03/2009,1
23/03/2009,3
24/03/2009,2
25/03/2009,2
26/03/2009,2
27/03/2009,2
28/03/2009,2
29/03/2009,2
30/03/2009,3
31/03/2009,2
01/04/2009,4
02/04/2009,3
03/04/2009,3
04/04/2009,3
05/04/2009,1
06/04/2009,1
07/04/2009,2
08/04/2009,3
09/04/2009,2
10/04/2009,2
11/04/2009,2
12/04/2009,2
13/04/2009,1
14/04/2009,2
15/04/2009,2
16/04/2009,2
17/04/2009,2
18/04/2009,2
19/04/2009,3
20/04/2009,2
21/04/2009,2
22/04/2009,3
23/04/2009,3
24/04/2009,2
25/04/2009,3
26/04/2009,2
27/04/2009,2
28/04/2009,2
29/04/2009,2
30/04/2009,1
01/05/2009,1
02/05/2009,3
03/05/2009,3
04/05/2009,2
05/05/2009,3
06/05/2009,2
07/05/2009,2
08/05/2009,1
09/05/2009,1
10/05/2009,2
11/05/2009,2
12/05/2009,2
13/05/2009,3
14/05/2009,1
15/05/2009,2
16/05/2009,1
17/05/2009,2
18/05/2009,1
19/05/2009,1
20/05/2009,1
21/05/2009,2
22/05/2009,2
23/05/2009,2
24/05/2009,2
25/05/2009,3
26/05/2009,2
27/05/2009,2
28/05/2009,2
29/05/2009,3
30/05/2009,2
31/05/2009,3
01/06/2009,2
02/06/2009,2
03/06/2009,4
04/06/2009,3
05/06/2009,2
06/06/2009,3
07/06/2009,1
08/06/2009,2
09/06/2009,2
10/06/2009,3
11/06/2009,2
12/06/2009,3
13/06/2009,0
14/06/2009,2
15/06/2009,2
16/06/2009,3
17/06/2009,3
18/06/2009,3
19/06/2009,3
20/06/2009,2
21/06/2009,2
22/06/2009,2
23/06/2009,2
24/06/2009,2
25/06/2009,2
26/06/2009,2
27/06/2009,2
28/06/2009,2
29/06/2009,2
30/06/2009,2
01/07/2009,2
02/07/2009,2
03/07/2009,3
04/07/2009,4
05/07/2009,2
06/07/2009,2
07/07/2009,2
08/07/2009,1
09/07/2009,1
10/07/2009,2
11/07/2009,2
12/07/2009,2
13/07/2009,3
14/07/2009,2
15/07/2009,3
16/07/2009,3
17/07/2009,3
18/07/2009,2
19/07/2009,2
20/07/2009,3
21/07/2009,3
22/07/2009,1
23/07/2009,2
24/07/2009,3
25/07/2009,2
26/07/2009,2
27/07/2009,3
28/07/2009,2
29/07/2009,3
30/07/2009,4
31/07/2009,3
01/08/2009,3
02/08/2009,4
03/08/2009,4
04/08/2009,3
05/08/2009,3
06/08/2009,3
07/08/2009,3
08/08/2009,2
09/08/2009,3
10/08/2009,1
11/08/2009,2
12/08/2009,2
13/08/2009,3
14/08/2009,2
15/08/2009,2
16/08/2009,2
17/08/2009,1
18/08/2009,2
19/08/2009,2
20/08/2009,3
21/08/2009,2
22/08/2009,3
23/08/2009,1
24/08/2009,3
25/08/2009,2
26/08/2009,2
27/08/2009,3
28/08/2009,2
29/08/2009,3
30/08/2009,2
31/08/2009,2
01/09/2009,3
02/09/2009,2
03/09/2009,2
04/09/2009,3
05/09/2009,3
06/09/2009,2
07/09/2009,3
08/09/2009,2
09/09/2009,2
10/09/2009,2
11/09/2009,2
12/09/2009,3
13/09/2009,3
14/09/2009,2
15/09/2009,2
16/09/2009,2
17/09/2009,2
18/09/2009,1
19/09/2009,0
20/09/2009,2
21/09/2009,2
22/09/2009,1
23/09/2009,1
24/09/2009,2
25/09/2009,2
26/09/2009,3
27/09/2009,3
28/09/2009,4
29/09/2009,2
30/09/2009,2
01/10/2009,1
02/10/2009,2
03/10/2009,2
04/10/2009,2
05/10/2009,2
06/10/2009,1
07/10/2009,2
08/10/2009,2
09/10/2009,2
10/10/2009,3
11/10/2009,2
12/10/2009,1
13/10/2009,2
14/10/2009,1
15/10/2009,1
16/10/2009,2
17/10/2009,2
18/10/2009,1
19/10/2009,2
20/10/2009,2
21/10/2009,1
22/10/2009,2
23/10/2009,1
24/10/2009,2
25/10/2009,2
26/10/2009,0
27/10/2009,1
28/10/2009,1
29/10/2009,2
30/10/2009,1
31/10/2009,2
01/11/2009,1
02/11/2009,2
03/11/2009,3
04/11/2009,4
05/11/2009,0
06/11/2009,1
07/11/2009,2
08/11/2009,2
09/11/2009,1
10/11/2009,0
11/11/2009,1
12/11/2009,2
13/11/2009,1
14/11/2009,2
15/11/2009,2
16/11/2009,2
17/11/2009,2
18/11/2009,2
19/11/2009,2
20/11/2009,2
21/11/2009,3
22/11/2009,4
23/11/2009,2
24/11/2009,3
25/11/2009,3
26/11/2009,3
27/11/2009,3
28/11/2009,2
29/11/2009,3
30/11/2009,2
01/12/2009,2
02/12/2009,1
03/12/2009,2
04/12/2009,2
05/12/2009,2
06/12/2009,2
07/12/2009,3
08/12/2009,4
09/12/2009,4
10/12/2009,5
11/12/2009,5
12/12/2009,5
13/12/2009,3
14/12/2009,3
15/12/2009,2
16/12/2009,2
17/12/2009,2
18/12/2009,2
19/12/2009,1
20/12/2009,5
21/12/2009,6
22/12/2009,5
23/12/2009,4
24/12/2009,3
25/12/2009,3
26/12/2009,2
27/12/2009,3
28/12/2009,2
29/12/2009,2
30/12/2009,3
31/12/2009,3
01/01/2010,2
02/01/2010,2
03/01/2010,3
04/01/2010,2
05/01/2010,3
06/01/2010,3
07/01/2010,2
08/01/2010,4
09/01/2010,4
10/01/2010,3
11/01/2010,4
12/01/2010,4
13/01/2010,3
14/01/2010,6
15/01/2010,5
16/01/2010,4
17/01/2010,4
18/01/2010,4
19/01/2010,2
20/01/2010,4
21/01/2010,3
22/01/2010,2
23/01/2010,5
24/01/2010,6
25/01/2010,4
26/01/2010,4
27/01/2010,6
28/01/2010,4
29/01/2010,5
30/01/2010,5
31/01/2010,4
01/02/2010,5
02/02/2010,4
03/02/2010,4
04/02/2010,5
05/02/2010,4
06/02/2010,5
07/02/2010,6
08/02/2010,5
09/02/2010,5
10/02/2010,5
11/02/2010,5
12/02/2010,5
13/02/2010,6
14/02/2010,4
15/02/2010,5
16/02/2010,6
17/02/2010,6
18/02/2010,5
19/02/2010,4
20/02/2010,4
21/02/2010,4
22/02/2010,5
23/02/2010,5
24/02/2010,4
25/02/2010,4
26/02/2010,4
27/02/2010,3
28/02/2010,5
01/03/2010,4
02/03/2010,5
03/03/2010,4
04/03/2010,5
05/03/2010,4
06/03/2010,5
07/03/2010,5
08/03/2010,4
09/03/2010,4
10/03/2010,3
11/03/2010,3
12/03/2010,4
13/03/2010,2
14/03/2010,3
15/03/2010,4
16/03/2010,2
17/03/2010,5
18/03/2010,4
19/03/2010,2
20/03/2010,2
21/03/2010,3
22/03/2010,4
23/03/2010,2
24/03/2010,4
25/03/2010,2
26/03/2010,2
27/03/2010,5
28/03/2010,4
29/03/2010,3
30/03/2010,3
31/03/2010,2
01/04/2010,2
02/04/2010,2
03/04/2010,2
04/04/2010,0
05/04/2010,3
06/04/2010,3
07/04/2010,2
08/04/2010,3
09/04/2010,4
10/04/2010,2
11/04/2010,2
12/04/2010,3
13/04/2010,3
14/04/2010,4
15/04/2010,3
16/04/2010,2
17/04/2010,3
18/04/2010,2
19/04/2010,2
20/04/2010,3
21/04/2010,2
22/04/2010,2
23/04/2010,2
24/04/2010,1
25/04/2010,3
26/04/2010,1
27/04/2010,2
28/04/2010,1
29/04/2010,2
30/04/2010,3
01/05/2010,3
02/05/2010,3
03/05/2010,2
04/05/2010,2
05/05/2010,3
06/05/2010,2
07/05/2010,2
08/05/2010,2
09/05/2010,1
10/05/2010,1
11/05/2010,0
12/05/2010,1
13/05/2010,1
14/05/2010,1
15/05/2010,0
16/05/2010,3
17/05/2010,1
18/05/2010,3
19/05/2010,0
20/05/2010,2
21/05/2010,1
22/05/2010,2
23/05/2010,3
24/05/2010,2
25/05/2010,2
26/05/2010,2
27/05/2010,2
28/05/2010,2
29/05/2010,2
30/05/2010,2
31/05/2010,1
01/06/2010,1
02/06/2010,2
03/06/2010,2
04/06/2010,2
05/06/2010,2
06/06/2010,2
07/06/2010,2
08/06/2010,1
09/06/2010,0
10/06/2010,2
11/06/2010,1
12/06/2010,2
13/06/2010,1
14/06/2010,2
15/06/2010,2
16/06/2010,2
17/06/2010,3
18/06/2010,2
19/06/2010,2
20/06/2010,2
21/06/2010,3
22/06/2010,2
23/06/2010,2
24/06/2010,2
25/06/2010,2
26/06/2010,2
27/06/2010,2
28/06/2010,2
29/06/2010,2
30/06/2010,1
01/07/2010,2
02/07/2010,1
03/07/2010,2
04/07/2010,2
05/07/2010,2
06/07/2010,2
07/07/2010,3
08/07/2010,1
09/07/2010,2
10/07/2010,1
11/07/2010,2
12/07/2010,1
13/07/2010,2
14/07/2010,3
15/07/2010,2
16/07/2010,2
17/07/2010,2
18/07/2010,1
19/07/2010,2
20/07/2010,2
21/07/2010,1
22/07/2010,2
23/07/2010,2
24/07/2010,2
25/07/2010,3
26/07/2010,2
27/07/2010,3
28/07/2010,2
29/07/2010,3
30/07/2010,2
31/07/2010,3
01/08/2010,5
02/08/2010,2
03/08/2010,2
04/08/2010,2
05/08/2010,2
06/08/2010,3
07/08/2010,2
08/08/2010,2
09/08/2010,3
10/08/2010,2
11/08/2010,3
12/08/2010,3
13/08/2010,2
14/08/2010,1
15/08/2010,2
16/08/2010,2
17/08/2010,2
18/08/2010,2
19/08/2010,3
20/08/2010,2
21/08/2010,2
22/08/2010,2
23/08/2010,2
24/08/2010,3
25/08/2010,2
26/08/2010,2
27/08/2010,3
28/08/2010,2
29/08/2010,1
30/08/2010,2
31/08/2010,2
01/09/2010,2
02/09/2010,3
03/09/2010,2
04/09/2010,2
05/09/2010,2
06/09/2010,2
07/09/2010,2
08/09/2010,2
09/09/2010,2
10/09/2010,1
11/09/2010,1
12/09/2010,2
13/09/2010,2
14/09/2010,2
15/09/2010,2
16/09/2010,2
17/09/2010,1
18/09/2010,1
19/09/2010,1
20/09/2010,2
21/09/2010,1
22/09/2010,1
23/09/2010,1
24/09/2010,1
25/09/2010,2
26/09/2010,1
27/09/2010,1
28/09/2010,1
29/09/2010,1
30/09/2010,1
01/10/2010,2
02/10/2010,3
03/10/2010,2
04/10/2010,2
05/10/2010,1
06/10/2010,2
07/10/2010,2
08/10/2010,1
09/10/2010,1
10/10/2010,2
11/10/2010,2
12/10/2010,2
13/10/2010,1
14/10/2010,2
15/10/2010,2
16/10/2010,2
17/10/2010,2
18/10/2010,2
19/10/2010,1
20/10/2010,0
21/10/2010,1
22/10/2010,0
23/10/2010,2
24/10/2010,2
25/10/2010,2
26/10/2010,3
27/10/2010,1
28/10/2010,2
29/10/2010,2
30/10/2010,2
31/10/2010,4
01/11/2010,3
02/11/2010,3
03/11/2010,3
04/11/2010,2
05/11/2010,1
06/11/2010,3
07/11/2010,2
08/11/2010,2
09/11/2010,1
10/11/2010,2
11/11/2010,1
12/11/2010,3
13/11/2010,2
14/11/2010,1
15/11/2010,2
16/11/2010,2
17/11/2010,1
18/11/2010,0
19/11/2010,1
20/11/2010,1
21/11/2010,2
22/11/2010,2
23/11/2010,2
24/11/2010,1
25/11/2010,2
26/11/2010,3
27/11/2010,2
28/11/2010,2
29/11/2010,1
30/11/2010,2
01/12/2010,1
02/12/2010,3
03/12/2010,2
04/12/2010,3
05/12/2010,2
06/12/2010,1
07/12/2010,3
08/12/2010,2
09/12/2010,2
10/12/2010,1
11/12/2010,2
12/12/2010,2
13/12/2010,2
14/12/2010,2
15/12/2010,2
16/12/2010,2
17/12/2010,3
18/12/2010,3
19/12/2010,2
20/12/2010,2
21/12/2010,2
22/12/2010,2
23/12/2010,2
24/12/2010,3
25/12/2010,2
26/12/2010,4
27/12/2010,2
28/12/2010,2
29/12/2010,1
30/12/2010,2
31/12/2010,3
01/01/2011,6
02/01/2011,5
03/01/2011,2
04/01/2011,3
05/01/2011,3
06/01/2011,2
07/01/2011,2
08/01/2011,4
09/01/2011,4
10/01/2011,2
11/01/2011,1
12/01/2011,2
13/01/2011,3
14/01/2011,2
15/01/2011,5
16/01/2011,5
17/01/2011,3
18/01/2011,5
19/01/2011,5
20/01/2011,5
21/01/2011,5
22/01/2011,5
23/01/2011,5
24/01/2011,5
25/01/2011,5
26/01/2011,5
27/01/2011,6
28/01/2011,6
29/01/2011,4
30/01/2011,2
31/01/2011,2
01/02/2011,3
02/02/2011,5
03/02/2011,4
04/02/2011,5
05/02/2011,5
06/02/2011,4
07/02/2011,4
08/02/2011,4
09/02/2011,3
10/02/2011,4
11/02/2011,5
12/02/2011,4
13/02/2011,6
14/02/2011,4
15/02/2011,4
16/02/2011,4
17/02/2011,4
18/02/2011,4
19/02/2011,2
20/02/2011,2
21/02/2011,3
22/02/2011,4
23/02/2011,6
24/02/2011,4
25/02/2011,5
26/02/2011,6
27/02/2011,5
28/02/2011,3
01/03/2011,3
02/03/2011,4
03/03/2011,5
04/03/2011,3
05/03/2011,4
06/03/2011,2
07/03/2011,2
08/03/2011,2
09/03/2011,3
10/03/2011,1
11/03/2011,1
12/03/2011,4
13/03/2011,3
14/03/2011,2
15/03/2011,0
16/03/2011,3
17/03/2011,0
18/03/2011,3
19/03/2011,2
20/03/2011,0
21/03/2011,3
22/03/2011,1
23/03/2011,2
24/03/2011,1
25/03/2011,2
26/03/2011,2
27/03/2011,3
28/03/2011,3
29/03/2011,2
30/03/2011,3
31/03/2011,2
01/04/2011,3
02/04/2011,3
03/04/2011,4
04/04/2011,4
05/04/2011,4
06/04/2011,4
07/04/2011,4
08/04/2011,4
09/04/2011,3
10/04/2011,3
11/04/2011,2
12/04/2011,4
13/04/2011,4
14/04/2011,3
15/04/2011,4
16/04/2011,0
17/04/2011,2
18/04/2011,1
19/04/2011,2
20/04/2011,1
21/04/2011,1
22/04/2011,4
23/04/2011,2
24/04/2011,4
25/04/2011,4
26/04/2011,2
27/04/2011,3
28/04/2011,3
29/04/2011,1
30/04/2011,1
01/05/2011,1
02/05/2011,0
03/05/2011,1
04/05/2011,2
05/05/2011,2
06/05/2011,2
07/05/2011,2
08/05/2011,1
09/05/2011,2
10/05/2011,0
11/05/2011,2
12/05/2011,0
13/05/2011,0
14/05/2011,2
15/05/2011,2
16/05/2011,2
17/05/2011,1
18/05/2011,1
19/05/2011,1
20/05/2011,0
21/05/2011,2
22/05/2011,2
23/05/2011,2
24/05/2011,2
25/05/2011,2
26/05/2011,1
27/05/2011,1
28/05/2011,2
29/05/2011,1
30/05/2011,2
31/05/2011,2
01/06/2011,0
02/06/2011,1
03/06/2011,0
04/06/2011,1
05/06/2011,0
06/06/2011,0
07/06/2011,2
08/06/2011,2
09/06/2011,1
10/06/2011,2
11/06/2011,1
12/06/2011,1
13/06/2011,1
14/06/2011,2
15/06/2011,3
16/06/2011,2
17/06/2011,3
18/06/2011,2
19/06/2011,2
20/06/2011,3
21/06/2011,3
22/06/2011,2
23/06/2011,2
24/06/2011,2
25/06/2011,3
26/06/2011,4
27/06/2011,2
28/06/2011,3
29/06/2011,2
30/06/2011,2
01/07/2011,3
02/07/2011,2
03/07/2011,2
04/07/2011,3
05/07/2011,4
06/07/2011,3
07/07/2011,3
08/07/2011,4
09/07/2011,2
10/07/2011,2
11/07/2011,4
12/07/2011,3
13/07/2011,3
14/07/2011,2
15/07/2011,3
16/07/2011,3
17/07/2011,2
18/07/2011,3
19/07/2011,2
20/07/2011,3
21/07/2011,3
22/07/2011,2
23/07/2011,2
24/07/2011,3
25/07/2011,2
26/07/2011,2
27/07/2011,3
28/07/2011,4
29/07/2011,5
30/07/2011,5
31/07/2011,5
01/08/2011,4
02/08/2011,3
03/08/2011,3
04/08/2011,1
05/08/2011,2
06/08/2011,2
07/08/2011,2
08/08/2011,2
09/08/2011,4
10/08/2011,2
11/08/2011,2
12/08/2011,2
13/08/2011,2
14/08/2011,2
15/08/2011,0
16/08/2011,2
17/08/2011,2
18/08/2011,2
19/08/2011,3
20/08/2011,2
21/08/2011,3
22/08/2011,3
23/08/2011,2
24/08/2011,4
25/08/2011,4
26/08/2011,1
27/08/2011,2
28/08/2011,2
29/08/2011,1
30/08/2011,1
31/08/2011,2
01/09/2011,3
02/09/2011,2
03/09/2011,1
04/09/2011,4
05/09/2011,2
06/09/2011,4
07/09/2011,2
08/09/2011,3
09/09/2011,4
10/09/2011,2
11/09/2011,2
12/09/2011,3
13/09/2011,3
14/09/2011,2
15/09/2011,2
16/09/2011,2
17/09/2011,0
18/09/2011,2
19/09/2011,2
20/09/2011,1
21/09/2011,2
22/09/2011,1
23/09/2011,2
24/09/2011,2
25/09/2011,3
26/09/2011,3
27/09/2011,2
28/09/2011,2
29/09/2011,3
30/09/2011,0
01/10/2011,2
02/10/2011,1
03/10/2011,2
04/10/2011,1
05/10/2011,2
06/10/2011,2
07/10/2011,1
08/10/2011,1
09/10/2011,2
10/10/2011,1
11/10/2011,1
12/10/2011,0
13/10/2011,2
14/10/2011,3
15/10/2011,3
16/10/2011,2
17/10/2011,1
18/10/2011,1
19/10/2011,1
20/10/2011,1
21/10/2011,0
22/10/2011,1
23/10/2011,2
24/10/2011,3
25/10/2011,0
26/10/2011,2
27/10/2011,0
28/10/2011,2
29/10/2011,3
30/10/2011,2
31/10/2011,0
01/11/2011,2
02/11/2011,1
03/11/2011,1
04/11/2011,1
05/11/2011,2
06/11/2011,0
07/11/2011,3
08/11/2011,1
09/11/2011,2
10/11/2011,2
11/11/2011,3
12/11/2011,2
13/11/2011,2
14/11/2011,1
15/11/2011,2
16/11/2011,2
17/11/2011,3
18/11/2011,0
19/11/2011,3
20/11/2011,2
21/11/2011,2
22/11/2011,3
23/11/2011,0
24/11/2011,2
25/11/2011,3
26/11/2011,3
27/11/2011,1
28/11/2011,1
29/11/2011,2
30/11/2011,3
01/12/2011,3
02/12/2011,1
03/12/2011,2
04/12/2011,2
05/12/2011,2
06/12/2011,3
07/12/2011,3
08/12/2011,2
09/12/2011,3
10/12/2011,4
11/12/2011,1
12/12/2011,2
13/12/2011,5
14/12/2011,2
15/12/2011,1
16/12/2011,2
17/12/2011,4
18/12/2011,4
19/12/2011,3
20/12/2011,2
21/12/2011,1
22/12/2011,2
23/12/2011,4
24/12/2011,4
25/12/2011,6
26/12/2011,6
27/12/2011,4
28/12/2011,4
29/12/2011,2
30/12/2011,3
31/12/2011,2
01/01/2012,4
02/01/2012,5
03/01/2012,6
04/01/2012,5
05/01/2012,4
06/01/2012,5
07/01/2012,4
08/01/2012,4
09/01/2012,3
10/01/2012,3
11/01/2012,4
12/01/2012,4
13/01/2012,3
14/01/2012,3
15/01/2012,3
16/01/2012,3
17/01/2012,4
18/01/2012,3
19/01/2012,3
20/01/2012,5
21/01/2012,4
22/01/2012,3
23/01/2012,3
24/01/2012,4
25/01/2012,4
26/01/2012,5
27/01/2012,4
28/01/2012,3
29/01/2012,4
30/01/2012,5
31/01/2012,5
01/02/2012,5
02/02/2012,4
03/02/2012,4
04/02/2012,5
05/02/2012,5
06/02/2012,5
07/02/2012,5
08/02/2012,6
09/02/2012,5
10/02/2012,6
11/02/2012,6
12/02/2012,6
13/02/2012,5
14/02/2012,6
15/02/2012,4
16/02/2012,4
17/02/2012,3
18/02/2012,3
19/02/2012,3
20/02/2012,5
21/02/2012,4
22/02/2012,5
23/02/2012,5
24/02/2012,5
25/02/2012,4
26/02/2012,5
27/02/2012,2
28/02/2012,5
29/02/2012,5
01/03/2012,3
02/03/2012,3
03/03/2012,3
04/03/2012,4
05/03/2012,4
06/03/2012,4
07/03/2012,3
08/03/2012,4
09/03/2012,3
10/03/2012,3
11/03/2012,5
12/03/2012,4
13/03/2012,4
14/03/2012,2
15/03/2012,4
16/03/2012,5
17/03/2012,4
18/03/2012,4
19/03/2012,3
20/03/2012,3
21/03/2012,3
22/03/2012,3
23/03/2012,3
24/03/2012,3
25/03/2012,5
26/03/2012,4
27/03/2012,4
28/03/2012,3
29/03/2012,4
30/03/2012,3
31/03/2012,4
01/04/2012,3
02/04/2012,3
03/04/2012,3
04/04/2012,3
05/04/2012,2
06/04/2012,3
07/04/2012,4
08/04/2012,4
09/04/2012,2
10/04/2012,4
11/04/2012,3
12/04/2012,3
13/04/2012,3
14/04/2012,3
15/04/2012,3
16/04/2012,4
17/04/2012,3
18/04/2012,3
19/04/2012,2
20/04/2012,3
21/04/2012,4
22/04/2012,4
23/04/2012,3
24/04/2012,5
25/04/2012,3
26/04/2012,5
27/04/2012,4
28/04/2012,3
29/04/2012,3
30/04/2012,3
01/05/2012,3
02/05/2012,3
03/05/2012,3
04/05/2012,5
05/05/2012,4
06/05/2012,2
07/05/2012,4
08/05/2012,3
09/05/2012,3
10/05/2012,3
11/05/2012,2
12/05/2012,4
13/05/2012,3
14/05/2012,4
15/05/2012,2
16/05/2012,4
17/05/2012,3
18/05/2012,3
19/05/2012,3
20/05/2012,3
21/05/2012,3
22/05/2012,4
23/05/2012,5
24/05/2012,3
25/05/2012,3
26/05/2012,4
27/05/2012,3
28/05/2012,3
29/05/2012,3
30/05/2012,3
31/05/2012,3
01/06/2012,3
02/06/2012,3
03/06/2012,3
04/06/2012,3
05/06/2012,3
06/06/2012,3
07/06/2012,4
08/06/2012,4
09/06/2012,4
10/06/2012,4
11/06/2012,3
12/06/2012,3
13/06/2012,4
14/06/2012,3
15/06/2012,4
16/06/2012,4
17/06/2012,5
18/06/2012,5
19/06/2012,3
20/06/2012,3
21/06/2012,4
22/06/2012,4
23/06/2012,4
24/06/2012,5
25/06/2012,4
26/06/2012,3
27/06/2012,3
28/06/2012,4
29/06/2012,4
30/06/2012,4
01/07/2012,5
02/07/2012,4
03/07/2012,4
04/07/2012,4
05/07/2012,3
06/07/2012,4
07/07/2012,5
08/07/2012,3
09/07/2012,4
10/07/2012,3
11/07/2012,3
12/07/2012,4
13/07/2012,4
14/07/2012,4
15/07/2012,4
16/07/2012,4
17/07/2012,4
18/07/2012,4
19/07/2012,4
20/07/2012,5
21/07/2012,3
22/07/2012,4
23/07/2012,4
24/07/2012,4
25/07/2012,5
26/07/2012,5
27/07/2012,5
28/07/2012,4
29/07/2012,4
30/07/2012,4
31/07/2012,4
01/08/2012,5
02/08/2012,4
03/08/2012,4
04/08/2012,4
05/08/2012,4
06/08/2012,5
07/08/2012,4
08/08/2012,4
09/08/2012,4
10/08/2012,4
11/08/2012,3
12/08/2012,4
13/08/2012,4
14/08/2012,4
15/08/2012,5
16/08/2012,5
17/08/2012,4
18/08/2012,4
19/08/2012,4
20/08/2012,4
21/08/2012,3
22/08/2012,3
23/08/2012,4
24/08/2012,4
25/08/2012,3
26/08/2012,3
27/08/2012,4
28/08/2012,3
29/08/2012,5
30/08/2012,4
31/08/2012,4
01/09/2012,4
02/09/2012,5
03/09/2012,5
04/09/2012,5
05/09/2012,5
06/09/2012,4
07/09/2012,3
08/09/2012,3
09/09/2012,3
10/09/2012,4
11/09/2012,4
12/09/2012,5
13/09/2012,5
14/09/2012,4
15/09/2012,4
16/09/2012,5
17/09/2012,3
18/09/2012,3
19/09/2012,3
20/09/2012,4
21/09/2012,4
22/09/2012,3
23/09/2012,4
24/09/2012,4
25/09/2012,4
26/09/2012,3
27/09/2012,4
28/09/2012,3
29/09/2012,3
30/09/2012,5
01/10/2012,3
02/10/2012,4
03/10/2012,4
04/10/2012,3
05/10/2012,4
06/10/2012,3
07/10/2012,5
08/10/2012,4
09/10/2012,3
10/10/2012,3
11/10/2012,3
12/10/2012,4
13/10/2012,4
14/10/2012,3
15/10/2012,3
16/10/2012,4
17/10/2012,3
18/10/2012,2
19/10/2012,3
20/10/2012,4
21/10/2012,3
22/10/2012,3
23/10/2012,3
24/10/2012,3
25/10/2012,4
26/10/2012,6
27/10/2012,4
28/10/2012,6
29/10/2012,4
30/10/2012,3
31/10/2012,3
01/11/2012,3
02/11/2012,4
03/11/2012,3
04/11/2012,3
05/11/2012,4
06/11/2012,2
07/11/2012,6
08/11/2012,4
09/11/2012,4
10/11/2012,2
11/11/2012,3
12/11/2012,3
13/11/2012,4
14/11/2012,3
15/11/2012,2
16/11/2012,3
17/11/2012,3
18/11/2012,3
19/11/2012,3
20/11/2012,3
21/11/2012,3
22/11/2012,2
23/11/2012,3
24/11/2012,3
25/11/2012,2
26/11/2012,3
27/11/2012,3
28/11/2012,3
29/11/2012,3
30/11/2012,4
01/12/2012,3
02/12/2012,3
03/12/2012,3
04/12/2012,4
05/12/2012,3
06/12/2012,4
07/12/2012,5
08/12/2012,4
09/12/2012,5
10/12/2012,3
11/12/2012,3
12/12/2012,3
13/12/2012,3
14/12/2012,3
15/12/2012,4
16/12/2012,4
17/12/2012,3
18/12/2012,2
19/12/2012,2
20/12/2012,5
21/12/2012,4
22/12/2012,3
23/12/2012,3
24/12/2012,3
25/12/2012,3
26/12/2012,4
27/12/2012,3
28/12/2012,4
29/12/2012,3
30/12/2012,4
31/12/2012,3
01/01/2013,4
02/01/2013,3
03/01/2013,3
04/01/2013,4
05/01/2013,4
06/01/2013,4
07/01/2013,4
08/01/2013,4
09/01/2013,3
10/01/2013,3
11/01/2013,5
12/01/2013,4
13/01/2013,3
14/01/2013,5
15/01/2013,6
16/01/2013,6
17/01/2013,6
18/01/2013,5
19/01/2013,3
20/01/2013,3
21/01/2013,5
22/01/2013,5
23/01/2013,5
24/01/2013,5
25/01/2013,5
26/01/2013,5
27/01/2013,6
28/01/2013,6
29/01/2013,6
30/01/2013,5
31/01/2013,7
01/02/2013,7
02/02/2013,5
03/02/2013,4
04/02/2013,4
05/02/2013,4
06/02/2013,3
07/02/2013,6
08/02/2013,4
09/02/2013,4
10/02/2013,3
11/02/2013,3
12/02/2013,4
13/02/2013,5
14/02/2013,3
15/02/2013,4
16/02/2013,3
17/02/2013,3
18/02/2013,5
19/02/2013,3
20/02/2013,3
21/02/2013,3
22/02/2013,4
23/02/2013,4
24/02/2013,4
25/02/2013,4
26/02/2013,4
27/02/2013,3
28/02/2013,3
01/03/2013,5
02/03/2013,6
03/03/2013,5
04/03/2013,6
05/03/2013,5
06/03/2013,6
07/03/2013,6
08/03/2013,7
09/03/2013,6
10/03/2013,5
11/03/2013,5
12/03/2013,4
13/03/2013,5
14/03/2013,6
15/03/2013,5
16/03/2013,6
17/03/2013,4
18/03/2013,5
19/03/2013,6
20/03/2013,3
21/03/2013,3
22/03/2013,3
23/03/2013,4
24/03/2013,5
25/03/2013,4
26/03/2013,3
27/03/2013,3
28/03/2013,3
29/03/2013,4
30/03/2013,5
31/03/2013,4
01/04/2013,5
02/04/2013,6
03/04/2013,3
04/04/2013,4
05/04/2013,4
06/04/2013,4
07/04/2013,4
08/04/2013,3
09/04/2013,4
10/04/2013,3
11/04/2013,3
12/04/2013,4
13/04/2013,3
14/04/2013,3
15/04/2013,3
16/04/2013,3
17/04/2013,4
18/04/2013,5
19/04/2013,3
20/04/2013,4
21/04/2013,3
22/04/2013,3
23/04/2013,3
24/04/2013,3
25/04/2013,3
26/04/2013,3
27/04/2013,2
28/04/2013,2
29/04/2013,4
30/04/2013,3
01/05/2013,4
02/05/2013,4
03/05/2013,3
04/05/2013,4
05/05/2013,3
06/05/2013,4
07/05/2013,4
08/05/2013,3
09/05/2013,4
10/05/2013,3
11/05/2013,4
12/05/2013,5
13/05/2013,4
14/05/2013,3
15/05/2013,4
16/05/2013,4
17/05/2013,3
18/05/2013,3
19/05/2013,3
20/05/2013,2
21/05/2013,4
22/05/2013,2
23/05/2013,2
24/05/2013,3
25/05/2013,4
26/05/2013,3
27/05/2013,3
28/05/2013,3
29/05/2013,2
30/05/2013,4
31/05/2013,4
01/06/2013,3
02/06/2013,3
03/06/2013,2
04/06/2013,3
05/06/2013,4
06/06/2013,6
07/06/2013,4
08/06/2013,2
09/06/2013,3
10/06/2013,3
11/06/2013,3
12/06/2013,5
13/06/2013,4
14/06/2013,3
15/06/2013,3
16/06/2013,3
17/06/2013,5
18/06/2013,5
19/06/2013,5
20/06/2013,4
21/06/2013,3
22/06/2013,3
23/06/2013,4
24/06/2013,4
25/06/2013,3
26/06/2013,2
27/06/2013,3
28/06/2013,2
29/06/2013,3
30/06/2013,6
01/07/2013,4
02/07/2013,3
03/07/2013,3
04/07/2013,4
05/07/2013,3
06/07/2013,5
07/07/2013,4
08/07/2013,3
09/07/2013,3
10/07/2013,4
11/07/2013,3
12/07/2013,4
13/07/2013,4
14/07/2013,4
15/07/2013,2
16/07/2013,3
17/07/2013,4
18/07/2013,4
19/07/2013,4
20/07/2013,3
21/07/2013,3
22/07/2013,4
23/07/2013,4
24/07/2013,5
25/07/2013,5
26/07/2013,4
27/07/2013,2
28/07/2013,4
29/07/2013,3
30/07/2013,4
31/07/2013,5
01/08/2013,3
02/08/2013,3
03/08/2013,4
04/08/2013,4
05/08/2013,5
06/08/2013,4
07/08/2013,4
08/08/2013,3
09/08/2013,4
10/08/2013,4
11/08/2013,3
12/08/2013,4
13/08/2013,4
14/08/2013,3
15/08/2013,3
16/08/2013,4
17/08/2013,3
18/08/2013,3
19/08/2013,4
20/08/2013,4
21/08/2013,4
22/08/2013,5
23/08/2013,4
24/08/2013,5
25/08/2013,5
26/08/2013,4
27/08/2013,4
28/08/2013,5
29/08/2013,4
30/08/2013,4
31/08/2013,4
01/09/2013,4
02/09/2013,4
03/09/2013,3
04/09/2013,4
05/09/2013,3
06/09/2013,4
07/09/2013,3
08/09/2013,3
09/09/2013,3
10/09/2013,3
11/09/2013,4
12/09/2013,5
13/09/2013,3
14/09/2013,4
15/09/2013,3
16/09/2013,3
17/09/2013,3
18/09/2013,4
19/09/2013,5
20/09/2013,4
21/09/2013,4
22/09/2013,4
23/09/2013,4
24/09/2013,5
25/09/2013,5
26/09/2013,4
27/09/2013,3
28/09/2013,3
29/09/2013,4
30/09/2013,4
01/10/2013,4
02/10/2013,4
03/10/2013,3
04/10/2013,4
05/10/2013,4
06/10/2013,4
07/10/2013,3
08/10/2013,4
09/10/2013,3
10/10/2013,3
11/10/2013,3
12/10/2013,2
13/10/2013,4
14/10/2013,4
15/10/2013,4
16/10/2013,4
17/10/2013,5
18/10/2013,5
19/10/2013,3
20/10/2013,3
21/10/2013,3
22/10/2013,4
23/10/2013,4
24/10/2013,4
25/10/2013,4
26/10/2013,4
27/10/2013,4
28/10/2013,4
29/10/2013,5
30/10/2013,3
31/10/2013,4
01/11/2013,3
02/11/2013,4
03/11/2013,4
04/11/2013,4
05/11/2013,4
06/11/2013,5
07/11/2013,4
08/11/2013,4
09/11/2013,3
10/11/2013,2
11/11/2013,2
12/11/2013,3
13/11/2013,4
14/11/2013,2
15/11/2013,3
16/11/2013,4
17/11/2013,4
18/11/2013,5
19/11/2013,4
20/11/2013,3
21/11/2013,3
22/11/2013,3
23/11/2013,3
24/11/2013,4
25/11/2013,4
26/11/2013,2
27/11/2013,4
28/11/2013,4
29/11/2013,4
30/11/2013,4
01/12/2013,3
02/12/2013,3
03/12/2013,3
04/12/2013,3
05/12/2013,4
06/12/2013,3
07/12/2013,3
08/12/2013,4
09/12/2013,4
10/12/2013,4
11/12/2013,4
12/12/2013,4
13/12/2013,5
14/12/2013,4
15/12/2013,4
16/12/2013,3
17/12/2013,3
18/12/2013,4
19/12/2013,3
20/12/2013,3
21/12/2013,3
22/12/2013,4
23/12/2013,3
24/12/2013,4
25/12/2013,4
26/12/2013,4
27/12/2013,5
28/12/2013,5
29/12/2013,4
30/12/2013,4
31/12/2013,3
01/01/2014,4
02/01/2014,5
03/01/2014,3
04/01/2014,3
05/01/2014,3
06/01/2014,2
07/01/2014,3
08/01/2014,4
09/01/2014,2
10/01/2014,2
11/01/2014,4
12/01/2014,4
13/01/2014,5
14/01/2014,5
15/01/2014,6
16/01/2014,6
17/01/2014,5
18/01/2014,5
19/01/2014,4
20/01/2014,5
21/01/2014,5
22/01/2014,5
23/01/2014,6
24/01/2014,5
25/01/2014,6
26/01/2014,5
27/01/2014,6
28/01/2014,6
29/01/2014,6
30/01/2014,5
31/01/2014,6
01/02/2014,4
02/02/2014,4
03/02/2014,5
04/02/2014,6
05/02/2014,5
06/02/2014,5
07/02/2014,5
08/02/2014,5
09/02/2014,4
10/02/2014,4
11/02/2014,5
12/02/2014,6
13/02/2014,5
14/02/2014,6
15/02/2014,6
16/02/2014,6
17/02/2014,6
18/02/2014,5
19/02/2014,6
20/02/2014,6
21/02/2014,7
22/02/2014,6
23/02/2014,6
24/02/2014,6
25/02/2014,6
26/02/2014,3
27/02/2014,6
28/02/2014,6
01/03/2014,6
02/03/2014,5
03/03/2014,5
04/03/2014,7
05/03/2014,5
06/03/2014,5
07/03/2014,5
08/03/2014,5
09/03/2014,6
10/03/2014,6
11/03/2014,7
12/03/2014,6
13/03/2014,5
14/03/2014,5
15/03/2014,5
16/03/2014,3
17/03/2014,4
18/03/2014,4
19/03/2014,5
20/03/2014,5
21/03/2014,5
22/03/2014,5
23/03/2014,6
24/03/2014,5
25/03/2014,6
26/03/2014,5
27/03/2014,5
28/03/2014,4
29/03/2014,4
30/03/2014,3
31/03/2014,4
01/04/2014,3
02/04/2014,2
03/04/2014,3
04/04/2014,3
05/04/2014,3
06/04/2014,5
07/04/2014,4
08/04/2014,3
09/04/2014,4
10/04/2014,4
11/04/2014,3
12/04/2014,2
13/04/2014,3
14/04/2014,5
15/04/2014,4
16/04/2014,3
17/04/2014,2
18/04/2014,3
19/04/2014,3
20/04/2014,3
21/04/2014,3
22/04/2014,3
23/04/2014,3
24/04/2014,4
25/04/2014,4
26/04/2014,3
27/04/2014,3
28/04/2014,3
29/04/2014,4
30/04/2014,3
01/05/2014,3
02/05/2014,3
03/05/2014,3
04/05/2014,5
05/05/2014,4
06/05/2014,3
07/05/2014,2
08/05/2014,2
09/05/2014,4
10/05/2014,3
11/05/2014,3
12/05/2014,2
13/05/2014,2
14/05/2014,4
15/05/2014,4
16/05/2014,3
17/05/2014,4
18/05/2014,2
19/05/2014,4
20/05/2014,3
21/05/2014,2
22/05/2014,4
23/05/2014,3
24/05/2014,4
25/05/2014,3
26/05/2014,3
27/05/2014,3
28/05/2014,3
29/05/2014,3
30/05/2014,3
31/05/2014,5
01/06/2014,4
02/06/2014,3
03/06/2014,5
04/06/2014,3
05/06/2014,3
06/06/2014,3
07/06/2014,4
08/06/2014,5
09/06/2014,4
10/06/2014,3
11/06/2014,5
12/06/2014,4
13/06/2014,4
14/06/2014,3
15/06/2014,3
16/06/2014,3
17/06/2014,4
18/06/2014,4
19/06/2014,4
20/06/2014,4
21/06/2014,3
22/06/2014,4
23/06/2014,4
24/06/2014,3
25/06/2014,3
26/06/2014,3
27/06/2014,3
28/06/2014,4
29/06/2014,4
30/06/2014,3
01/07/2014,4
02/07/2014,4
03/07/2014,5
04/07/2014,3
05/07/2014,3
06/07/2014,4
07/07/2014,3
08/07/2014,4
09/07/2014,4
10/07/2014,4
11/07/2014,2
12/07/2014,3
13/07/2014,4
14/07/2014,4
15/07/2014,4
16/07/2014,3
17/07/2014,2
18/07/2014,5
19/07/2014,4
20/07/2014,5
21/07/2014,4
22/07/2014,4
23/07/2014,4
24/07/2014,4
25/07/2014,4
26/07/2014,5
27/07/2014,3
28/07/2014,5
29/07/2014,5
30/07/2014,3
31/07/2014,4
01/08/2014,3
02/08/2014,5
03/08/2014,4
04/08/2014,4
05/08/2014,3
06/08/2014,4
07/08/2014,4
08/08/2014,4
09/08/2014,5
10/08/2014,3
11/08/2014,3
12/08/2014,3
13/08/2014,3
14/08/2014,3
15/08/2014,2
16/08/2014,4
17/08/2014,4
18/08/2014,4
19/08/2014,5
20/08/2014,4
21/08/2014,3
22/08/2014,6
23/08/2014,4
24/08/2014,3
25/08/2014,3
26/08/2014,3
27/08/2014,5
28/08/2014,5
29/08/2014,3
30/08/2014,4
31/08/2014,4
01/09/2014,5
02/09/2014,3
03/09/2014,3
04/09/2014,3
05/09/2014,4
06/09/2014,4
07/09/2014,3
08/09/2014,4
09/09/2014,4
10/09/2014,4
11/09/2014,5
12/09/2014,4
13/09/2014,5
14/09/2014,4
15/09/2014,5
16/09/2014,5
17/09/2014,5
18/09/2014,4
19/09/2014,4
20/09/2014,3
21/09/2014,5
22/09/2014,6
23/09/2014,5
24/09/2014,4
25/09/2014,3
26/09/2014,3
27/09/2014,3
28/09/2014,3
29/09/2014,4
30/09/2014,4
01/10/2014,4
02/10/2014,3
03/10/2014,4
04/10/2014,3
05/10/2014,3
06/10/2014,3
07/10/2014,5
08/10/2014,4
09/10/2014,3
10/10/2014,4
11/10/2014,4
12/10/2014,3
13/10/2014,3
14/10/2014,2
15/10/2014,3
16/10/2014,3
17/10/2014,3
18/10/2014,3
19/10/2014,4
20/10/2014,4
21/10/2014,2
22/10/2014,3
23/10/2014,2
24/10/2014,4
25/10/2014,3
26/10/2014,4
27/10/2014,4
28/10/2014,3
29/10/2014,3
30/10/2014,3
31/10/2014,3
01/11/2014,4
02/11/2014,4
03/11/2014,4
04/11/2014,3
05/11/2014,4
06/11/2014,3
07/11/2014,3
08/11/2014,3
09/11/2014,3
10/11/2014,4
11/11/2014,2
12/11/2014,2
13/11/2014,3
14/11/2014,4
15/11/2014,3
16/11/2014,2
17/11/2014,3
18/11/2014,4
19/11/2014,4
20/11/2014,4
21/11/2014,3
22/11/2014,3
23/11/2014,5
24/11/2014,3
25/11/2014,3
26/11/2014,4
27/11/2014,4
28/11/2014,3
29/11/2014,3
30/11/2014,4
01/12/2014,2
02/12/2014,3
03/12/2014,2
04/12/2014,3
05/12/2014,3
06/12/2014,3
07/12/2014,3
08/12/2014,2
09/12/2014,3
10/12/2014,5
11/12/2014,4
12/12/2014,4
13/12/2014,5
14/12/2014,5
15/12/2014,4
16/12/2014,3
17/12/2014,3
18/12/2014,4
19/12/2014,3
20/12/2014,3
21/12/2014,4
22/12/2014,3
23/12/2014,3
24/12/2014,3
25/12/2014,3
26/12/2014,3
27/12/2014,3
28/12/2014,3
29/12/2014,4
30/12/2014,4
31/12/2014,4
01/01/2015,4
02/01/2015,4
03/01/2015,4
04/01/2015,4
05/01/2015,4
06/01/2015,3
07/01/2015,3
08/01/2015,3
09/01/2015,4
10/01/2015,4
11/01/2015,3
12/01/2015,4
13/01/2015,5
14/01/2015,5
15/01/2015,5
16/01/2015,4
17/01/2015,4
18/01/2015,6
19/01/2015,6
20/01/2015,6
21/01/2015,5
22/01/2015,5
23/01/2015,7
24/01/2015,6
25/01/2015,5
26/01/2015,5
27/01/2015,5
28/01/2015,5
29/01/2015,5
30/01/2015,6
31/01/2015,5
01/02/2015,4
02/02/2015,3
03/02/2015,3
04/02/2015,5
05/02/2015,6
06/02/2015,6
07/02/2015,6
08/02/2015,7
09/02/2015,7
10/02/2015,6
11/02/2015,6
12/02/2015,6
13/02/2015,6
14/02/2015,6
15/02/2015,5
16/02/2015,6
17/02/2015,6
18/02/2015,5
19/02/2015,4
20/02/2015,5
21/02/2015,5
22/02/2015,5
23/02/2015,5
24/02/2015,5
25/02/2015,5
26/02/2015,5
27/02/2015,6
28/02/2015,5
01/03/2015,5
02/03/2015,5
03/03/2015,5
04/03/2015,4
05/03/2015,6
06/03/2015,4
07/03/2015,5
08/03/2015,5
09/03/2015,7
10/03/2015,6
11/03/2015,3
12/03/2015,5
13/03/2015,5
14/03/2015,5
15/03/2015,4
16/03/2015,5
17/03/2015,5
18/03/2015,5
19/03/2015,4
20/03/2015,3
21/03/2015,5
22/03/2015,4
23/03/2015,5
24/03/2015,6
25/03/2015,7
26/03/2015,7
27/03/2015,6
28/03/2015,5
29/03/2015,5
30/03/2015,5
31/03/2015,4
01/04/2015,2
02/04/2015,4
03/04/2015,2
04/04/2015,3
05/04/2015,4
06/04/2015,4
07/04/2015,6
08/04/2015,5
09/04/2015,7
10/04/2015,5
11/04/2015,4
12/04/2015,5
13/04/2015,5
14/04/2015,5
15/04/2015,5
16/04/2015,6
17/04/2015,5
18/04/2015,3
19/04/2015,4
20/04/2015,4
21/04/2015,3
22/04/2015,3
23/04/2015,4
24/04/2015,4
25/04/2015,4
26/04/2015,5
27/04/2015,3
28/04/2015,4
29/04/2015,5
30/04/2015,4
01/05/2015,2
02/05/2015,2
03/05/2015,1
04/05/2015,2
05/05/2015,2
06/05/2015,1
07/05/2015,2
08/05/2015,3
09/05/2015,3
10/05/2015,3
11/05/2015,3
12/05/2015,2
13/05/2015,2
14/05/2015,2
15/05/2015,1
16/05/2015,1
17/05/2015,3
18/05/2015,1
19/05/2015,2
20/05/2015,2
21/05/2015,2
22/05/2015,2
23/05/2015,0
24/05/2015,2
25/05/2015,2
26/05/2015,3
27/05/2015,3
28/05/2015,3
29/05/2015,4
30/05/2015,3
31/05/2015,2
01/06/2015,3
02/06/2015,2
03/06/2015,2
04/06/2015,2
05/06/2015,1
06/06/2015,1
07/06/2015,2
08/06/2015,2
09/06/2015,2
10/06/2015,2
11/06/2015,2
12/06/2015,1
13/06/2015,1
14/06/2015,3
15/06/2015,2
16/06/2015,1
17/06/2015,1
18/06/2015,3
19/06/2015,4
20/06/2015,4
21/06/2015,4
22/06/2015,4
23/06/2015,4
24/06/2015,4
25/06/2015,5
26/06/2015,5
27/06/2015,4
28/06/2015,2
29/06/2015,4
30/06/2015,3
01/07/2015,2
02/07/2015,3
03/07/2015,4
04/07/2015,3
05/07/2015,4
06/07/2015,5
07/07/2015,4
08/07/2015,3
09/07/2015,3
10/07/2015,3
11/07/2015,4
12/07/2015,5
13/07/2015,5
14/07/2015,4
15/07/2015,3
16/07/2015,4
17/07/2015,5
18/07/2015,6
19/07/2015,4
20/07/2015,5
21/07/2015,4
22/07/2015,5
23/07/2015,3
24/07/2015,3
25/07/2015,4
26/07/2015,1
27/07/2015,3
28/07/2015,4
29/07/2015,4
30/07/2015,3
31/07/2015,3
01/08/2015,2
02/08/2015,4
03/08/2015,2
04/08/2015,2
05/08/2015,3
06/08/2015,2
07/08/2015,3
08/08/2015,3
09/08/2015,3
10/08/2015,5
11/08/2015,3
12/08/2015,1
13/08/2015,2
14/08/2015,2
15/08/2015,3
16/08/2015,3
17/08/2015,3
18/08/2015,3
19/08/2015,3
20/08/2015,3
21/08/2015,2
22/08/2015,4
23/08/2015,6
24/08/2015,4
25/08/2015,4
26/08/2015,4
27/08/2015,4
28/08/2015,3
29/08/2015,4
30/08/2015,5
31/08/2015,5
01/09/2015,5
02/09/2015,5
03/09/2015,5
04/09/2015,3
05/09/2015,4
06/09/2015,2
07/09/2015,3
08/09/2015,4
09/09/2015,2
10/09/2015,2
11/09/2015,4
12/09/2015,4
13/09/2015,3
14/09/2015,4
15/09/2015,1
16/09/2015,4
17/09/2015,3
18/09/2015,3
19/09/2015,3
20/09/2015,2
21/09/2015,2
22/09/2015,3
23/09/2015,2
24/09/2015,2
25/09/2015,4
26/09/2015,3
27/09/2015,2
28/09/2015,1
29/09/2015,2
30/09/2015,2
01/10/2015,2
02/10/2015,1
03/10/2015,3
04/10/2015,3
05/10/2015,2
06/10/2015,2
07/10/2015,2
08/10/2015,1
09/10/2015,2
10/10/2015,3
11/10/2015,3
12/10/2015,2
13/10/2015,2
14/10/2015,2
15/10/2015,3
16/10/2015,2
17/10/2015,2
18/10/2015,3
19/10/2015,3
20/10/2015,3
21/10/2015,4
22/10/2015,4
23/10/2015,3
24/10/2015,2
25/10/2015,2
26/10/2015,1
27/10/2015,2
28/10/2015,1
29/10/2015,3
30/10/2015,1
31/10/2015,2
01/11/2015,2
02/11/2015,2
03/11/2015,2
04/11/2015,1
05/11/2015,1
06/11/2015,2
07/11/2015,1
08/11/2015,1
09/11/2015,1
10/11/2015,2
11/11/2015,1
12/11/2015,1
13/11/2015,1
14/11/2015,3
15/11/2015,2
16/11/2015,2
17/11/2015,1
18/11/2015,3
19/11/2015,2
20/11/2015,2
21/11/2015,1
22/11/2015,1
23/11/2015,1
24/11/2015,1
25/11/2015,2
26/11/2015,2
27/11/2015,2
28/11/2015,2
29/11/2015,3
30/11/2015,2
01/12/2015,2
02/12/2015,2
03/12/2015,3
04/12/2015,2
05/12/2015,2
06/12/2015,3
07/12/2015,3
08/12/2015,2
09/12/2015,2
10/12/2015,2
11/12/2015,1
12/12/2015,3
13/12/2015,1
14/12/2015,2
15/12/2015,2
16/12/2015,2
17/12/2015,4
18/12/2015,5
19/12/2015,4
20/12/2015,3
21/12/2015,2
22/12/2015,2
23/12/2015,3
24/12/2015,1
25/12/2015,6
26/12/2015,5
27/12/2015,5
28/12/2015,6
29/12/2015,6
30/12/2015,4
31/12/2015,4
01/01/2016,6
02/01/2016,2
03/01/2016,1
04/01/2016,4
05/01/2016,5
06/01/2016,5
07/01/2016,5
08/01/2016,5
09/01/2016,5
10/01/2016,4
11/01/2016,5
12/01/2016,5
13/01/2016,5
14/01/2016,5
15/01/2016,2
16/01/2016,3
17/01/2016,2
18/01/2016,4
19/01/2016,2
20/01/2016,3
21/01/2016,3
22/01/2016,4
23/01/2016,5
24/01/2016,7
25/01/2016,8
26/01/2016,6
27/01/2016,5
28/01/2016,4
29/01/2016,4
30/01/2016,5
31/01/2016,4
01/02/2016,4
02/02/2016,2
03/02/2016,4
04/02/2016,3
05/02/2016,4
06/02/2016,7
07/02/2016,8
08/02/2016,4
09/02/2016,4
10/02/2016,3
11/02/2016,4
12/02/2016,4
13/02/2016,5
14/02/2016,4
15/02/2016,4
16/02/2016,7
17/02/2016,6
18/02/2016,5
19/02/2016,2
20/02/2016,3
21/02/2016,4
22/02/2016,4
23/02/2016,4
24/02/2016,3
25/02/2016,7
26/02/2016,5
27/02/2016,4
28/02/2016,6
29/02/2016,6
01/03/2016,5
02/03/2016,5
03/03/2016,5
04/03/2016,4
05/03/2016,4
06/03/2016,5
07/03/2016,3
08/03/2016,4
09/03/2016,3
10/03/2016,3
11/03/2016,4
12/03/2016,4
13/03/2016,5
14/03/2016,4
15/03/2016,4
16/03/2016,3
17/03/2016,4
18/03/2016,4
19/03/2016,5
20/03/2016,4
21/03/2016,4
22/03/2016,2
23/03/2016,3
24/03/2016,4
25/03/2016,4
26/03/2016,5
27/03/2016,6
28/03/2016,7
29/03/2016,6
30/03/2016,5
31/03/2016,5
01/04/2016,5
02/04/2016,4
03/04/2016,4
04/04/2016,4
05/04/2016,3
06/04/2016,3
07/04/2016,3
08/04/2016,4
09/04/2016,2
10/04/2016,3
11/04/2016,2
12/04/2016,3
13/04/2016,2
14/04/2016,3
15/04/2016,1
16/04/2016,3
17/04/2016,2
18/04/2016,2
19/04/2016,4
20/04/2016,3
21/04/2016,4
22/04/2016,2
23/04/2016,2
24/04/2016,2
25/04/2016,2
26/04/2016,1
27/04/2016,2
28/04/2016,1
29/04/2016,1
30/04/2016,1
01/05/2016,2
02/05/2016,1
03/05/2016,1
04/05/2016,2
05/05/2016,2
06/05/2016,2
07/05/2016,2
08/05/2016,1
09/05/2016,2
10/05/2016,2
11/05/2016,2
12/05/2016,1
13/05/2016,1
14/05/2016,1
15/05/2016,2
16/05/2016,2
17/05/2016,1
18/05/2016,2
19/05/2016,1
20/05/2016,2
21/05/2016,3
22/05/2016,1
23/05/2016,2
24/05/2016,2
25/05/2016,2
26/05/2016,2
27/05/2016,2
28/05/2016,2
29/05/2016,2
30/05/2016,2
31/05/2016,2
01/06/2016,1
02/06/2016,1
03/06/2016,1
04/06/2016,1
05/06/2016,2
06/06/2016,2
07/06/2016,2
08/06/2016,2
09/06/2016,1
10/06/2016,2
11/06/2016,2
12/06/2016,2
13/06/2016,1
14/06/2016,2
15/06/2016,2
16/06/2016,2
17/06/2016,2
18/06/2016,0
19/06/2016,1
20/06/2016,2
21/06/2016,1
22/06/2016,1
23/06/2016,3
24/06/2016,1
25/06/2016,3
26/06/2016,3
27/06/2016,2
28/06/2016,2
29/06/2016,2
30/06/2016,2
01/07/2016,2
02/07/2016,3
03/07/2016,3
04/07/2016,3
05/07/2016,4
06/07/2016,1
07/07/2016,3
08/07/2016,3
09/07/2016,4
10/07/2016,3
11/07/2016,1
12/07/2016,2
13/07/2016,1
14/07/2016,1
15/07/2016,2
16/07/2016,1
17/07/2016,1
18/07/2016,2
19/07/2016,3
20/07/2016,2
21/07/2016,1
22/07/2016,1
23/07/2016,2
24/07/2016,2
25/07/2016,1
26/07/2016,1
27/07/2016,2
28/07/2016,2
29/07/2016,2
30/07/2016,1
31/07/2016,1
01/08/2016,2
02/08/2016,3
03/08/2016,2
04/08/2016,3
05/08/2016,3
06/08/2016,3
07/08/2016,3
08/08/2016,2
09/08/2016,3
10/08/2016,3
11/08/2016,3
12/08/2016,3
13/08/2016,2
14/08/2016,3
15/08/2016,4
16/08/2016,4
17/08/2016,4
18/08/2016,4
19/08/2016,3
20/08/2016,4
21/08/2016,2
22/08/2016,2
23/08/2016,3
24/08/2016,3
25/08/2016,4
26/08/2016,2
27/08/2016,2
28/08/2016,2
29/08/2016,3
30/08/2016,2
31/08/2016,2
01/09/2016,1
02/09/2016,1
03/09/2016,1
04/09/2016,1
05/09/2016,1
06/09/2016,2
07/09/2016,2
08/09/2016,2
09/09/2016,2
10/09/2016,1
11/09/2016,2
12/09/2016,2
13/09/2016,4
14/09/2016,2
15/09/2016,2
16/09/2016,2
17/09/2016,2
18/09/2016,2
19/09/2016,2
20/09/2016,2
21/09/2016,2
22/09/2016,1
23/09/2016,1
24/09/2016,2
25/09/2016,1
26/09/2016,1
27/09/2016,1
28/09/2016,2
29/09/2016,2
30/09/2016,2
01/10/2016,1
02/10/2016,2
03/10/2016,2
04/10/2016,2
05/10/2016,2
06/10/2016,2
07/10/2016,2
08/10/2016,2
09/10/2016,2
10/10/2016,2
11/10/2016,4
12/10/2016,3
13/10/2016,3
14/10/2016,2
15/10/2016,2
16/10/2016,2
17/10/2016,1
18/10/2016,4
19/10/2016,2
20/10/2016,2
21/10/2016,2
22/10/2016,2
23/10/2016,1
24/10/2016,1
25/10/2016,1
26/10/2016,2
27/10/2016,1
28/10/2016,1
29/10/2016,2
30/10/2016,1
31/10/2016,2
01/11/2016,1
02/11/2016,2
03/11/2016,2
04/11/2016,2
05/11/2016,2
06/11/2016,2
07/11/2016,1
08/11/2016,2
09/11/2016,2
10/11/2016,1
11/11/2016,1
12/11/2016,2
13/11/2016,2
14/11/2016,2
15/11/2016,3
16/11/2016,1
17/11/2016,1
18/11/2016,1
19/11/2016,1
20/11/2016,2
21/11/2016,2
22/11/2016,2
23/11/2016,2
24/11/2016,2
25/11/2016,2
26/11/2016,2
27/11/2016,2
28/11/2016,2
29/11/2016,2
30/11/2016,3
01/12/2016,2
02/12/2016,2
03/12/2016,1
04/12/2016,3
05/12/2016,3
06/12/2016,3
07/12/2016,2
08/12/2016,2
09/12/2016,1
10/12/2016,2
11/12/2016,4
12/12/2016,3
13/12/2016,2
14/12/2016,2
15/12/2016,2
16/12/2016,3
17/12/2016,4
18/12/2016,3
19/12/2016,3
20/12/2016,5
21/12/2016,4
22/12/2016,2
23/12/2016,3
24/12/2016,3
25/12/2016,3
26/12/2016,3
27/12/2016,3
28/12/2016,3
29/12/2016,3
30/12/2016,4
31/12/2016,2
01/01/2017,4
02/01/2017,1
03/01/2017,3
04/01/2017,2
05/01/2017,3
06/01/2017,2
07/01/2017,2
08/01/2017,3
09/01/2017,4
10/01/2017,4
11/01/2017,3
12/01/2017,2
13/01/2017,2
14/01/2017,1
15/01/2017,3
16/01/2017,2
17/01/2017,2
18/01/2017,2
19/01/2017,2
20/01/2017,2
21/01/2017,4
22/01/2017,5
23/01/2017,3
24/01/2017,3
25/01/2017,2
26/01/2017,4
27/01/2017,6
28/01/2017,3
29/01/2017,3
30/01/2017,3
31/01/2017,3
01/02/2017,2
02/02/2017,1
03/02/2017,3
04/02/2017,3
05/02/2017,3
06/02/2017,3
07/02/2017,2
08/02/2017,2
09/02/2017,3
10/02/2017,5
11/02/2017,6
12/02/2017,5
13/02/2017,7
14/02/2017,5
15/02/2017,5
16/02/2017,5
17/02/2017,5
18/02/2017,6
19/02/2017,5
20/02/2017,5
21/02/2017,3
22/02/2017,3
23/02/2017,3
24/02/2017,2
25/02/2017,3
26/02/2017,4
27/02/2017,6
28/02/2017,5
01/03/2017,3
02/03/2017,7
03/03/2017,5
04/03/2017,1
05/03/2017,5
06/03/2017,4
07/03/2017,4
08/03/2017,5
09/03/2017,6
10/03/2017,5
11/03/2017,4
12/03/2017,1
13/03/2017,3
14/03/2017,2
15/03/2017,2
16/03/2017,3
17/03/2017,2
18/03/2017,3
19/03/2017,2
20/03/2017,1
21/03/2017,3
22/03/2017,3
23/03/2017,4
24/03/2017,1
25/03/2017,3
26/03/2017,4
27/03/2017,3
28/03/2017,1
29/03/2017,1
30/03/2017,1
31/03/2017,1
01/04/2017,1
02/04/2017,2
03/04/2017,1
04/04/2017,2
05/04/2017,2
06/04/2017,2
07/04/2017,2
08/04/2017,1
09/04/2017,2
10/04/2017,2
11/04/2017,2
12/04/2017,1
13/04/2017,1
14/04/2017,3
15/04/2017,3
16/04/2017,1
17/04/2017,2
18/04/2017,1
19/04/2017,1
20/04/2017,1
21/04/2017,2
22/04/2017,1
23/04/2017,1
24/04/2017,1
25/04/2017,1
26/04/2017,1
27/04/2017,2
28/04/2017,1
29/04/2017,1
30/04/2017,2
01/05/2017,1
02/05/2017,1
03/05/2017,1
04/05/2017,1
05/05/2017,2
06/05/2017,1
07/05/2017,1
08/05/2017,2
09/05/2017,2
10/05/2017,2
11/05/2017,2
12/05/2017,2
13/05/2017,1
14/05/2017,3
15/05/2017,2
16/05/2017,2
17/05/2017,4
18/05/2017,3
19/05/2017,2
20/05/2017,3
21/05/2017,3
22/05/2017,2
23/05/2017,3
24/05/2017,1
25/05/2017,2
26/05/2017,2
27/05/2017,2
28/05/2017,3
29/05/2017,3
30/05/2017,2
31/05/2017,3
01/06/2017,2
02/06/2017,2
03/06/2017,2
04/06/2017,3
05/06/2017,3
06/06/2017,2
07/06/2017,3
08/06/2017,3
09/06/2017,3
10/06/2017,2
11/06/2017,2
12/06/2017,2
13/06/2017,2
14/06/2017,2
15/06/2017,2
16/06/2017,1
17/06/2017,2
18/06/2017,3
19/06/2017,2
20/06/2017,2
21/06/2017,1
22/06/2017,2
23/06/2017,2
24/06/2017,1
25/06/2017,1
26/06/2017,1
27/06/2017,1
28/06/2017,2
29/06/2017,1
30/06/2017,2
01/07/2017,2
02/07/2017,2
03/07/2017,2
04/07/2017,2
05/07/2017,2
06/07/2017,3
07/07/2017,3
08/07/2017,2
09/07/2017,2
10/07/2017,2
11/07/2017,2
12/07/2017,2
13/07/2017,2
14/07/2017,1
15/07/2017,4
16/07/2017,5
17/07/2017,3
18/07/2017,3
19/07/2017,2
20/07/2017,3
21/07/2017,4
22/07/2017,4
23/07/2017,4
24/07/2017,4
25/07/2017,5
26/07/2017,4
27/07/2017,4
28/07/2017,3
29/07/2017,4
30/07/2017,4
31/07/2017,3
01/08/2017,4
02/08/2017,4
03/08/2017,5
04/08/2017,4
05/08/2017,4
06/08/2017,3
07/08/2017,3
08/08/2017,3
09/08/2017,2
10/08/2017,2
11/08/2017,2
12/08/2017,1
13/08/2017,1
14/08/2017,2
15/08/2017,1
16/08/2017,2
17/08/2017,2
18/08/2017,3
19/08/2017,3
20/08/2017,3
21/08/2017,2
22/08/2017,3
23/08/2017,3
24/08/2017,2
25/08/2017,2
26/08/2017,3
27/08/2017,2
28/08/2017,1
29/08/2017,1
30/08/2017,2
31/08/2017,3
01/09/2017,3
02/09/2017,3
03/09/2017,3
04/09/2017,2
05/09/2017,3
06/09/2017,1
07/09/2017,2
08/09/2017,2
09/09/2017,1
10/09/2017,2
11/09/2017,1
12/09/2017,2
13/09/2017,3
14/09/2017,2
15/09/2017,3
16/09/2017,2
17/09/2017,3
18/09/2017,2
19/09/2017,1
20/09/2017,2
21/09/2017,1
22/09/2017,2
23/09/2017,3
24/09/2017,3
25/09/2017,2
26/09/2017,1
27/09/2017,1
28/09/2017,1
29/09/2017,1
30/09/2017,2
01/10/2017,1
02/10/2017,1
03/10/2017,1
04/10/2017,1
05/10/2017,1
06/10/2017,1
07/10/2017,1
08/10/2017,1
09/10/2017,1
10/10/2017,2
11/10/2017,2
12/10/2017,1
13/10/2017,1
14/10/2017,1
15/10/2017,2
16/10/2017,2
17/10/2017,2
18/10/2017,1
19/10/2017,0
20/10/2017,1
21/10/2017,1
22/10/2017,2
23/10/2017,1
24/10/2017,0
25/10/2017,1
26/10/2017,1
27/10/2017,1
28/10/2017,1
29/10/2017,1
30/10/2017,1
31/10/2017,1
01/11/2017,1
02/11/2017,1
03/11/2017,1
04/11/2017,2
05/11/2017,3
06/11/2017,0
07/11/2017,1
08/11/2017,1
09/11/2017,1
10/11/2017,1
11/11/2017,1
12/11/2017,2
13/11/2017,1
14/11/2017,1
15/11/2017,0
16/11/2017,3
17/11/2017,2
18/11/2017,1
19/11/2017,1
20/11/2017,1
21/11/2017,0
22/11/2017,2
23/11/2017,1
24/11/2017,1
25/11/2017,1
26/11/2017,1
27/11/2017,1
28/11/2017,2
29/11/2017,4
30/11/2017,3
01/12/2017,2
02/12/2017,2
03/12/2017,1
04/12/2017,1
05/12/2017,2
06/12/2017,2
07/12/2017,1
08/12/2017,3
09/12/2017,2
10/12/2017,2
11/12/2017,2
12/12/2017,1
13/12/2017,2
14/12/2017,2
15/12/2017,2
16/12/2017,3
17/12/2017,4
18/12/2017,5
19/12/2017,4
20/12/2017,3
21/12/2017,3
22/12/2017,2
23/12/2017,2
24/12/2017,2
25/12/2017,2
26/12/2017,2
27/12/2017,2
28/12/2017,4
29/12/2017,4
30/12/2017,4
31/12/2017,3
01/01/2018,1
02/01/2018,3
03/01/2018,2
04/01/2018,1
05/01/2018,1
06/01/2018,2
07/01/2018,2
08/01/2018,2
09/01/2018,1
10/01/2018,1
11/01/2018,3
12/01/2018,3
13/01/2018,2
14/01/2018,2
15/01/2018,3
16/01/2018,2
17/01/2018,3
18/01/2018,3
19/01/2018,2
20/01/2018,2
21/01/2018,2
22/01/2018,2
23/01/2018,2
24/01/2018,2
25/01/2018,1
26/01/2018,2
27/01/2018,2
28/01/2018,2
29/01/2018,1
30/01/2018,3
31/01/2018,3
01/02/2018,3
02/02/2018,3
03/02/2018,5
04/02/2018,6
05/02/2018,4
06/02/2018,4
07/02/2018,4
08/02/2018,5
09/02/2018,5
10/02/2018,4
11/02/2018,4
12/02/2018,4
13/02/2018,3
14/02/2018,4
15/02/2018,4
16/02/2018,3
17/02/2018,4
18/02/2018,4
19/02/2018,4
20/02/2018,4
21/02/2018,4
22/02/2018,4
23/02/2018,3
24/02/2018,3
25/02/2018,3
26/02/2018,4
27/02/2018,4
28/02/2018,3
01/03/2018,3
02/03/2018,4
03/03/2018,2
04/03/2018,4
05/03/2018,4
06/03/2018,2
07/03/2018,2
08/03/2018,2
09/03/2018,5
10/03/2018,5
11/03/2018,4
12/03/2018,3
13/03/2018,3
14/03/2018,4
15/03/2018,3
16/03/2018,5
17/03/2018,4
18/03/2018,4
19/03/2018,4
20/03/2018,3
21/03/2018,2
22/03/2018,5
23/03/2018,4
24/03/2018,4
25/03/2018,1
26/03/2018,3
27/03/2018,2
28/03/2018,2
29/03/2018,1
30/03/2018,1
31/03/2018,3
01/04/2018,2
02/04/2018,2
03/04/2018,4
04/04/2018,3
05/04/2018,3
06/04/2018,3
07/04/2018,3
08/04/2018,5
09/04/2018,5
10/04/2018,2
11/04/2018,3
12/04/2018,2
13/04/2018,4
14/04/2018,1
15/04/2018,1
16/04/2018,1
17/04/2018,2
18/04/2018,3
19/04/2018,2
20/04/2018,2
21/04/2018,1
22/04/2018,2
23/04/2018,1
24/04/2018,1
25/04/2018,1
26/04/2018,1
27/04/2018,1
28/04/2018,1
29/04/2018,3
30/04/2018,2
01/05/2018,1
02/05/2018,2
03/05/2018,2
04/05/2018,1
05/05/2018,1
06/05/2018,2
07/05/2018,2
08/05/2018,4
09/05/2018,2
10/05/2018,2
11/05/2018,1
12/05/2018,1
13/05/2018,1
14/05/2018,1
15/05/2018,1
16/05/2018,1
17/05/2018,1
18/05/2018,1
19/05/2018,0
20/05/2018,0
21/05/2018,0
22/05/2018,1
23/05/2018,2
24/05/2018,2
25/05/2018,1
26/05/2018,1
27/05/2018,2
28/05/2018,1
29/05/2018,1
30/05/2018,1
31/05/2018,1
01/06/2018,2
02/06/2018,0
03/06/2018,1
04/06/2018,2
05/06/2018,2
06/06/2018,2
07/06/2018,2
08/06/2018,2
09/06/2018,2
10/06/2018,3
11/06/2018,2
12/06/2018,1
13/06/2018,1
14/06/2018,1
15/06/2018,2
16/06/2018,2
17/06/2018,3
18/06/2018,2
19/06/2018,3
20/06/2018,1
21/06/2018,1
22/06/2018,2
23/06/2018,1
24/06/2018,2
25/06/2018,2
26/06/2018,0
27/06/2018,1
28/06/2018,2
29/06/2018,1
30/06/2018,2
01/07/2018,2
02/07/2018,0
03/07/2018,1
04/07/2018,2
05/07/2018,3
06/07/2018,3
07/07/2018,2
08/07/2018,3
09/07/2018,2
10/07/2018,2
11/07/2018,2
12/07/2018,4
13/07/2018,3
14/07/2018,2
15/07/2018,2
16/07/2018,3
17/07/2018,3
18/07/2018,3
19/07/2018,3
20/07/2018,2
21/07/2018,2
22/07/2018,3
23/07/2018,3
24/07/2018,3
25/07/2018,2
26/07/2018,3
27/07/2018,3
28/07/2018,2
29/07/2018,2
30/07/2018,1
31/07/2018,1
01/08/2018,1
02/08/2018,2
03/08/2018,3
04/08/2018,3
05/08/2018,3
06/08/2018,3
07/08/2018,3
08/08/2018,2
09/08/2018,3
10/08/2018,3
11/08/2018,2
12/08/2018,3
13/08/2018,5
14/08/2018,4
15/08/2018,4
16/08/2018,4
17/08/2018,4
18/08/2018,5
19/08/2018,4
20/08/2018,3
21/08/2018,4
22/08/2018,2
23/08/2018,2
24/08/2018,1
25/08/2018,2
26/08/2018,3
27/08/2018,2
28/08/2018,1
29/08/2018,2
30/08/2018,3
31/08/2018,1
01/09/2018,1
02/09/2018,1
03/09/2018,2
04/09/2018,1
05/09/2018,2
06/09/2018,1
07/09/2018,2
08/09/2018,2
09/09/2018,2
10/09/2018,2
11/09/2018,1
12/09/2018,2
13/09/2018,2
14/09/2018,3
15/09/2018,3
16/09/2018,3
17/09/2018,2
18/09/2018,1
19/09/2018,1
20/09/2018,2
21/09/2018,2
22/09/2018,1
23/09/2018,2
24/09/2018,2
25/09/2018,2
26/09/2018,2
27/09/2018,2
28/09/2018,2
29/09/2018,3
30/09/2018,2
01/10/2018,2
02/10/2018,2
03/10/2018,2
04/10/2018,2
05/10/2018,3
06/10/2018,1
07/10/2018,1
08/10/2018,1
09/10/2018,1
10/10/2018,1
11/10/2018,1
12/10/2018,2
13/10/2018,1
14/10/2018,0
15/10/2018,1
16/10/2018,1
17/10/2018,1
18/10/2018,2
19/10/2018,1
20/10/2018,2
21/10/2018,1
22/10/2018,1
23/10/2018,2
24/10/2018,2
25/10/2018,1
26/10/2018,1
27/10/2018,2
28/10/2018,1
29/10/2018,1
30/10/2018,2
31/10/2018,2
01/11/2018,2
02/11/2018,1
03/11/2018,1
04/11/2018,2
05/11/2018,1
06/11/2018,1
07/11/2018,2
08/11/2018,1
09/11/2018,0
10/11/2018,1
11/11/2018,1
12/11/2018,2
13/11/2018,1
14/11/2018,1
15/11/2018,1
16/11/2018,1
17/11/2018,1
18/11/2018,0
19/11/2018,1
20/11/2018,1
21/11/2018,1
22/11/2018,1
23/11/2018,2
24/11/2018,1
25/11/2018,0
26/11/2018,2
27/11/2018,0
28/11/2018,2
29/11/2018,3
30/11/2018,1
01/12/2018,1
02/12/2018,2
03/12/2018,0
04/12/2018,1
05/12/2018,1
06/12/2018,1
07/12/2018,1
08/12/2018,2
09/12/2018,1
10/12/2018,1
11/12/2018,1
12/12/2018,1
13/12/2018,1
14/12/2018,2
15/12/2018,1
16/12/2018,1
17/12/2018,2
18/12/2018,2
19/12/2018,1
20/12/2018,2
21/12/2018,1
22/12/2018,2
23/12/2018,1
24/12/2018,1
25/12/2018,1
26/12/2018,1
27/12/2018,1
28/12/2018,2
29/12/2018,1
30/12/2018,1
31/12/2018,1
01/01/2019,2
02/01/2019,3
03/01/2019,3
04/01/2019,1
05/01/2019,3
06/01/2019,4
07/01/2019,4
08/01/2019,3
09/01/2019,3
10/01/2019,3
11/01/2019,3
12/01/2019,3
13/01/2019,3
14/01/2019,2
15/01/2019,1
16/01/2019,2
17/01/2019,2
18/01/2019,2
19/01/2019,2
20/01/2019,2
21/01/2019,3
22/01/2019,3
23/01/2019,5
24/01/2019,3
25/01/2019,3
26/01/2019,3
27/01/2019,4
28/01/2019,3
29/01/2019,3
30/01/2019,2
31/01/2019,3
01/02/2019,4
02/02/2019,4
03/02/2019,2
04/02/2019,2
05/02/2019,2
06/02/2019,3
07/02/2019,3
08/02/2019,2
09/02/2019,2
10/02/2019,4
11/02/2019,2
12/02/2019,3
13/02/2019,4
14/02/2019,3
15/02/2019,3
16/02/2019,3
17/02/2019,2
18/02/2019,2
19/02/2019,3
20/02/2019,2
21/02/2019,3
22/02/2019,3
23/02/2019,3
24/02/2019,3
25/02/2019,4
26/02/2019,4
27/02/2019,4
28/02/2019,3
01/03/2019,4
02/03/2019,3
03/03/2019,2
04/03/2019,2
05/03/2019,2
06/03/2019,2
07/03/2019,2
08/03/2019,2
09/03/2019,2
10/03/2019,1
11/03/2019,1
12/03/2019,1
13/03/2019,2
14/03/2019,2
15/03/2019,2
16/03/2019,3
17/03/2019,2
18/03/2019,2
19/03/2019,3
20/03/2019,3
21/03/2019,2
22/03/2019,1
23/03/2019,2
24/03/2019,2
25/03/2019,3
26/03/2019,4
27/03/2019,3
28/03/2019,1
29/03/2019,1
30/03/2019,0
31/03/2019,1
01/04/2019,1
02/04/2019,1
03/04/2019,1
04/04/2019,2
05/04/2019,2
06/04/2019,2
07/04/2019,3
08/04/2019,3
09/04/2019,2
10/04/2019,1
11/04/2019,0
12/04/2019,0
13/04/2019,1
14/04/2019,1
15/04/2019,1
16/04/2019,1
17/04/2019,2
18/04/2019,1
19/04/2019,1
20/04/2019,1
21/04/2019,1
22/04/2019,1
23/04/2019,1
24/04/2019,0
25/04/2019,0
26/04/2019,1
27/04/2019,2
28/04/2019,1
29/04/2019,2
30/04/2019,1
01/05/2019,1
02/05/2019,1
03/05/2019,2
04/05/2019,1
05/05/2019,3
06/05/2019,2
07/05/2019,2
08/05/2019,1
09/05/2019,1
10/05/2019,1
11/05/2019,1
12/05/2019,1
13/05/2019,1
14/05/2019,2
15/05/2019,1
16/05/2019,1
17/05/2019,1
18/05/2019,1
19/05/2019,2
20/05/2019,1
21/05/2019,1
22/05/2019,1
23/05/2019,2
24/05/2019,2
25/05/2019,1
26/05/2019,1
27/05/2019,1
28/05/2019,2
29/05/2019,1
30/05/2019,1
31/05/2019,1
01/06/2019,1
02/06/2019,1
03/06/2019,1
04/06/2019,1
05/06/2019,2
06/06/2019,2
07/06/2019,1
08/06/2019,1
09/06/2019,1
10/06/2019,2
11/06/2019,2
12/06/2019,2
13/06/2019,2
14/06/2019,1
15/06/2019,1
16/06/2019,2
17/06/2019,2
18/06/2019,1
19/06/2019,1
20/06/2019,2
21/06/2019,2
22/06/2019,2
23/06/2019,2
24/06/2019,2
25/06/2019,3
26/06/2019,1
27/06/2019,2
28/06/2019,4
29/06/2019,2
30/06/2019,2
01/07/2019,3
02/07/2019,4
03/07/2019,2
04/07/2019,1
05/07/2019,2
06/07/2019,2
07/07/2019,2
08/07/2019,2
09/07/2019,2
10/07/2019,3
11/07/2019,3
12/07/2019,2
13/07/2019,2
14/07/2019,3
15/07/2019,2
16/07/2019,2
17/07/2019,3
18/07/2019,2
19/07/2019,2
20/07/2019,2
21/07/2019,2
22/07/2019,1
23/07/2019,1
24/07/2019,2
25/07/2019,1
26/07/2019,2
27/07/2019,2
28/07/2019,3
29/07/2019,2
30/07/2019,3
31/07/2019,3
01/08/2019,2
02/08/2019,2
03/08/2019,2
04/08/2019,3
05/08/2019,3
06/08/2019,2
07/08/2019,2
08/08/2019,2
09/08/2019,2
10/08/2019,3
11/08/2019,4
12/08/2019,2
13/08/2019,2
14/08/2019,2
15/08/2019,2
16/08/2019,2
17/08/2019,3
18/08/2019,2
19/08/2019,2
20/08/2019,3
21/08/2019,2
22/08/2019,2
23/08/2019,2
24/08/2019,2
25/08/2019,1
26/08/2019,1
27/08/2019,1
28/08/2019,1
29/08/2019,2
30/08/2019,2
31/08/2019,3
01/09/2019,2
02/09/2019,2
03/09/2019,2
04/09/2019,2
05/09/2019,3
06/09/2019,3
07/09/2019,3
08/09/2019,2
09/09/2019,2
10/09/2019,3
11/09/2019,2
12/09/2019,2
13/09/2019,2
14/09/2019,2
15/09/2019,2
16/09/2019,2
17/09/2019,2
18/09/2019,3
19/09/2019,2
20/09/2019,3
21/09/2019,3
22/09/2019,3
23/09/2019,1
24/09/2019,1
25/09/2019,1
26/09/2019,1
27/09/2019,1
28/09/2019,1
29/09/2019,1
30/09/2019,0
01/10/2019,1
02/10/2019,1
03/10/2019,0
04/10/2019,0
05/10/2019,1
06/10/2019,1
07/10/2019,1
08/10/2019,0
09/10/2019,0
10/10/2019,0
11/10/2019,1
12/10/2019,1
13/10/2019,1
14/10/2019,1
15/10/2019,1
16/10/2019,1
17/10/2019,1
18/10/2019,1
19/10/2019,0
20/10/2019,0
21/10/2019,0
22/10/2019,0
23/10/2019,0
24/10/2019,0
25/10/2019,1
26/10/2019,0
27/10/2019,1
28/10/2019,0
29/10/2019,1
30/10/2019,1
31/10/2019,1
01/11/2019,1
02/11/2019,0
03/11/2019,0
04/11/2019,0
05/11/2019,0
06/11/2019,1
07/11/2019,1
08/11/2019,1
09/11/2019,1
10/11/2019,0
11/11/2019,1
12/11/2019,0
13/11/2019,1
14/11/2019,1
15/11/2019,0
16/11/2019,1
17/11/2019,1
18/11/2019,2
19/11/2019,1
20/11/2019,1
21/11/2019,1
22/11/2019,1
23/11/2019,1
24/11/2019,1
25/11/2019,1
26/11/2019,1
27/11/2019,1
28/11/2019,1
29/11/2019,1
30/11/2019,1
01/12/2019,1
02/12/2019,2
03/12/2019,3
04/12/2019,3
05/12/2019,3
06/12/2019,3
07/12/2019,3
08/12/2019,3
09/12/2019,2
10/12/2019,2
11/12/2019,1
12/12/2019,3
13/12/2019,2
14/12/2019,1
15/12/2019,1
16/12/2019,1
17/12/2019,1
18/12/2019,2
19/12/2019,2
20/12/2019,3
21/12/2019,3
22/12/2019,3
23/12/2019,4
24/12/2019,4
25/12/2019,3
26/12/2019,3
27/12/2019,4
28/12/2019,5
29/12/2019,5
30/12/2019,3
31/12/2019,4
01/01/2020,4
02/01/2020,4
03/01/2020,4
04/01/2020,3
05/01/2020,4
06/01/2020,4
07/01/2020,4
08/01/2020,5
09/01/2020,4
10/01/2020,3
11/01/2020,3
12/01/2020,4
13/01/2020,4
14/01/2020,4
15/01/2020,4
16/01/2020,3
17/01/2020,4
18/01/2020,4
19/01/2020,5
20/01/2020,6
21/01/2020,4
22/01/2020,4
23/01/2020,4
24/01/2020,5
25/01/2020,4
26/01/2020,4
27/01/2020,4
28/01/2020,3
29/01/2020,3
30/01/2020,4
31/01/2020,6
01/02/2020,6
02/02/2020,5
03/02/2020,4
04/02/2020,4
05/02/2020,4
06/02/2020,5
07/02/2020,4
08/02/2020,3
09/02/2020,2
10/02/2020,3
11/02/2020,4
12/02/2020,4
13/02/2020,4
14/02/2020,4
15/02/2020,3
16/02/2020,3
17/02/2020,3
18/02/2020,4
19/02/2020,5
20/02/2020,4
21/02/2020,5
22/02/2020,5
23/02/2020,5
24/02/2020,5
25/02/2020,5
26/02/2020,4
27/02/2020,4
28/02/2020,5
29/02/2020,4
01/03/2020,4
02/03/2020,4
03/03/2020,4
04/03/2020,4
05/03/2020,2
06/03/2020,3
07/03/2020,3
08/03/2020,2
09/03/2020,3
10/03/2020,4
11/03/2020,4
12/03/2020,4
13/03/2020,4
14/03/2020,4
15/03/2020,5
16/03/2020,5
17/03/2020,5
18/03/2020,4
19/03/2020,4
20/03/2020,4
21/03/2020,3
22/03/2020,3
23/03/2020,1
24/03/2020,3
25/03/2020,4
26/03/2020,4
27/03/2020,3
28/03/2020,3
29/03/2020,4
30/03/2020,4
31/03/2020,3
01/04/2020,3
02/04/2020,4
03/04/2020,3
04/04/2020,3
05/04/2020,3
06/04/2020,2
07/04/2020,2
08/04/2020,3
09/04/2020,3
10/04/2020,3
11/04/2020,2
12/04/2020,3
13/04/2020,4
14/04/2020,3
15/04/2020,4
16/04/2020,4
17/04/2020,2
18/04/2020,3
19/04/2020,4
20/04/2020,4
21/04/2020,2
22/04/2020,2
23/04/2020,1
24/04/2020,1
25/04/2020,2
26/04/2020,1
27/04/2020,2
28/04/2020,2
29/04/2020,1
30/04/2020,1
01/05/2020,2
02/05/2020,1
03/05/2020,1
04/05/2020,1
05/05/2020,1
06/05/2020,2
07/05/2020,2
08/05/2020,3
09/05/2020,3
10/05/2020,3
11/05/2020,2
12/05/2020,2
13/05/2020,2
14/05/2020,2
15/05/2020,2
16/05/2020,2
17/05/2020,2
18/05/2020,2
19/05/2020,2
20/05/2020,2
21/05/2020,1
22/05/2020,2
23/05/2020,1
24/05/2020,2
25/05/2020,2
26/05/2020,1
27/05/2020,1
28/05/2020,2
29/05/2020,1
30/05/2020,2
31/05/2020,1
01/06/2020,2
02/06/2020,1
03/06/2020,2
04/06/2020,3
05/06/2020,3
06/06/2020,1
07/06/2020,1
08/06/2020,1
09/06/2020,3
10/06/2020,3
11/06/2020,2
12/06/2020,1
13/06/2020,1
14/06/2020,3
15/06/2020,2
16/06/2020,1
17/06/2020,1
18/06/2020,1
19/06/2020,2
20/06/2020,2
21/06/2020,2
22/06/2020,2
23/06/2020,2
24/06/2020,2
25/06/2020,2
26/06/2020,3
27/06/2020,2
28/06/2020,3
29/06/2020,3
30/06/2020,3
01/07/2020,2
02/07/2020,3
03/07/2020,3
04/07/2020,2
05/07/2020,1
06/07/2020,3
07/07/2020,2
08/07/2020,2
09/07/2020,3
10/07/2020,1
11/07/2020,2
12/07/2020,2
13/07/2020,2
14/07/2020,2
15/07/2020,2
16/07/2020,2
17/07/2020,2
18/07/2020,1
19/07/2020,2
20/07/2020,2
21/07/2020,2
22/07/2020,2
23/07/2020,1
24/07/2020,2
25/07/2020,2
26/07/2020,3
27/07/2020,2
28/07/2020,2
29/07/2020,1
30/07/2020,3
31/07/2020,3
01/08/2020,3
02/08/2020,4
03/08/2020,3
04/08/2020,2
05/08/2020,3
06/08/2020,2
07/08/2020,3
08/08/2020,3
09/08/2020,3
10/08/2020,4
11/08/2020,3
12/08/2020,1
13/08/2020,2
14/08/2020,1
15/08/2020,1
16/08/2020,2
17/08/2020,1
18/08/2020,2
19/08/2020,2
20/08/2020,2
21/08/2020,3
22/08/2020,2
23/08/2020,1
24/08/2020,2
25/08/2020,2
26/08/2020,2
27/08/2020,2
28/08/2020,2
29/08/2020,2
30/08/2020,3
31/08/2020,3
01/09/2020,2
02/09/2020,1
03/09/2020,2
04/09/2020,2
05/09/2020,2
06/09/2020,2
07/09/2020,2
08/09/2020,2
09/09/2020,1
10/09/2020,2
11/09/2020,2
12/09/2020,1
13/09/2020,2
14/09/2020,1
15/09/2020,3
16/09/2020,2
17/09/2020,2
18/09/2020,3
19/09/2020,2
20/09/2020,3
21/09/2020,1
22/09/2020,2
23/09/2020,2
24/09/2020,2
25/09/2020,2
26/09/2020,2
27/09/2020,2
28/09/2020,2
29/09/2020,2
30/09/2020,2
01/10/2020,2
02/10/2020,3
03/10/2020,3
04/10/2020,2
05/10/2020,1
06/10/2020,3
07/10/2020,2
08/10/2020,3
09/10/2020,2
10/10/2020,3
11/10/2020,3
12/10/2020,3
13/10/2020,2
14/10/2020,3
15/10/2020,2
16/10/2020,2
17/10/2020,3
18/10/2020,2
19/10/2020,2
20/10/2020,1
21/10/2020,2
22/10/2020,4
23/10/2020,1
24/10/2020,2
25/10/2020,3
26/10/2020,1
27/10/2020,2
28/10/2020,1
29/10/2020,2
30/10/2020,1
31/10/2020,2
01/11/2020,3
02/11/2020,2
03/11/2020,2
04/11/2020,1
05/11/2020,1
06/11/2020,2
07/11/2020,1
08/11/2020,2
09/11/2020,2
10/11/2020,1
11/11/2020,2
12/11/2020,3
13/11/2020,3
14/11/2020,3
15/11/2020,2
16/11/2020,3
17/11/2020,1
18/11/2020,2
19/11/2020,2
20/11/2020,2
21/11/2020,2
22/11/2020,2
23/11/2020,2
24/11/2020,2
25/11/2020,2
26/11/2020,1
27/11/2020,2
28/11/2020,1
29/11/2020,2
30/11/2020,1
01/12/2020,2
02/12/2020,2
03/12/2020,3
04/12/2020,3
05/12/2020,4
06/12/2020,4
07/12/2020,3
08/12/2020,3
09/12/2020,3
10/12/2020,2
11/12/2020,2
12/12/2020,2
13/12/2020,2
14/12/2020,2
15/12/2020,2
16/12/2020,1
17/12/2020,2
18/12/2020,2
19/12/2020,2
20/12/2020,3
21/12/2020,2
22/12/2020,3
23/12/2020,3
24/12/2020,1
25/12/2020,4
26/12/2020,3
27/12/2020,4
28/12/2020,4
29/12/2020,2
30/12/2020,4
31/12/2020,4
01/01/2021,3
02/01/2021,2
03/01/2021,2
04/01/2021,2
05/01/2021,3
06/01/2021,3
07/01/2021,2
08/01/2021,2
09/01/2021,3
10/01/2021,4
11/01/2021,4
12/01/2021,6
13/01/2021,4
14/01/2021,3
15/01/2021,4
16/01/2021,5
17/01/2021,6
18/01/2021,6
19/01/2021,4
20/01/2021,3
21/01/2021,4
22/01/2021,4
23/01/2021,4
24/01/2021,4
25/01/2021,4
26/01/2021,4
27/01/2021,3
28/01/2021,4
29/01/2021,4
30/01/2021,5
31/01/2021,4
01/02/2021,4
02/02/2021,4
03/02/2021,5
04/02/2021,4
05/02/2021,5
06/02/2021,5
07/02/2021,4
08/02/2021,5
09/02/2021,4
10/02/2021,4
11/02/2021,5
12/02/2021,5
13/02/2021,5
14/02/2021,6
15/02/2021,5
16/02/2021,5
17/02/2021,5
18/02/2021,6
19/02/2021,6
20/02/2021,6
21/02/2021,5
22/02/2021,5
23/02/2021,5
24/02/2021,4
25/02/2021,4
26/02/2021,3
27/02/2021,3
28/02/2021,4
01/03/2021,4
02/03/2021,4
03/03/2021,4
04/03/2021,5
05/03/2021,5
06/03/2021,6
07/03/2021,2
08/03/2021,4
09/03/2021,5
10/03/2021,4
11/03/2021,5
12/03/2021,3
13/03/2021,4
14/03/2021,5
15/03/2021,5
16/03/2021,4
17/03/2021,4
18/03/2021,4
19/03/2021,4
20/03/2021,4
21/03/2021,4
22/03/2021,5
23/03/2021,4
24/03/2021,1
25/03/2021,2
26/03/2021,4
27/03/2021,1
28/03/2021,2
29/03/2021,1
30/03/2021,2
31/03/2021,2
01/04/2021,2
02/04/2021,3
03/04/2021,2
04/04/2021,1
05/04/2021,1
06/04/2021,4
07/04/2021,3
08/04/2021,2
09/04/2021,3
10/04/2021,3
11/04/2021,3
12/04/2021,2
13/04/2021,2
14/04/2021,1
15/04/2021,1
16/04/2021,1
17/04/2021,2
18/04/2021,2
19/04/2021,1
20/04/2021,2
21/04/2021,2
22/04/2021,2
23/04/2021,2
24/04/2021,1
25/04/2021,2
26/04/2021,2
27/04/2021,1
28/04/2021,1
29/04/2021,2
30/04/2021,2
01/05/2021,3
02/05/2021,3
03/05/2021,2
04/05/2021,2
05/05/2021,2
06/05/2021,1
07/05/2021,2
08/05/2021,1
09/05/2021,1
10/05/2021,2
11/05/2021,2
12/05/2021,1
13/05/2021,2
14/05/2021,1
15/05/2021,1
16/05/2021,2
17/05/2021,1
18/05/2021,2
19/05/2021,1
20/05/2021,2
21/05/2021,2
22/05/2021,3
23/05/2021,2
24/05/2021,3
25/05/2021,3
26/05/2021,2
27/05/2021,2
28/05/2021,1
29/05/2021,1
30/05/2021,1
31/05/2021,2
01/06/2021,2
02/06/2021,2
03/06/2021,2
04/06/2021,2
05/06/2021,2
06/06/2021,3
07/06/2021,2
08/06/2021,2
09/06/2021,1
10/06/2021,2
11/06/2021,2
12/06/2021,3
13/06/2021,2
14/06/2021,1
15/06/2021,2
16/06/2021,2
17/06/2021,2
18/06/2021,1
19/06/2021,1
20/06/2021,2
21/06/2021,2
22/06/2021,2
23/06/2021,1
24/06/2021,1
25/06/2021,1
26/06/2021,2
27/06/2021,1
28/06/2021,1
29/06/2021,2
30/06/2021,2
01/07/2021,3
02/07/2021,1
03/07/2021,2
04/07/2021,1
05/07/2021,2
06/07/2021,2
07/07/2021,2
08/07/2021,2
09/07/2021,2
10/07/2021,1
11/07/2021,2
12/07/2021,3
13/07/2021,4
14/07/2021,1
15/07/2021,2
16/07/2021,3
17/07/2021,3
18/07/2021,3
19/07/2021,2
20/07/2021,2
21/07/2021,4
22/07/2021,3
23/07/2021,3
24/07/2021,4
25/07/2021,4
26/07/2021,3
27/07/2021,4
28/07/2021,4
29/07/2021,4
30/07/2021,4
31/07/2021,2
01/08/2021,2
02/08/2021,3
03/08/2021,2
04/08/2021,2
05/08/2021,3
06/08/2021,3
07/08/2021,2
08/08/2021,2
09/08/2021,1
10/08/2021,2
11/08/2021,2
12/08/2021,2
13/08/2021,2
14/08/2021,2
15/08/2021,2
16/08/2021,2
17/08/2021,2
18/08/2021,2
19/08/2021,3
20/08/2021,1
21/08/2021,3
22/08/2021,2
23/08/2021,2
24/08/2021,1
25/08/2021,2
26/08/2021,1
27/08/2021,3
28/08/2021,3
29/08/2021,2
30/08/2021,2
31/08/2021,2
01/09/2021,4
02/09/2021,2
03/09/2021,2
04/09/2021,3
05/09/2021,2
06/09/2021,2
07/09/2021,4
08/09/2021,4
09/09/2021,3
10/09/2021,2
11/09/2021,2
12/09/2021,2
13/09/2021,2
14/09/2021,1
15/09/2021,3
16/09/2021,3
17/09/2021,2
18/09/2021,2
19/09/2021,3
20/09/2021,3
21/09/2021,3
22/09/2021,3
23/09/2021,2
24/09/2021,2
25/09/2021,1
26/09/2021,3
27/09/2021,1
28/09/2021,1
29/09/2021,2
30/09/2021,3
01/10/2021,3
02/10/2021,1
03/10/2021,2
04/10/2021,2
05/10/2021,2
06/10/2021,3
07/10/2021,3
08/10/2021,3
09/10/2021,3
10/10/2021,2
11/10/2021,2
12/10/2021,3
13/10/2021,3
14/10/2021,3
15/10/2021,3
16/10/2021,2
17/10/2021,2
18/10/2021,1
19/10/2021,2
20/10/2021,2
21/10/2021,2
22/10/2021,1
23/10/2021,1
24/10/2021,1
25/10/2021,1
26/10/2021,1
27/10/2021,2
28/10/2021,2
29/10/2021,2
30/10/2021,2
31/10/2021,1
01/11/2021,1
02/11/2021,2
03/11/2021,1
04/11/2021,1
05/11/2021,2
06/11/2021,1
07/11/2021,2
08/11/2021,1
09/11/2021,2
10/11/2021,3
11/11/2021,3
12/11/2021,2
13/11/2021,2
14/11/2021,1
15/11/2021,2
16/11/2021,2
17/11/2021,2
18/11/2021,2
19/11/2021,2
20/11/2021,1
21/11/2021,2
22/11/2021,1
23/11/2021,2
24/11/2021,1
25/11/2021,2
26/11/2021,2
27/11/2021,1
28/11/2021,2
29/11/2021,3
30/11/2021,2
01/12/2021,3
02/12/2021,1
03/12/2021,3
04/12/2021,4
05/12/2021,3
06/12/2021,4
07/12/2021,4
08/12/2021,5
09/12/2021,4
10/12/2021,3
11/12/2021,3
12/12/2021,3
13/12/2021,4
14/12/2021,3
15/12/2021,2
16/12/2021,3
17/12/2021,3
18/12/2021,2
19/12/2021,3
20/12/2021,2
21/12/2021,4
22/12/2021,2
23/12/2021,1
24/12/2021,3
25/12/2021,4
26/12/2021,4
27/12/2021,4
28/12/2021,4
29/12/2021,3
30/12/2021,3
31/12/2021,3
01/01/2022,2
02/01/2022,2
03/01/2022,2
04/01/2022,3
05/01/2022,3
06/01/2022,4
07/01/2022,4
08/01/2022,4
09/01/2022,5
10/01/2022,4
11/01/2022,4
12/01/2022,5
13/01/2022,4
14/01/2022,4
15/01/2022,5
16/01/2022,5
17/01/2022,5
18/01/2022,4
19/01/2022,4
20/01/2022,4
21/01/2022,5
22/01/2022,4
23/01/2022,4
24/01/2022,4
25/01/2022,4
26/01/2022,3
27/01/2022,3
28/01/2022,4
29/01/2022,4
30/01/2022,4
31/01/2022,4
01/02/2022,5
02/02/2022,4
03/02/2022,6
04/02/2022,6
05/02/2022,5
06/02/2022,2
07/02/2022,3
08/02/2022,2
09/02/2022,2
10/02/2022,2
11/02/2022,2
12/02/2022,4
13/02/2022,4
14/02/2022,4
15/02/2022,3
16/02/2022,2
17/02/2022,4
18/02/2022,4
19/02/2022,2
20/02/2022,3
21/02/2022,4
22/02/2022,4
23/02/2022,3
24/02/2022,2
25/02/2022,2
26/02/2022,3
27/02/2022,5
28/02/2022,5
01/03/2022,3
02/03/2022,4
03/03/2022,2
04/03/2022,3
05/03/2022,2
06/03/2022,2
07/03/2022,4
08/03/2022,3
09/03/2022,4
10/03/2022,4
11/03/2022,4
12/03/2022,3
13/03/2022,4
14/03/2022,3
15/03/2022,2
16/03/2022,2
17/03/2022,2
18/03/2022,2
19/03/2022,3
20/03/2022,2
21/03/2022,1
22/03/2022,2
23/03/2022,2
24/03/2022,4
25/03/2022,4
26/03/2022,2
27/03/2022,2
28/03/2022,3
29/03/2022,3
30/03/2022,3
31/03/2022,2
01/04/2022,2
02/04/2022,1
03/04/2022,2
04/04/2022,2
05/04/2022,2
06/04/2022,2
07/04/2022,1
08/04/2022,3
09/04/2022,1
10/04/2022,1
11/04/2022,1
12/04/2022,1
13/04/2022,2
14/04/2022,2
15/04/2022,2
16/04/2022,2
17/04/2022,3
18/04/2022,2
19/04/2022,2
20/04/2022,2
21/04/2022,1
22/04/2022,4
23/04/2022,2
24/04/2022,2
25/04/2022,1
26/04/2022,1
27/04/2022,2
28/04/2022,2
29/04/2022,2
30/04/2022,2
01/05/2022,2
02/05/2022,4
03/05/2022,2
04/05/2022,2
05/05/2022,2
06/05/2022,2
07/05/2022,2
08/05/2022,3
09/05/2022,4
10/05/2022,3
11/05/2022,1
12/05/2022,3
13/05/2022,3
14/05/2022,2
15/05/2022,2
16/05/2022,2
17/05/2022,2
18/05/2022,2
19/05/2022,1
20/05/2022,1
21/05/2022,2
22/05/2022,2
23/05/2022,2
24/05/2022,2
25/05/2022,2
26/05/2022,2
27/05/2022,2
28/05/2022,2
29/05/2022,2
30/05/2022,2
31/05/2022,1
01/06/2022,1
02/06/2022,2
03/06/2022,1
04/06/2022,2
05/06/2022,2
06/06/2022,2
07/06/2022,1
08/06/2022,2
09/06/2022,2
10/06/2022,2
11/06/2022,2
12/06/2022,2
13/06/2022,1
14/06/2022,2
15/06/2022,2
16/06/2022,2
17/06/2022,1
18/06/2022,1
19/06/2022,1
20/06/2022,2
21/06/2022,2
22/06/2022,2
23/06/2022,2
24/06/2022,2
25/06/2022,2
26/06/2022,2
27/06/2022,2
28/06/2022,2
29/06/2022,4
30/06/2022,3
01/07/2022,2
02/07/2022,2
03/07/2022,2
04/07/2022,2
05/07/2022,2
06/07/2022,2
07/07/2022,3
08/07/2022,3
09/07/2022,2
10/07/2022,2
11/07/2022,2
12/07/2022,2
13/07/2022,2
14/07/2022,2
15/07/2022,3
16/07/2022,4
17/07/2022,3
18/07/2022,3
19/07/2022,4
20/07/2022,2
21/07/2022,2
22/07/2022,2
23/07/2022,1
24/07/2022,2
25/07/2022,2
26/07/2022,2
27/07/2022,3
28/07/2022,3
29/07/2022,3
30/07/2022,4
31/07/2022,3
01/08/2022,2
02/08/2022,2
03/08/2022,3
04/08/2022,2
05/08/2022,2
06/08/2022,3
07/08/2022,3
08/08/2022,3
09/08/2022,3
10/08/2022,3
11/08/2022,3
12/08/2022,2
13/08/2022,2
14/08/2022,2
15/08/2022,2
16/08/2022,1
17/08/2022,3
18/08/2022,4
19/08/2022,2
20/08/2022,2
21/08/2022,3
22/08/2022,3
23/08/2022,2
24/08/2022,3
25/08/2022,3
26/08/2022,1
27/08/2022,2
28/08/2022,1
29/08/2022,1
30/08/2022,2
31/08/2022,2
01/09/2022,1
02/09/2022,2
03/09/2022,3
04/09/2022,2
05/09/2022,2
06/09/2022,2
07/09/2022,2
08/09/2022,1
09/09/2022,1
10/09/2022,3
11/09/2022,1
12/09/2022,1
13/09/2022,2
14/09/2022,3
15/09/2022,1
16/09/2022,2
17/09/2022,2
18/09/2022,2
19/09/2022,2
20/09/2022,1
21/09/2022,2
22/09/2022,2
23/09/2022,2
24/09/2022,2
25/09/2022,2
26/09/2022,2
27/09/2022,2
28/09/2022,2
29/09/2022,1
30/09/2022,1
01/10/2022,2
02/10/2022,2
03/10/2022,1
04/10/2022,2
05/10/2022,2
06/10/2022,2
07/10/2022,2
08/10/2022,2
09/10/2022,3
10/10/2022,2
11/10/2022,2
12/10/2022,2
13/10/2022,2
14/10/2022,2
15/10/2022,3
16/10/2022,2
17/10/2022,1
18/10/2022,2
19/10/2022,2
20/10/2022,2
21/10/2022,1
22/10/2022,2
23/10/2022,2
24/10/2022,2
25/10/2022,2
26/10/2022,2
27/10/2022,3
28/10/2022,2
29/10/2022,2
30/10/2022,3
31/10/2022,2
01/11/2022,2
02/11/2022,1
03/11/2022,2
04/11/2022,2
05/11/2022,1
06/11/2022,2
07/11/2022,2
08/11/2022,2
09/11/2022,2
10/11/2022,2
11/11/2022,2
12/11/2022,1
13/11/2022,2
14/11/2022,2
15/11/2022,2
16/11/2022,3
17/11/2022,2
18/11/2022,3
19/11/2022,2
20/11/2022,3
21/11/2022,2
22/11/2022,3
23/11/2022,2
24/11/2022,3
25/11/2022,2
26/11/2022,2
27/11/2022,1
28/11/2022,3
29/11/2022,1
30/11/2022,2
01/12/2022,2
02/12/2022,2
03/12/2022,2
04/12/2022,1
05/12/2022,2
06/12/2022,2
07/12/2022,2
08/12/2022,2
09/12/2022,2
10/12/2022,2
11/12/2022,2
12/12/2022,2
13/12/2022,3
14/12/2022,3
15/12/2022,3
16/12/2022,3
17/12/2022,3
18/12/2022,2
19/12/2022,3
20/12/2022,3
21/12/2022,3
22/12/2022,4
23/12/2022,3
24/12/2022,5
25/12/2022,4
26/12/2022,5
27/12/2022,3
28/12/2022,3
29/12/2022,3
30/12/2022,3
31/12/2022,4
01/01/2023,3
02/01/2023,3
03/01/2023,3
04/01/2023,3
05/01/2023,2
06/01/2023,2
07/01/2023,2
08/01/2023,3
09/01/2023,2
10/01/2023,2
11/01/2023,1
12/01/2023,2
13/01/2023,2
14/01/2023,2
15/01/2023,2
16/01/2023,4
17/01/2023,4
18/01/2023,4
19/01/2023,3
20/01/2023,3
21/01/2023,4
22/01/2023,4
23/01/2023,2
24/01/2023,2
25/01/2023,3
26/01/2023,3
27/01/2023,4
28/01/2023,4
29/01/2023,5
30/01/2023,5
31/01/2023,3
01/02/2023,4
02/02/2023,2
03/02/2023,3
04/02/2023,2
05/02/2023,2
06/02/2023,2
07/02/2023,4
08/02/2023,4
09/02/2023,3
10/02/2023,3
11/02/2023,3
12/02/2023,2
13/02/2023,3
14/02/2023,3
15/02/2023,4
16/02/2023,4
17/02/2023,5
18/02/2023,5
19/02/2023,5
20/02/2023,4
21/02/2023,5
22/02/2023,5
23/02/2023,4
24/02/2023,4
25/02/2023,5
26/02/2023,5
27/02/2023,5
28/02/2023,3
01/03/2023,2
02/03/2023,3
03/03/2023,2
04/03/2023,3
05/03/2023,3
06/03/2023,4
07/03/2023,4
08/03/2023,5
09/03/2023,5
10/03/2023,6
11/03/2023,5
12/03/2023,5
13/03/2023,5
14/03/2023,5
15/03/2023,5
16/03/2023,5
17/03/2023,6
18/03/2023,5
19/03/2023,4
20/03/2023,5
21/03/2023,3
22/03/2023,3
23/03/2023,3
24/03/2023,3
25/03/2023,2
26/03/2023,2
27/03/2023,2
28/03/2023,3
29/03/2023,4
30/03/2023,3
31/03/2023,3
01/04/2023,2
02/04/2023,2
03/04/2023,2
04/04/2023,2
05/04/2023,2
06/04/2023,2
07/04/2023,2
08/04/2023,3
09/04/2023,4
10/04/2023,3
11/04/2023,3
12/04/2023,2
13/04/2023,2
14/04/2023,3
15/04/2023,2
16/04/2023,3
17/04/2023,2
18/04/2023,3
19/04/2023,2
20/04/2023,2
21/04/2023,2
22/04/2023,2
23/04/2023,2
24/04/2023,3
25/04/2023,2
26/04/2023,2
27/04/2023,2
28/04/2023,2
29/04/2023,2
30/04/2023,2
01/05/2023,3
02/05/2023,3
03/05/2023,2
04/05/2023,2
05/05/2023,2
06/05/2023,3
07/05/2023,3
08/05/2023,3
09/05/2023,3
10/05/2023,3
11/05/2023,3
12/05/2023,2
13/05/2023,2
14/05/2023,2
15/05/2023,2
16/05/2023,2
17/05/2023,1
18/05/2023,2
19/05/2023,2
20/05/2023,3
21/05/2023,1
22/05/2023,2
23/05/2023,2
24/05/2023,3
25/05/2023,3
26/05/2023,2
27/05/2023,2
28/05/2023,3
29/05/2023,3
30/05/2023,3
31/05/2023,3
01/06/2023,3
02/06/2023,2
03/06/2023,1
04/06/2023,2
05/06/2023,2
06/06/2023,2
07/06/2023,2
08/06/2023,3
09/06/2023,3
10/06/2023,2
11/06/2023,2
12/06/2023,3
13/06/2023,2
14/06/2023,2
15/06/2023,2
16/06/2023,3
17/06/2023,3
18/06/2023,2
19/06/2023,2
20/06/2023,2
21/06/2023,3
22/06/2023,3
23/06/2023,2
24/06/2023,2
25/06/2023,2
26/06/2023,2
27/06/2023,2
28/06/2023,2
29/06/2023,3
30/06/2023,2
01/07/2023,3
02/07/2023,2
03/07/2023,2
04/07/2023,2
05/07/2023,2
06/07/2023,1
07/07/2023,2
08/07/2023,3
09/07/2023,1
10/07/2023,2
11/07/2023,2
12/07/2023,2
13/07/2023,2
14/07/2023,1
15/07/2023,2
16/07/2023,3
17/07/2023,3
18/07/2023,2
19/07/2023,2
20/07/2023,2
21/07/2023,3
22/07/2023,4
23/07/2023,2
24/07/2023,3
25/07/2023,3
26/07/2023,4
27/07/2023,4
28/07/2023,4
29/07/2023,5
30/07/2023,6
31/07/2023,4
01/08/2023,3
02/08/2023,4
03/08/2023,2
04/08/2023,3
05/08/2023,4
06/08/2023,3
07/08/2023,3
08/08/2023,4
09/08/2023,4
10/08/2023,3
11/08/2023,4
12/08/2023,4
13/08/2023,4
14/08/2023,3
15/08/2023,2
16/08/2023,3
17/08/2023,2
18/08/2023,2
19/08/2023,2
20/08/2023,3
21/08/2023,2
22/08/2023,4
23/08/2023,4
24/08/2023,2
25/08/2023,2
26/08/2023,2
27/08/2023,2
28/08/2023,3
29/08/2023,3
30/08/2023,2
31/08/2023,4
01/09/2023,3
02/09/2023,3
03/09/2023,5
04/09/2023,4
05/09/2023,4
06/09/2023,2
07/09/2023,2
08/09/2023,3
09/09/2023,1
10/09/2023,1
11/09/2023,3
12/09/2023,3
13/09/2023,3
14/09/2023,3
15/09/2023,4
16/09/2023,4
17/09/2023,2
18/09/2023,3
19/09/2023,2
20/09/2023,2
21/09/2023,2
22/09/2023,2
23/09/2023,2
24/09/2023,2
25/09/2023,2
26/09/2023,3
27/09/2023,4
28/09/2023,3
29/09/2023,2
30/09/2023,1
01/10/2023,2
02/10/2023,3
03/10/2023,2
04/10/2023,2
05/10/2023,2
06/10/2023,3
07/10/2023,2
08/10/2023,3
09/10/2023,2
10/10/2023,1
11/10/2023,2
12/10/2023,2
13/10/2023,2
14/10/2023,2
15/10/2023,3
16/10/2023,2
17/10/2023,2
18/10/2023,2
19/10/2023,3
20/10/2023,2
21/10/2023,2
22/10/2023,2
23/10/2023,2
24/10/2023,2
25/10/2023,1
26/10/2023,2
27/10/2023,2
28/10/2023,2
29/10/2023,1
30/10/2023,1
31/10/2023,2
01/11/2023,1
02/11/2023,2
03/11/2023,1
04/11/2023,1
05/11/2023,1
06/11/2023,2
07/11/2023,2
08/11/2023,1
09/11/2023,2
10/11/2023,2
11/11/2023,2
12/11/2023,2
13/11/2023,2
14/11/2023,2
15/11/2023,2
16/11/2023,2
17/11/2023,2
18/11/2023,4
19/11/2023,3
20/11/2023,3
21/11/2023,2
22/11/2023,2
23/11/2023,2
24/11/2023,3
25/11/2023,1
26/11/2023,2
27/11/2023,1
28/11/2023,2
29/11/2023,2
30/11/2023,2
01/12/2023,2
02/12/2023,2
03/12/2023,1
04/12/2023,1
05/12/2023,2
06/12/2023,2
07/12/2023,3
08/12/2023,3
09/12/2023,2
10/12/2023,2
11/12/2023,3
12/12/2023,2
13/12/2023,3
14/12/2023,2
15/12/2023,3
16/12/2023,3
17/12/2023,4
18/12/2023,3
19/12/2023,2
20/12/2023,3
21/12/2023,4
22/12/2023,5
23/12/2023,2
24/12/2023,4
25/12/2023,3
26/12/2023,4
27/12/2023,3
28/12/2023,2
29/12/2023,4
30/12/2023,3
31/12/2023,2
01/01/2024,2
02/01/2024,3
03/01/2024,3
04/01/2024,3
05/01/2024,5
06/01/2024,3
07/01/2024,2
08/01/2024,3
09/01/2024,3
10/01/2024,3
11/01/2024,4
12/01/2024,2
13/01/2024,2
14/01/2024,3
15/01/2024,4
16/01/2024,3
17/01/2024,4
18/01/2024,4
19/01/2024,3
20/01/2024,2
21/01/2024,3
22/01/2024,3
23/01/2024,3
24/01/2024,4
25/01/2024,4
26/01/2024,6
27/01/2024,5
28/01/2024,6
29/01/2024,5
30/01/2024,5
31/01/2024,4
01/02/2024,4
02/02/2024,5
03/02/2024,4
04/02/2024,4
05/02/2024,4
06/02/2024,4
07/02/2024,3
08/02/2024,4
09/02/2024,5
10/02/2024,4
11/02/2024,5
12/02/2024,5
13/02/2024,6
14/02/2024,5
15/02/2024,4
16/02/2024,4
17/02/2024,5
18/02/2024,5
19/02/2024,5
20/02/2024,4
21/02/2024,4
22/02/2024,4
23/02/2024,5
24/02/2024,5
25/02/2024,5
26/02/2024,6
27/02/2024,4
28/02/2024,5
29/02/2024,5
01/03/2024,4
02/03/2024,4
03/03/2024,3
04/03/2024,4
05/03/2024,2
06/03/2024,2
07/03/2024,3
08/03/2024,2
09/03/2024,4
10/03/2024,4
11/03/2024,3
12/03/2024,4
13/03/2024,4
14/03/2024,4
15/03/2024,4
16/03/2024,5
17/03/2024,5
18/03/2024,4
19/03/2024,6
20/03/2024,6
21/03/2024,5
22/03/2024,5
23/03/2024,4
24/03/2024,5
25/03/2024,4
26/03/2024,5
27/03/2024,4
28/03/2024,4
29/03/2024,3
30/03/2024,2
31/03/2024,2
01/04/2024,3
02/04/2024,2
03/04/2024,2
04/04/2024,2
05/04/2024,4
06/04/2024,4
07/04/2024,4
08/04/2024,2
09/04/2024,4
10/04/2024,3
11/04/2024,4
12/04/2024,2
13/04/2024,3
14/04/2024,2
15/04/2024,2
16/04/2024,2
17/04/2024,2
18/04/2024,1
19/04/2024,2
20/04/2024,2
21/04/2024,2
22/04/2024,2
23/04/2024,1
24/04/2024,2
25/04/2024,2
26/04/2024,2
27/04/2024,2
28/04/2024,2
29/04/2024,2
30/04/2024,2
01/05/2024,2
02/05/2024,2
03/05/2024,2
04/05/2024,2
05/05/2024,2
06/05/2024,2
07/05/2024,2
08/05/2024,1
09/05/2024,2
10/05/2024,2
11/05/2024,2
12/05/2024,2
13/05/2024,1
14/05/2024,2
15/05/2024,2
16/05/2024,2
17/05/2024,2
18/05/2024,2
19/05/2024,3
20/05/2024,2
21/05/2024,1
22/05/2024,1
23/05/2024,2
24/05/2024,1
25/05/2024,2
26/05/2024,2
27/05/2024,2
28/05/2024,2
29/05/2024,2
30/05/2024,2
31/05/2024,2
01/06/2024,2
02/06/2024,1
03/06/2024,2
04/06/2024,2
05/06/2024,2
06/06/2024,2
07/06/2024,1
08/06/2024,2
09/06/2024,3
10/06/2024,2
11/06/2024,2
12/06/2024,2
13/06/2024,2
14/06/2024,3
15/06/2024,2
16/06/2024,2
17/06/2024,2
18/06/2024,2
19/06/2024,2
20/06/2024,3
21/06/2024,3
22/06/2024,3
23/06/2024,3
24/06/2024,3
25/06/2024,3
26/06/2024,2
27/06/2024,2
28/06/2024,2
29/06/2024,2
30/06/2024,2
01/07/2024,1
02/07/2024,2
03/07/2024,4
04/07/2024,3
05/07/2024,2
06/07/2024,2
07/07/2024,2
08/07/2024,2
09/07/2024,3
10/07/2024,2
11/07/2024,4
12/07/2024,2
13/07/2024,3
14/07/2024,3
15/07/2024,3
16/07/2024,3
17/07/2024,3
18/07/2024,4
19/07/2024,5
20/07/2024,4
21/07/2024,4
22/07/2024,4
23/07/2024,4
24/07/2024,4
25/07/2024,4
26/07/2024,4
27/07/2024,5
28/07/2024,5
29/07/2024,4
30/07/2024,4
31/07/2024,3
01/08/2024,2
02/08/2024,2
03/08/2024,3
04/08/2024,2
05/08/2024,3
06/08/2024,3
07/08/2024,3
08/08/2024,3
09/08/2024,2
10/08/2024,2
11/08/2024,3
12/08/2024,3
13/08/2024,4
14/08/2024,2
15/08/2024,3
16/08/2024,3
17/08/2024,3
18/08/2024,2
19/08/2024,2
20/08/2024,2
21/08/2024,2
22/08/2024,2
23/08/2024,2
24/08/2024,2
25/08/2024,2
26/08/2024,2
27/08/2024,3
28/08/2024,2
29/08/2024,2
30/08/2024,3
31/08/2024,3
01/09/2024,3
02/09/2024,4
03/09/2024,3
04/09/2024,2
05/09/2024,2
06/09/2024,4
07/09/2024,4
08/09/2024,2
09/09/2024,2
10/09/2024,3
11/09/2024,2
12/09/2024,4
13/09/2024,3
14/09/2024,2
15/09/2024,2
16/09/2024,3
17/09/2024,4
18/09/2024,3
19/09/2024,3
20/09/2024,3
21/09/2024,1
22/09/2024,2
23/09/2024,2
24/09/2024,1
25/09/2024,2
26/09/2024,2
27/09/2024,2
28/09/2024,2
29/09/2024,2
30/09/2024,2
01/10/2024,1
02/10/2024,2
03/10/2024,2
04/10/2024,2
05/10/2024,1
06/10/2024,2
07/10/2024,2
08/10/2024,2
09/10/2024,2
10/10/2024,1
11/10/2024,2
12/10/2024,1
13/10/2024,2
14/10/2024,1
15/10/2024,2
16/10/2024,2
17/10/2024,2
18/10/2024,1
19/10/2024,2
20/10/2024,2
21/10/2024,2
22/10/2024,2
23/10/2024,2
24/10/2024,1
25/10/2024,2
26/10/2024,2
27/10/2024,2
28/10/2024,2
29/10/2024,2
30/10/2024,1
31/10/2024,3
01/11/2024,2
02/11/2024,2
03/11/2024,1
04/11/2024,2
05/11/2024,1
06/11/2024,1
07/11/2024,2
08/11/2024,2
09/11/2024,1
10/11/2024,2
11/11/2024,2
12/11/2024,1
13/11/2024,1
14/11/2024,2
15/11/2024,2
16/11/2024,1
17/11/2024,2
18/11/2024,2
19/11/2024,1
20/11/2024,2
21/11/2024,1
22/11/2024,2
23/11/2024,2
24/11/2024,2
25/11/2024,2
26/11/2024,2
27/11/2024,2
28/11/2024,1
29/11/2024,2
30/11/2024,2
01/12/2024,3
02/12/2024,2
03/12/2024,1
04/12/2024,2
05/12/2024,3
06/12/2024,2
07/12/2024,2
08/12/2024,3
09/12/2024,3
10/12/2024,3
11/12/2024,3
12/12/2024,2
13/12/2024,1
14/12/2024,2
15/12/2024,3
16/12/2024,3
17/12/2024,3
18/12/2024,4
19/12/2024,4
20/12/2024,4
21/12/2024,4
22/12/2024,5
23/12/2024,4
24/12/2024,4
25/12/2024,3
26/12/2024,2
27/12/2024,4
28/12/2024,5
29/12/2024,5
30/12/2024,3
31/12/2024,3
01/01/2025,3
02/01/2025,4
03/01/2025,4
04/01/2025,4
05/01/2025,5
06/01/2025,5
07/01/2025,4
08/01/2025,5
09/01/2025,4
10/01/2025,4
11/01/2025,5
12/01/2025,5
13/01/2025,2
14/01/2025,4
15/01/2025,1
16/01/2025,5
17/01/2025,6
18/01/2025,5
19/01/2025,4
20/01/2025,4
21/01/2025,4
22/01/2025,3
23/01/2025,3
24/01/2025,2
25/01/2025,3
26/01/2025,3
27/01/2025,4
28/01/2025,7
29/01/2025,5
30/01/2025,5
31/01/2025,4
01/02/2025,5
02/02/2025,4
03/02/2025,4
04/02/2025,5
05/02/2025,3
06/02/2025,5
07/02/2025,5
08/02/2025,5
09/02/2025,5
10/02/2025,6
11/02/2025,6
12/02/2025,5
13/02/2025,5
14/02/2025,4
15/02/2025,4
16/02/2025,3
17/02/2025,4
18/02/2025,4
19/02/2025,4
20/02/2025,4
21/02/2025,5
22/02/2025,4
23/02/2025,2
24/02/2025,4
25/02/2025,5
26/02/2025,6
27/02/2025,5
28/02/2025,4
01/03/2025,5
02/03/2025,5
03/03/2025,4
04/03/2025,4
05/03/2025,2
06/03/2025,2
07/03/2025,3
08/03/2025,5
09/03/2025,3
10/03/2025,5
11/03/2025,4
12/03/2025,3
13/03/2025,3
14/03/2025,4
15/03/2025,3
16/03/2025,4
17/03/2025,4
18/03/2025,4
19/03/2025,3
20/03/2025,3
21/03/2025,4
22/03/2025,5
23/03/2025,4
24/03/2025,4
25/03/2025,4
26/03/2025,4
27/03/2025,3
28/03/2025,2
29/03/2025,3
30/03/2025,3
31/03/2025,2
01/04/2025,3
02/04/2025,3
03/04/2025,3
04/04/2025,3
05/04/2025,2
06/04/2025,3
07/04/2025,2
08/04/2025,2
09/04/2025,3
10/04/2025,2
11/04/2025,3
12/04/2025,2
13/04/2025,2
14/04/2025,3
15/04/2025,2
16/04/2025,3
17/04/2025,1
18/04/2025,2
19/04/2025,2
20/04/2025,1
21/04/2025,2
22/04/2025,2
23/04/2025,1
24/04/2025,1
25/04/2025,3
26/04/2025,2
27/04/2025,2
28/04/2025,3
29/04/2025,2
30/04/2025,3
01/05/2025,1
02/05/2025,2
03/05/2025,3
04/05/2025,2
05/05/2025,1
06/05/2025,2
07/05/2025,2
08/05/2025,1
09/05/2025,1
10/05/2025,2
11/05/2025,2
12/05/2025,1
13/05/2025,2
14/05/2025,1
15/05/2025,2
16/05/2025,2
17/05/2025,2
18/05/2025,1
19/05/2025,2
20/05/2025,2
21/05/2025,2
22/05/2025,1
23/05/2025,2
24/05/2025,2
25/05/2025,3
26/05/2025,2
27/05/2025,2
28/05/2025,3
29/05/2025,2
30/05/2025,2
31/05/2025,2
01/06/2025,3
02/06/2025,2
03/06/2025,2
04/06/2025,2
05/06/2025,3
06/06/2025,2
07/06/2025,3
08/06/2025,1
09/06/2025,2
10/06/2025,2
11/06/2025,1
12/06/2025,2
13/06/2025,3
14/06/2025,3
15/06/2025,2
16/06/2025,2
17/06/2025,2
18/06/2025,2
19/06/2025,2
20/06/2025,1
21/06/2025,3
22/06/2025,2
23/06/2025,2
24/06/2025,3
25/06/2025,3
26/06/2025,3
27/06/2025,3
28/06/2025,3
29/06/2025,2
30/06/2025,2
01/07/2025,3
02/07/2025,1
03/07/2025,2
04/07/2025,2
05/07/2025,3
06/07/2025,3
07/07/2025,3
08/07/2025,2
09/07/2025,3
10/07/2025,3
11/07/2025,3
12/07/2025,2
13/07/2025,2
14/07/2025,3
15/07/2025,3
16/07/2025,3
17/07/2025,2
18/07/2025,3
19/07/2025,3
20/07/2025,3
21/07/2025,3
22/07/2025,3
23/07/2025,3
24/07/2025,3
25/07/2025,3
26/07/2025,2
27/07/2025,3
28/07/2025,3
29/07/2025,4
30/07/2025,3
31/07/2025,3
01/08/2025,3
02/08/2025,3
03/08/2025,2
04/08/2025,3
05/08/2025,2
06/08/2025,3
07/08/2025,2
08/08/2025,2
09/08/2025,2
10/08/2025,2
11/08/2025,2
12/08/2025,4
13/08/2025,3
14/08/2025,2
15/08/2025,2
16/08/2025,2
17/08/2025,3
18/08/2025,2
19/08/2025,2
20/08/2025,2
21/08/2025,1
22/08/2025,3
23/08/2025,2
24/08/2025,3
25/08/2025,3
26/08/2025,3
27/08/2025,3
28/08/2025,2
29/08/2025,3
30/08/2025,2
31/08/2025,3
